customer_id,total_orders,avg_order_value,total_spending,ordering_frequency,avg_rating_given,weekend_orders,late_night_orders,cluster,cluster_name,dbscan_cluster
10001,15,522.8486666666666,7842.73,1.25,3.8,9.0,5.0,1,Frequent High-Value Customers,-1
10002,11,730.3690909090909,8034.0599999999995,0.9166666666666666,3.625,5.0,4.0,1,Frequent High-Value Customers,0
10003,5,675.226,3376.13,0.4166666666666667,4.666666666666667,1.0,0.0,0,Occasional Moderate-Value Customers,0
10004,13,622.0115384615384,8086.15,1.0833333333333333,3.5454545454545454,5.0,4.0,1,Frequent High-Value Customers,0
10005,11,506.16636363636366,5567.83,0.9166666666666666,3.1,3.0,5.0,1,Frequent High-Value Customers,0
10006,9,756.12,6805.08,0.75,3.111111111111111,3.0,1.0,0,Occasional Moderate-Value Customers,0
10007,7,931.1371428571429,6517.96,0.5833333333333334,3.7142857142857144,0.0,0.0,0,Occasional Moderate-Value Customers,0
10008,9,576.2,5185.8,0.75,3.857142857142857,5.0,1.0,0,Occasional Moderate-Value Customers,0
10009,4,650.83,2603.32,0.3333333333333333,4.5,1.0,2.0,0,Occasional Moderate-Value Customers,0
10010,9,1026.3266666666668,9236.94,0.75,4.375,1.0,1.0,0,Occasional Moderate-Value Customers,0
10011,7,672.6428571428571,4708.5,0.5833333333333334,3.5,2.0,6.0,0,Occasional Moderate-Value Customers,-1
10012,11,612.92,6742.12,0.9166666666666666,4.375,3.0,4.0,1,Frequent High-Value Customers,0
10013,7,580.14,4060.98,0.5833333333333334,4.333333333333333,1.0,0.0,0,Occasional Moderate-Value Customers,0
10014,14,680.0142857142857,9520.2,1.1666666666666667,4.545454545454546,4.0,5.0,1,Frequent High-Value Customers,0
10015,10,787.6229999999999,7876.23,0.8333333333333334,4.6,4.0,2.0,1,Frequent High-Value Customers,0
10016,9,610.0444444444444,5490.4,0.75,4.125,1.0,4.0,0,Occasional Moderate-Value Customers,0
10017,10,601.615,6016.15,0.8333333333333334,3.6666666666666665,3.0,2.0,0,Occasional Moderate-Value Customers,0
10018,8,754.3125,6034.5,0.6666666666666666,2.857142857142857,1.0,4.0,0,Occasional Moderate-Value Customers,-1
10019,7,530.8014285714286,3715.6099999999997,0.5833333333333334,4.2,2.0,1.0,0,Occasional Moderate-Value Customers,0
10020,16,606.173125,9698.77,1.3333333333333333,3.933333333333333,5.0,5.0,1,Frequent High-Value Customers,0
10021,11,731.1,8042.1,0.9166666666666666,4.181818181818182,2.0,1.0,0,Occasional Moderate-Value Customers,0
10022,12,1013.9508333333333,12167.41,1.0,4.090909090909091,3.0,5.0,1,Frequent High-Value Customers,0
10023,7,692.5114285714286,4847.58,0.5833333333333334,3.4285714285714284,0.0,2.0,0,Occasional Moderate-Value Customers,0
10024,6,657.1933333333333,3943.16,0.5,4.333333333333333,2.0,2.0,0,Occasional Moderate-Value Customers,0
10025,17,658.7235294117646,11198.3,1.4166666666666667,3.5294117647058822,6.0,6.0,1,Frequent High-Value Customers,0
10026,11,855.3163636363636,9408.48,0.9166666666666666,4.0,4.0,5.0,1,Frequent High-Value Customers,0
10027,12,462.25083333333333,5547.01,1.0,3.75,6.0,3.0,1,Frequent High-Value Customers,0
10028,8,467.19125,3737.53,0.6666666666666666,3.5714285714285716,3.0,3.0,0,Occasional Moderate-Value Customers,0
10029,10,788.403,7884.03,0.8333333333333334,4.125,3.0,2.0,1,Frequent High-Value Customers,0
10030,12,703.5083333333333,8442.1,1.0,4.454545454545454,5.0,5.0,1,Frequent High-Value Customers,0
10031,12,826.0808333333333,9912.97,1.0,4.222222222222222,3.0,4.0,1,Frequent High-Value Customers,0
10032,11,649.44,7143.84,0.9166666666666666,4.090909090909091,4.0,3.0,1,Frequent High-Value Customers,0
10033,12,540.4308333333333,6485.17,1.0,4.166666666666667,6.0,3.0,1,Frequent High-Value Customers,0
10034,10,479.73100000000005,4797.31,0.8333333333333334,4.4,3.0,5.0,0,Occasional Moderate-Value Customers,0
10035,10,646.521,6465.21,0.8333333333333334,3.5555555555555554,2.0,1.0,0,Occasional Moderate-Value Customers,0
10036,6,611.8716666666667,3671.23,0.5,4.0,1.0,0.0,0,Occasional Moderate-Value Customers,0
10037,12,727.1541666666667,8725.85,1.0,4.222222222222222,4.0,3.0,1,Frequent High-Value Customers,0
10038,12,559.955,6719.46,1.0,3.5454545454545454,2.0,4.0,1,Frequent High-Value Customers,0
10039,7,651.4485714285714,4560.14,0.5833333333333334,4.5,3.0,2.0,0,Occasional Moderate-Value Customers,0
10040,8,749.74375,5997.95,0.6666666666666666,3.7142857142857144,4.0,3.0,0,Occasional Moderate-Value Customers,0
10041,15,620.686,9310.29,1.25,4.083333333333333,2.0,2.0,1,Frequent High-Value Customers,0
10042,11,555.8572727272727,6114.43,0.9166666666666666,4.181818181818182,1.0,4.0,0,Occasional Moderate-Value Customers,0
10043,7,599.8100000000001,4198.67,0.5833333333333334,4.166666666666667,4.0,0.0,0,Occasional Moderate-Value Customers,0
10044,12,596.2058333333333,7154.47,1.0,4.083333333333333,4.0,0.0,1,Frequent High-Value Customers,0
10045,7,721.0257142857143,5047.18,0.5833333333333334,3.857142857142857,3.0,2.0,0,Occasional Moderate-Value Customers,0
10046,12,580.6491666666667,6967.79,1.0,4.545454545454546,5.0,4.0,1,Frequent High-Value Customers,0
10047,10,697.4680000000001,6974.68,0.8333333333333334,4.0,5.0,4.0,1,Frequent High-Value Customers,0
10048,9,679.9633333333334,6119.67,0.75,3.75,4.0,2.0,0,Occasional Moderate-Value Customers,0
10049,7,471.7114285714286,3301.98,0.5833333333333334,3.0,3.0,2.0,0,Occasional Moderate-Value Customers,0
10050,7,906.1942857142858,6343.360000000001,0.5833333333333334,4.5,2.0,1.0,0,Occasional Moderate-Value Customers,0
10051,11,600.3572727272727,6603.93,0.9166666666666666,4.181818181818182,2.0,6.0,1,Frequent High-Value Customers,0
10052,5,937.7940000000001,4688.97,0.4166666666666667,2.5,1.0,1.0,0,Occasional Moderate-Value Customers,-1
10053,14,769.7014285714286,10775.82,1.1666666666666667,3.3636363636363638,2.0,3.0,1,Frequent High-Value Customers,0
10054,8,855.93125,6847.45,0.6666666666666666,3.875,3.0,3.0,0,Occasional Moderate-Value Customers,0
10055,12,855.0041666666666,10260.05,1.0,3.727272727272727,2.0,3.0,1,Frequent High-Value Customers,0
10056,10,586.623,5866.2300000000005,0.8333333333333334,3.625,2.0,4.0,0,Occasional Moderate-Value Customers,0
10057,6,847.0300000000001,5082.18,0.5,3.75,1.0,1.0,0,Occasional Moderate-Value Customers,0
10058,6,692.4416666666666,4154.65,0.5,3.5,1.0,2.0,0,Occasional Moderate-Value Customers,0
10059,9,885.5944444444444,7970.349999999999,0.75,2.5714285714285716,1.0,2.0,0,Occasional Moderate-Value Customers,0
10060,5,740.614,3703.07,0.4166666666666667,3.8,1.0,0.0,0,Occasional Moderate-Value Customers,0
10061,14,523.3757142857143,7327.26,1.1666666666666667,3.8461538461538463,3.0,5.0,1,Frequent High-Value Customers,0
10062,18,543.6905555555555,9786.43,1.5,3.3529411764705883,6.0,6.0,1,Frequent High-Value Customers,-1
10063,8,625.4,5003.2,0.6666666666666666,3.25,2.0,1.0,0,Occasional Moderate-Value Customers,0
10064,15,620.828,9312.42,1.25,4.083333333333333,3.0,4.0,1,Frequent High-Value Customers,0
10065,10,473.849,4738.49,0.8333333333333334,3.5555555555555554,3.0,2.0,0,Occasional Moderate-Value Customers,0
10066,11,789.31,8682.41,0.9166666666666666,3.5555555555555554,2.0,5.0,1,Frequent High-Value Customers,0
10067,12,660.11,7921.32,1.0,4.2727272727272725,3.0,4.0,1,Frequent High-Value Customers,0
10068,11,668.5936363636364,7354.530000000001,0.9166666666666666,3.5,1.0,5.0,1,Frequent High-Value Customers,0
10069,10,629.376,6293.76,0.8333333333333334,3.375,4.0,1.0,0,Occasional Moderate-Value Customers,0
10070,12,705.9508333333333,8471.41,1.0,4.181818181818182,4.0,3.0,1,Frequent High-Value Customers,0
10071,10,767.5609999999999,7675.61,0.8333333333333334,4.0,3.0,4.0,1,Frequent High-Value Customers,0
10072,15,618.56,9278.4,1.25,4.071428571428571,6.0,6.0,1,Frequent High-Value Customers,0
10073,13,529.6999999999999,6886.099999999999,1.0833333333333333,3.5833333333333335,1.0,4.0,1,Frequent High-Value Customers,0
10074,11,735.2136363636364,8087.35,0.9166666666666666,3.8181818181818183,3.0,4.0,1,Frequent High-Value Customers,0
10075,9,591.8377777777778,5326.54,0.75,4.25,4.0,1.0,0,Occasional Moderate-Value Customers,0
10076,7,814.2157142857143,5699.51,0.5833333333333334,4.166666666666667,4.0,1.0,0,Occasional Moderate-Value Customers,0
10077,19,857.6363157894737,16295.09,1.5833333333333333,3.611111111111111,4.0,4.0,1,Frequent High-Value Customers,-1
10078,9,807.1711111111111,7264.54,0.75,4.375,5.0,3.0,1,Frequent High-Value Customers,0
10079,6,655.5733333333334,3933.44,0.5,4.0,0.0,1.0,0,Occasional Moderate-Value Customers,0
10080,18,716.5933333333334,12898.68,1.5,3.7777777777777777,6.0,5.0,1,Frequent High-Value Customers,0
10081,14,561.6971428571429,7863.76,1.1666666666666667,4.166666666666667,4.0,2.0,1,Frequent High-Value Customers,0
10082,6,534.975,3209.85,0.5,3.25,3.0,1.0,0,Occasional Moderate-Value Customers,0
10083,7,705.2671428571429,4936.87,0.5833333333333334,5.0,1.0,2.0,0,Occasional Moderate-Value Customers,0
10084,5,830.226,4151.13,0.4166666666666667,3.75,1.0,0.0,0,Occasional Moderate-Value Customers,0
10085,11,691.6772727272728,7608.450000000001,0.9166666666666666,4.0,3.0,5.0,1,Frequent High-Value Customers,0
10086,9,619.0844444444444,5571.76,0.75,4.125,2.0,0.0,0,Occasional Moderate-Value Customers,0
10087,14,637.3492857142857,8922.89,1.1666666666666667,4.5,6.0,2.0,1,Frequent High-Value Customers,0
10088,10,468.08500000000004,4680.85,0.8333333333333334,3.888888888888889,2.0,3.0,0,Occasional Moderate-Value Customers,0
10089,7,617.6885714285714,4323.82,0.5833333333333334,3.5,1.0,2.0,0,Occasional Moderate-Value Customers,0
10090,9,449.4411111111111,4044.9700000000003,0.75,4.0,6.0,1.0,0,Occasional Moderate-Value Customers,0
10091,16,786.56375,12585.02,1.3333333333333333,3.75,1.0,5.0,1,Frequent High-Value Customers,-1
10092,7,717.3785714285714,5021.65,0.5833333333333334,3.8333333333333335,4.0,1.0,0,Occasional Moderate-Value Customers,0
10093,9,669.5944444444444,6026.35,0.75,3.888888888888889,4.0,1.0,0,Occasional Moderate-Value Customers,0
10094,7,594.88,4164.16,0.5833333333333334,3.5714285714285716,1.0,5.0,0,Occasional Moderate-Value Customers,0
10095,4,636.6625,2546.65,0.3333333333333333,3.75,1.0,1.0,0,Occasional Moderate-Value Customers,0
10096,17,527.3288235294118,8964.59,1.4166666666666667,3.8666666666666667,7.0,2.0,1,Frequent High-Value Customers,0
10097,8,797.835,6382.68,0.6666666666666666,3.5714285714285716,5.0,1.0,0,Occasional Moderate-Value Customers,0
10098,15,685.002,10275.029999999999,1.25,3.5,8.0,4.0,1,Frequent High-Value Customers,0
10099,16,610.849375,9773.59,1.3333333333333333,4.0,6.0,4.0,1,Frequent High-Value Customers,0
10100,8,581.6725,4653.38,0.6666666666666666,3.875,1.0,5.0,0,Occasional Moderate-Value Customers,0
10101,10,895.104,8951.04,0.8333333333333334,3.888888888888889,4.0,2.0,1,Frequent High-Value Customers,0
10102,12,803.7916666666666,9645.5,1.0,3.4545454545454546,3.0,3.0,1,Frequent High-Value Customers,0
10103,7,639.3442857142857,4475.41,0.5833333333333334,4.428571428571429,2.0,0.0,0,Occasional Moderate-Value Customers,0
10104,7,636.2342857142858,4453.64,0.5833333333333334,4.285714285714286,2.0,0.0,0,Occasional Moderate-Value Customers,0
10105,12,571.3358333333333,6856.03,1.0,3.8333333333333335,2.0,3.0,1,Frequent High-Value Customers,0
10106,9,811.6333333333333,7304.7,0.75,4.0,2.0,1.0,0,Occasional Moderate-Value Customers,0
10107,14,665.4007142857143,9315.61,1.1666666666666667,3.4545454545454546,3.0,2.0,1,Frequent High-Value Customers,0
10108,10,670.972,6709.72,0.8333333333333334,3.8,3.0,2.0,0,Occasional Moderate-Value Customers,0
10109,12,944.6641666666666,11335.97,1.0,4.0,3.0,3.0,1,Frequent High-Value Customers,0
10110,9,749.0566666666667,6741.51,0.75,4.0,4.0,2.0,0,Occasional Moderate-Value Customers,0
10111,11,580.1927272727272,6382.12,0.9166666666666666,4.2,1.0,3.0,0,Occasional Moderate-Value Customers,0
10112,13,583.5676923076924,7586.38,1.0833333333333333,4.0,5.0,5.0,1,Frequent High-Value Customers,0
10113,9,586.6244444444444,5279.62,0.75,4.5,5.0,3.0,0,Occasional Moderate-Value Customers,0
10114,8,717.8725000000001,5742.9800000000005,0.6666666666666666,4.285714285714286,3.0,3.0,0,Occasional Moderate-Value Customers,0
10115,9,805.8655555555556,7252.79,0.75,4.625,1.0,2.0,0,Occasional Moderate-Value Customers,0
10116,8,648.96875,5191.75,0.6666666666666666,4.125,3.0,1.0,0,Occasional Moderate-Value Customers,0
10117,9,770.1377777777777,6931.24,0.75,4.0,1.0,4.0,0,Occasional Moderate-Value Customers,0
10118,6,789.5366666666665,4737.219999999999,0.5,4.0,1.0,1.0,0,Occasional Moderate-Value Customers,0
10119,6,545.545,3273.27,0.5,3.6,1.0,0.0,0,Occasional Moderate-Value Customers,0
10120,8,493.04875,3944.39,0.6666666666666666,4.142857142857143,0.0,2.0,0,Occasional Moderate-Value Customers,0
10121,12,1096.3183333333334,13155.82,1.0,3.8,6.0,3.0,1,Frequent High-Value Customers,-1
10122,12,535.2425,6422.91,1.0,4.2727272727272725,2.0,3.0,1,Frequent High-Value Customers,0
10123,11,690.5309090909091,7595.84,0.9166666666666666,4.2727272727272725,4.0,2.0,1,Frequent High-Value Customers,0
10124,8,587.11125,4696.89,0.6666666666666666,4.0,5.0,1.0,0,Occasional Moderate-Value Customers,0
10125,10,635.879,6358.79,0.8333333333333334,3.0,3.0,3.0,0,Occasional Moderate-Value Customers,0
10126,13,623.0423076923078,8099.55,1.0833333333333333,3.3846153846153846,2.0,2.0,1,Frequent High-Value Customers,0
10127,12,632.8133333333334,7593.76,1.0,4.0,3.0,2.0,1,Frequent High-Value Customers,0
10128,6,561.5783333333334,3369.4700000000003,0.5,4.0,1.0,2.0,0,Occasional Moderate-Value Customers,0
10129,10,814.045,8140.45,0.8333333333333334,3.888888888888889,0.0,2.0,0,Occasional Moderate-Value Customers,0
10130,10,713.182,7131.82,0.8333333333333334,3.5714285714285716,2.0,2.0,0,Occasional Moderate-Value Customers,0
10131,12,855.6408333333334,10267.69,1.0,4.0,4.0,5.0,1,Frequent High-Value Customers,0
10132,3,816.41,2449.23,0.25,4.666666666666667,0.0,1.0,0,Occasional Moderate-Value Customers,0
10133,10,579.377,5793.7699999999995,0.8333333333333334,4.4,1.0,3.0,0,Occasional Moderate-Value Customers,0
10134,14,619.915,8678.81,1.1666666666666667,3.727272727272727,3.0,4.0,1,Frequent High-Value Customers,0
10135,5,655.7900000000001,3278.9500000000003,0.4166666666666667,3.0,1.0,0.0,0,Occasional Moderate-Value Customers,0
10136,11,861.17,9472.869999999999,0.9166666666666666,3.6363636363636362,4.0,0.0,1,Frequent High-Value Customers,0
10137,9,830.0177777777777,7470.16,0.75,4.111111111111111,1.0,1.0,0,Occasional Moderate-Value Customers,0
10138,12,778.1625,9337.95,1.0,3.7,3.0,3.0,1,Frequent High-Value Customers,0
10139,17,698.2341176470588,11869.98,1.4166666666666667,3.7333333333333334,5.0,4.0,1,Frequent High-Value Customers,0
10140,9,940.1477777777777,8461.33,0.75,3.7777777777777777,3.0,2.0,0,Occasional Moderate-Value Customers,0
10141,13,726.4230769230769,9443.5,1.0833333333333333,3.75,3.0,2.0,1,Frequent High-Value Customers,0
10142,7,650.1914285714286,4551.34,0.5833333333333334,3.5,3.0,3.0,0,Occasional Moderate-Value Customers,0
10143,5,314.054,1570.27,0.4166666666666667,3.5,4.0,2.0,0,Occasional Moderate-Value Customers,-1
10144,4,845.8825,3383.53,0.3333333333333333,3.75,0.0,3.0,0,Occasional Moderate-Value Customers,0
10145,13,913.3492307692309,11873.54,1.0833333333333333,4.3076923076923075,4.0,2.0,1,Frequent High-Value Customers,0
10146,6,592.3383333333334,3554.03,0.5,3.75,2.0,2.0,0,Occasional Moderate-Value Customers,0
10147,16,631.64625,10106.34,1.3333333333333333,4.4375,5.0,5.0,1,Frequent High-Value Customers,0
10148,10,669.33,6693.3,0.8333333333333334,4.0,2.0,5.0,1,Frequent High-Value Customers,0
10149,8,716.85875,5734.87,0.6666666666666666,3.857142857142857,4.0,4.0,0,Occasional Moderate-Value Customers,0
10150,10,697.5559999999999,6975.5599999999995,0.8333333333333334,3.0,3.0,2.0,0,Occasional Moderate-Value Customers,0
10151,7,965.4785714285715,6758.35,0.5833333333333334,4.2,2.0,2.0,0,Occasional Moderate-Value Customers,0
10152,14,793.2628571428571,11105.68,1.1666666666666667,4.2,2.0,2.0,1,Frequent High-Value Customers,0
10153,13,422.3953846153846,5491.14,1.0833333333333333,4.0,4.0,3.0,1,Frequent High-Value Customers,0
10154,13,507.39,6596.07,1.0833333333333333,3.3636363636363638,3.0,4.0,1,Frequent High-Value Customers,0
10155,8,622.7362499999999,4981.889999999999,0.6666666666666666,3.8333333333333335,3.0,2.0,0,Occasional Moderate-Value Customers,0
10156,14,815.7857142857143,11421.0,1.1666666666666667,3.769230769230769,1.0,4.0,1,Frequent High-Value Customers,0
10157,5,802.642,4013.21,0.4166666666666667,3.25,2.0,1.0,0,Occasional Moderate-Value Customers,0
10158,5,543.278,2716.39,0.4166666666666667,4.0,0.0,1.0,0,Occasional Moderate-Value Customers,0
10159,9,769.0899999999999,6921.8099999999995,0.75,4.0,3.0,3.0,0,Occasional Moderate-Value Customers,0
10160,14,709.1814285714285,9928.539999999999,1.1666666666666667,3.6153846153846154,7.0,2.0,1,Frequent High-Value Customers,0
10161,11,447.88545454545454,4926.74,0.9166666666666666,4.1,3.0,4.0,0,Occasional Moderate-Value Customers,0
10162,12,667.4183333333333,8009.0199999999995,1.0,3.9,2.0,4.0,1,Frequent High-Value Customers,0
10163,10,589.794,5897.94,0.8333333333333334,3.5,0.0,3.0,0,Occasional Moderate-Value Customers,0
10164,9,535.2888888888889,4817.6,0.75,4.0,4.0,4.0,0,Occasional Moderate-Value Customers,0
10165,9,721.5422222222222,6493.88,0.75,4.5,5.0,4.0,1,Frequent High-Value Customers,0
10166,8,578.56625,4628.53,0.6666666666666666,3.8333333333333335,0.0,2.0,0,Occasional Moderate-Value Customers,0
10167,10,769.892,7698.92,0.8333333333333334,3.6666666666666665,3.0,4.0,1,Frequent High-Value Customers,0
10168,12,696.7325000000001,8360.79,1.0,3.4545454545454546,2.0,3.0,1,Frequent High-Value Customers,0
10169,9,669.718888888889,6027.47,0.75,3.75,3.0,2.0,0,Occasional Moderate-Value Customers,0
10170,9,898.4200000000001,8085.780000000001,0.75,4.0,2.0,3.0,0,Occasional Moderate-Value Customers,0
10171,8,1008.94375,8071.55,0.6666666666666666,3.857142857142857,4.0,4.0,1,Frequent High-Value Customers,0
10172,9,583.7155555555556,5253.4400000000005,0.75,4.333333333333333,4.0,2.0,0,Occasional Moderate-Value Customers,0
10173,13,741.8061538461538,9643.48,1.0833333333333333,3.6666666666666665,9.0,5.0,1,Frequent High-Value Customers,-1
10174,11,581.2981818181818,6394.28,0.9166666666666666,3.5714285714285716,1.0,3.0,0,Occasional Moderate-Value Customers,0
10175,9,495.9466666666667,4463.52,0.75,3.5714285714285716,2.0,2.0,0,Occasional Moderate-Value Customers,0
10176,10,574.1780000000001,5741.780000000001,0.8333333333333334,3.888888888888889,3.0,2.0,0,Occasional Moderate-Value Customers,0
10177,9,1108.9455555555555,9980.51,0.75,4.2,4.0,3.0,1,Frequent High-Value Customers,2
10178,8,658.9625,5271.7,0.6666666666666666,4.0,0.0,3.0,0,Occasional Moderate-Value Customers,0
10179,12,459.5608333333333,5514.73,1.0,3.6363636363636362,2.0,4.0,1,Frequent High-Value Customers,0
10180,14,926.2678571428571,12967.75,1.1666666666666667,3.8,5.0,4.0,1,Frequent High-Value Customers,0
10181,7,764.5257142857143,5351.68,0.5833333333333334,4.714285714285714,4.0,2.0,0,Occasional Moderate-Value Customers,0
10182,7,784.0885714285714,5488.62,0.5833333333333334,3.3333333333333335,0.0,3.0,0,Occasional Moderate-Value Customers,0
10183,13,588.1453846153846,7645.89,1.0833333333333333,3.9166666666666665,5.0,2.0,1,Frequent High-Value Customers,0
10184,8,555.66125,4445.29,0.6666666666666666,3.3333333333333335,2.0,2.0,0,Occasional Moderate-Value Customers,0
10185,6,592.5383333333333,3555.23,0.5,3.2,3.0,2.0,0,Occasional Moderate-Value Customers,0
10186,17,584.155294117647,9930.64,1.4166666666666667,4.125,5.0,3.0,1,Frequent High-Value Customers,0
10187,7,896.3328571428572,6274.33,0.5833333333333334,3.0,2.0,2.0,0,Occasional Moderate-Value Customers,0
10188,12,738.2383333333333,8858.86,1.0,3.5,7.0,1.0,1,Frequent High-Value Customers,0
10189,7,631.8571428571429,4423.0,0.5833333333333334,4.285714285714286,4.0,2.0,0,Occasional Moderate-Value Customers,0
10190,16,768.573125,12297.17,1.3333333333333333,4.3125,5.0,3.0,1,Frequent High-Value Customers,0
10191,10,608.263,6082.63,0.8333333333333334,3.8,3.0,3.0,0,Occasional Moderate-Value Customers,0
10192,5,773.42,3867.1,0.4166666666666667,4.0,2.0,3.0,0,Occasional Moderate-Value Customers,0
10193,18,465.7344444444444,8383.22,1.5,3.9375,4.0,4.0,1,Frequent High-Value Customers,1
10194,10,712.788,7127.88,0.8333333333333334,4.2,6.0,2.0,1,Frequent High-Value Customers,0
10195,14,606.405,8489.67,1.1666666666666667,4.0,2.0,1.0,1,Frequent High-Value Customers,0
10196,8,737.02125,5896.17,0.6666666666666666,4.0,4.0,2.0,0,Occasional Moderate-Value Customers,0
10197,16,633.653125,10138.45,1.3333333333333333,3.75,3.0,2.0,1,Frequent High-Value Customers,0
10198,7,520.9142857142857,3646.3999999999996,0.5833333333333334,4.6,1.0,3.0,0,Occasional Moderate-Value Customers,0
10199,7,854.4314285714287,5981.02,0.5833333333333334,3.6666666666666665,2.0,2.0,0,Occasional Moderate-Value Customers,0
10200,11,968.7672727272728,10656.44,0.9166666666666666,3.888888888888889,2.0,5.0,1,Frequent High-Value Customers,0
10201,9,642.0255555555555,5778.23,0.75,3.7777777777777777,2.0,5.0,0,Occasional Moderate-Value Customers,0
10202,6,371.07166666666666,2226.43,0.5,4.166666666666667,2.0,4.0,0,Occasional Moderate-Value Customers,0
10203,11,1138.55,12524.05,0.9166666666666666,3.3333333333333335,3.0,2.0,1,Frequent High-Value Customers,-1
10204,3,640.8566666666667,1922.57,0.25,4.0,2.0,1.0,0,Occasional Moderate-Value Customers,0
10205,9,748.5477777777778,6736.93,0.75,3.5555555555555554,1.0,3.0,0,Occasional Moderate-Value Customers,0
10206,6,654.8816666666667,3929.29,0.5,4.75,2.0,2.0,0,Occasional Moderate-Value Customers,0
10207,8,664.73375,5317.87,0.6666666666666666,4.0,4.0,2.0,0,Occasional Moderate-Value Customers,0
10208,8,681.2787500000001,5450.2300000000005,0.6666666666666666,4.0,4.0,2.0,0,Occasional Moderate-Value Customers,0
10209,9,880.5622222222222,7925.0599999999995,0.75,4.571428571428571,2.0,3.0,0,Occasional Moderate-Value Customers,0
10210,9,560.9755555555555,5048.78,0.75,4.111111111111111,1.0,2.0,0,Occasional Moderate-Value Customers,0
10211,8,1115.8600000000001,8926.880000000001,0.6666666666666666,4.125,2.0,3.0,0,Occasional Moderate-Value Customers,2
10212,11,729.4445454545455,8023.89,0.9166666666666666,4.181818181818182,3.0,0.0,0,Occasional Moderate-Value Customers,0
10213,11,657.9672727272728,7237.64,0.9166666666666666,3.4,3.0,3.0,1,Frequent High-Value Customers,0
10214,9,1027.131111111111,9244.18,0.75,3.875,4.0,2.0,1,Frequent High-Value Customers,0
10215,16,824.941875,13199.07,1.3333333333333333,3.9,7.0,7.0,1,Frequent High-Value Customers,-1
10216,14,512.4421428571428,7174.19,1.1666666666666667,3.9166666666666665,3.0,2.0,1,Frequent High-Value Customers,0
10217,8,610.8375,4886.7,0.6666666666666666,3.3333333333333335,4.0,2.0,0,Occasional Moderate-Value Customers,0
10218,9,574.2133333333334,5167.92,0.75,4.0,3.0,5.0,0,Occasional Moderate-Value Customers,0
10219,10,703.887,7038.87,0.8333333333333334,3.2222222222222223,2.0,2.0,0,Occasional Moderate-Value Customers,0
10220,11,719.7454545454545,7917.2,0.9166666666666666,3.25,3.0,4.0,1,Frequent High-Value Customers,0
10221,8,700.72375,5605.79,0.6666666666666666,3.875,2.0,3.0,0,Occasional Moderate-Value Customers,0
10222,8,872.68625,6981.49,0.6666666666666666,3.7142857142857144,1.0,1.0,0,Occasional Moderate-Value Customers,0
10223,11,653.3836363636364,7187.22,0.9166666666666666,3.7,2.0,3.0,1,Frequent High-Value Customers,0
10224,9,593.7144444444444,5343.43,0.75,3.5714285714285716,3.0,5.0,0,Occasional Moderate-Value Customers,0
10225,13,561.3376923076922,7297.389999999999,1.0833333333333333,3.888888888888889,4.0,0.0,1,Frequent High-Value Customers,0
10226,11,767.1418181818182,8438.56,0.9166666666666666,4.1,2.0,3.0,1,Frequent High-Value Customers,0
10227,6,597.4516666666667,3584.71,0.5,4.0,3.0,1.0,0,Occasional Moderate-Value Customers,0
10228,11,809.2172727272726,8901.39,0.9166666666666666,3.909090909090909,3.0,0.0,1,Frequent High-Value Customers,0
10229,9,561.5266666666666,5053.74,0.75,2.75,2.0,0.0,0,Occasional Moderate-Value Customers,0
10230,11,627.0018181818182,6897.0199999999995,0.9166666666666666,3.9,2.0,2.0,0,Occasional Moderate-Value Customers,0
10231,7,931.7699999999999,6522.389999999999,0.5833333333333334,4.0,1.0,2.0,0,Occasional Moderate-Value Customers,0
10232,12,623.325,7479.900000000001,1.0,4.4,6.0,2.0,1,Frequent High-Value Customers,0
10233,15,542.2113333333333,8133.17,1.25,3.857142857142857,5.0,5.0,1,Frequent High-Value Customers,0
10234,12,644.4675,7733.61,1.0,3.727272727272727,3.0,1.0,1,Frequent High-Value Customers,0
10235,7,754.0242857142857,5278.17,0.5833333333333334,3.3333333333333335,2.0,3.0,0,Occasional Moderate-Value Customers,0
10236,11,914.0545454545455,10054.6,0.9166666666666666,3.3636363636363638,3.0,0.0,1,Frequent High-Value Customers,0
10237,6,414.9216666666666,2489.5299999999997,0.5,4.5,2.0,1.0,0,Occasional Moderate-Value Customers,0
10238,8,781.37375,6250.99,0.6666666666666666,3.875,2.0,3.0,0,Occasional Moderate-Value Customers,0
10239,7,411.20714285714286,2878.45,0.5833333333333334,4.714285714285714,4.0,2.0,0,Occasional Moderate-Value Customers,0
10240,9,407.34444444444443,3666.1,0.75,3.625,2.0,2.0,0,Occasional Moderate-Value Customers,0
10241,7,465.3514285714286,3257.46,0.5833333333333334,3.8,2.0,2.0,0,Occasional Moderate-Value Customers,0
10242,5,873.0459999999999,4365.23,0.4166666666666667,4.25,1.0,3.0,0,Occasional Moderate-Value Customers,0
10243,6,581.615,3489.69,0.5,4.75,0.0,2.0,0,Occasional Moderate-Value Customers,0
10244,10,549.958,5499.58,0.8333333333333334,3.6666666666666665,7.0,2.0,1,Frequent High-Value Customers,0
10245,9,988.5755555555556,8897.18,0.75,4.444444444444445,1.0,2.0,0,Occasional Moderate-Value Customers,0
10246,8,827.17875,6617.43,0.6666666666666666,4.25,4.0,0.0,0,Occasional Moderate-Value Customers,0
10247,7,673.5214285714285,4714.65,0.5833333333333334,4.142857142857143,2.0,2.0,0,Occasional Moderate-Value Customers,0
10248,12,637.5808333333333,7650.97,1.0,4.0,4.0,3.0,1,Frequent High-Value Customers,0
10249,7,414.14285714285717,2899.0,0.5833333333333334,4.0,0.0,2.0,0,Occasional Moderate-Value Customers,0
10250,10,529.088,5290.88,0.8333333333333334,4.0,1.0,3.0,0,Occasional Moderate-Value Customers,0
10251,9,620.7800000000001,5587.02,0.75,4.0,4.0,2.0,0,Occasional Moderate-Value Customers,0
10252,6,671.1750000000001,4027.05,0.5,4.166666666666667,2.0,2.0,0,Occasional Moderate-Value Customers,0
10253,12,754.9433333333333,9059.32,1.0,3.4545454545454546,3.0,1.0,1,Frequent High-Value Customers,0
10254,9,642.4244444444445,5781.820000000001,0.75,4.0,3.0,1.0,0,Occasional Moderate-Value Customers,0
10255,12,668.855,8026.26,1.0,3.8181818181818183,3.0,3.0,1,Frequent High-Value Customers,0
10256,4,881.8475000000001,3527.3900000000003,0.3333333333333333,3.25,1.0,1.0,0,Occasional Moderate-Value Customers,0
10257,14,617.5471428571428,8645.66,1.1666666666666667,4.2727272727272725,2.0,7.0,1,Frequent High-Value Customers,0
10258,6,763.7133333333333,4582.28,0.5,3.6666666666666665,1.0,2.0,0,Occasional Moderate-Value Customers,0
10259,15,733.5573333333334,11003.36,1.25,4.083333333333333,5.0,2.0,1,Frequent High-Value Customers,0
10260,12,914.5425,10974.51,1.0,3.3333333333333335,3.0,6.0,1,Frequent High-Value Customers,-1
10261,9,566.3133333333333,5096.82,0.75,3.75,3.0,5.0,0,Occasional Moderate-Value Customers,0
10262,10,631.457,6314.57,0.8333333333333334,3.625,3.0,1.0,0,Occasional Moderate-Value Customers,0
10263,12,662.2683333333333,7947.22,1.0,3.5454545454545454,4.0,4.0,1,Frequent High-Value Customers,0
10264,12,529.1358333333334,6349.63,1.0,4.0,5.0,5.0,1,Frequent High-Value Customers,0
10265,6,764.4833333333332,4586.9,0.5,4.166666666666667,1.0,1.0,0,Occasional Moderate-Value Customers,0
10266,12,532.5983333333334,6391.18,1.0,4.0,2.0,2.0,1,Frequent High-Value Customers,0
10267,11,881.1045454545455,9692.15,0.9166666666666666,4.090909090909091,0.0,4.0,1,Frequent High-Value Customers,0
10268,13,549.6376923076923,7145.29,1.0833333333333333,3.6666666666666665,3.0,6.0,1,Frequent High-Value Customers,0
10269,6,1108.73,6652.38,0.5,3.8333333333333335,2.0,0.0,0,Occasional Moderate-Value Customers,0
10270,11,967.65,10644.15,0.9166666666666666,4.111111111111111,6.0,2.0,1,Frequent High-Value Customers,0
10271,11,724.9036363636365,7973.9400000000005,0.9166666666666666,3.909090909090909,3.0,1.0,1,Frequent High-Value Customers,0
10272,7,651.7914285714286,4562.54,0.5833333333333334,4.2,3.0,1.0,0,Occasional Moderate-Value Customers,0
10273,9,496.0122222222222,4464.11,0.75,4.0,4.0,4.0,0,Occasional Moderate-Value Customers,0
10274,8,654.17125,5233.37,0.6666666666666666,3.2857142857142856,3.0,2.0,0,Occasional Moderate-Value Customers,0
10275,9,557.7199999999999,5019.48,0.75,4.0,4.0,3.0,0,Occasional Moderate-Value Customers,0
10276,8,709.52625,5676.21,0.6666666666666666,4.5,2.0,0.0,0,Occasional Moderate-Value Customers,0
10277,10,736.8399999999999,7368.4,0.8333333333333334,4.428571428571429,3.0,2.0,0,Occasional Moderate-Value Customers,0
10278,13,531.2384615384616,6906.1,1.0833333333333333,4.083333333333333,5.0,4.0,1,Frequent High-Value Customers,0
10279,14,770.4614285714287,10786.460000000001,1.1666666666666667,3.923076923076923,5.0,2.0,1,Frequent High-Value Customers,0
10280,7,610.0242857142857,4270.17,0.5833333333333334,3.4285714285714284,2.0,3.0,0,Occasional Moderate-Value Customers,0
10281,16,898.551875,14376.83,1.3333333333333333,4.0,3.0,4.0,1,Frequent High-Value Customers,0
10282,6,569.1616666666667,3414.9700000000003,0.5,4.4,3.0,0.0,0,Occasional Moderate-Value Customers,0
10283,12,851.1033333333334,10213.24,1.0,3.75,3.0,2.0,1,Frequent High-Value Customers,0
10284,11,875.1772727272728,9626.95,0.9166666666666666,4.0,2.0,1.0,1,Frequent High-Value Customers,0
10285,13,876.9730769230769,11400.65,1.0833333333333333,4.076923076923077,1.0,6.0,1,Frequent High-Value Customers,-1
10286,12,809.8008333333333,9717.61,1.0,4.0,2.0,6.0,1,Frequent High-Value Customers,0
10287,11,621.7536363636364,6839.29,0.9166666666666666,3.272727272727273,3.0,4.0,1,Frequent High-Value Customers,0
10288,9,691.5755555555556,6224.18,0.75,4.0,3.0,2.0,0,Occasional Moderate-Value Customers,0
10289,14,812.7207142857143,11378.09,1.1666666666666667,3.7857142857142856,4.0,5.0,1,Frequent High-Value Customers,0
10290,9,689.8488888888888,6208.639999999999,0.75,4.25,1.0,4.0,0,Occasional Moderate-Value Customers,0
10291,8,507.0525,4056.42,0.6666666666666666,4.0,1.0,3.0,0,Occasional Moderate-Value Customers,0
10292,13,849.8638461538461,11048.23,1.0833333333333333,4.181818181818182,1.0,5.0,1,Frequent High-Value Customers,-1
10293,13,992.4884615384616,12902.35,1.0833333333333333,3.769230769230769,3.0,3.0,1,Frequent High-Value Customers,0
10294,11,773.6427272727273,8510.07,0.9166666666666666,4.222222222222222,2.0,4.0,1,Frequent High-Value Customers,0
10295,9,736.3077777777777,6626.7699999999995,0.75,3.75,2.0,0.0,0,Occasional Moderate-Value Customers,0
10296,6,639.7766666666666,3838.66,0.5,4.333333333333333,2.0,1.0,0,Occasional Moderate-Value Customers,0
10297,9,639.3088888888889,5753.78,0.75,3.7777777777777777,4.0,4.0,0,Occasional Moderate-Value Customers,0
10298,9,814.3977777777777,7329.58,0.75,4.222222222222222,2.0,3.0,0,Occasional Moderate-Value Customers,0
10299,8,971.12125,7768.97,0.6666666666666666,4.0,4.0,1.0,0,Occasional Moderate-Value Customers,0
10300,10,715.6270000000001,7156.27,0.8333333333333334,4.285714285714286,3.0,5.0,1,Frequent High-Value Customers,0
10301,13,754.7076923076922,9811.199999999999,1.0833333333333333,4.0,3.0,2.0,1,Frequent High-Value Customers,0
10302,9,923.2311111111111,8309.08,0.75,4.285714285714286,5.0,1.0,1,Frequent High-Value Customers,0
10303,12,805.4058333333334,9664.87,1.0,3.75,4.0,3.0,1,Frequent High-Value Customers,0
10304,12,594.23,7130.76,1.0,3.5833333333333335,2.0,3.0,1,Frequent High-Value Customers,0
10305,9,715.0822222222222,6435.74,0.75,3.875,3.0,2.0,0,Occasional Moderate-Value Customers,0
10306,6,625.0016666666667,3750.0099999999998,0.5,3.6666666666666665,3.0,3.0,0,Occasional Moderate-Value Customers,0
10307,9,713.2855555555556,6419.57,0.75,4.333333333333333,3.0,2.0,0,Occasional Moderate-Value Customers,0
10308,5,648.13,3240.65,0.4166666666666667,4.0,2.0,1.0,0,Occasional Moderate-Value Customers,0
10309,9,855.0055555555556,7695.05,0.75,3.25,2.0,2.0,0,Occasional Moderate-Value Customers,0
10310,13,648.5653846153847,8431.35,1.0833333333333333,3.6363636363636362,6.0,5.0,1,Frequent High-Value Customers,0
10311,11,705.7981818181818,7763.78,0.9166666666666666,3.3,3.0,3.0,1,Frequent High-Value Customers,0
10312,8,614.32875,4914.63,0.6666666666666666,4.4,2.0,4.0,0,Occasional Moderate-Value Customers,0
10313,9,369.29,3323.61,0.75,3.6666666666666665,2.0,4.0,0,Occasional Moderate-Value Customers,0
10314,9,825.2344444444445,7427.110000000001,0.75,3.857142857142857,2.0,2.0,0,Occasional Moderate-Value Customers,0
10315,7,758.0757142857144,5306.530000000001,0.5833333333333334,4.285714285714286,2.0,1.0,0,Occasional Moderate-Value Customers,0
10316,11,573.8127272727272,6311.94,0.9166666666666666,3.8333333333333335,3.0,5.0,1,Frequent High-Value Customers,0
10317,13,738.3846153846154,9599.0,1.0833333333333333,3.3636363636363638,6.0,4.0,1,Frequent High-Value Customers,0
10318,6,674.2916666666666,4045.75,0.5,4.6,2.0,1.0,0,Occasional Moderate-Value Customers,0
10319,8,797.93875,6383.51,0.6666666666666666,4.25,2.0,3.0,0,Occasional Moderate-Value Customers,0
10320,13,751.3592307692307,9767.67,1.0833333333333333,4.0,3.0,2.0,1,Frequent High-Value Customers,0
10321,4,883.76,3535.04,0.3333333333333333,3.75,2.0,1.0,0,Occasional Moderate-Value Customers,0
10322,13,649.8961538461538,8448.65,1.0833333333333333,3.6153846153846154,3.0,1.0,1,Frequent High-Value Customers,0
10323,7,1080.09,7560.63,0.5833333333333334,3.5714285714285716,1.0,2.0,0,Occasional Moderate-Value Customers,-1
10324,10,713.6220000000001,7136.22,0.8333333333333334,3.5555555555555554,3.0,2.0,0,Occasional Moderate-Value Customers,0
10325,8,873.01875,6984.15,0.6666666666666666,3.857142857142857,4.0,2.0,0,Occasional Moderate-Value Customers,0
10326,6,953.9683333333334,5723.81,0.5,4.8,1.0,1.0,0,Occasional Moderate-Value Customers,0
10327,14,784.0285714285714,10976.4,1.1666666666666667,3.923076923076923,6.0,3.0,1,Frequent High-Value Customers,0
10328,11,707.6272727272727,7783.9,0.9166666666666666,3.875,4.0,3.0,1,Frequent High-Value Customers,0
10329,6,529.1899999999999,3175.14,0.5,3.3333333333333335,0.0,1.0,0,Occasional Moderate-Value Customers,0
10330,11,554.39,6098.29,0.9166666666666666,3.9,1.0,6.0,1,Frequent High-Value Customers,0
10331,12,930.0233333333334,11160.28,1.0,3.8,1.0,6.0,1,Frequent High-Value Customers,-1
10332,6,626.8483333333334,3761.09,0.5,4.25,2.0,3.0,0,Occasional Moderate-Value Customers,0
10333,5,423.988,2119.94,0.4166666666666667,3.25,1.0,2.0,0,Occasional Moderate-Value Customers,0
10334,9,453.12666666666667,4078.14,0.75,4.625,3.0,2.0,0,Occasional Moderate-Value Customers,0
10335,12,766.1491666666667,9193.79,1.0,3.7777777777777777,6.0,4.0,1,Frequent High-Value Customers,0
10336,12,702.4991666666666,8429.99,1.0,3.6363636363636362,4.0,4.0,1,Frequent High-Value Customers,0
10337,10,794.642,7946.42,0.8333333333333334,4.0,1.0,2.0,0,Occasional Moderate-Value Customers,0
10338,10,654.645,6546.45,0.8333333333333334,4.0,3.0,1.0,0,Occasional Moderate-Value Customers,0
10339,9,646.9177777777778,5822.26,0.75,4.25,1.0,0.0,0,Occasional Moderate-Value Customers,0
10340,15,596.9013333333334,8953.52,1.25,3.6,5.0,6.0,1,Frequent High-Value Customers,0
10341,17,683.644705882353,11621.960000000001,1.4166666666666667,3.6666666666666665,4.0,4.0,1,Frequent High-Value Customers,0
10342,5,730.326,3651.63,0.4166666666666667,4.0,0.0,0.0,0,Occasional Moderate-Value Customers,0
10343,10,826.7149999999999,8267.15,0.8333333333333334,4.3,2.0,0.0,0,Occasional Moderate-Value Customers,0
10344,8,575.8025,4606.42,0.6666666666666666,4.375,6.0,3.0,0,Occasional Moderate-Value Customers,0
10345,6,588.2466666666667,3529.48,0.5,4.0,4.0,2.0,0,Occasional Moderate-Value Customers,0
10346,15,744.614,11169.210000000001,1.25,3.642857142857143,0.0,0.0,1,Frequent High-Value Customers,-1
10347,9,697.4877777777779,6277.39,0.75,3.4444444444444446,1.0,1.0,0,Occasional Moderate-Value Customers,0
10348,16,572.299375,9156.79,1.3333333333333333,4.2727272727272725,9.0,3.0,1,Frequent High-Value Customers,-1
10349,15,506.76,7601.4,1.25,3.75,3.0,4.0,1,Frequent High-Value Customers,0
10350,11,766.2081818181819,8428.29,0.9166666666666666,3.3333333333333335,2.0,5.0,1,Frequent High-Value Customers,0
10351,5,661.53,3307.65,0.4166666666666667,4.4,2.0,3.0,0,Occasional Moderate-Value Customers,0
10352,13,637.0776923076924,8282.01,1.0833333333333333,3.6666666666666665,6.0,6.0,1,Frequent High-Value Customers,0
10353,11,522.7581818181818,5750.34,0.9166666666666666,4.0,2.0,5.0,1,Frequent High-Value Customers,0
10354,15,755.1666666666666,11327.5,1.25,3.857142857142857,2.0,6.0,1,Frequent High-Value Customers,0
10355,7,714.1771428571428,4999.24,0.5833333333333334,4.0,2.0,2.0,0,Occasional Moderate-Value Customers,0
10356,8,781.50875,6252.07,0.6666666666666666,4.666666666666667,4.0,5.0,0,Occasional Moderate-Value Customers,0
10357,11,615.2927272727272,6768.219999999999,0.9166666666666666,3.7,6.0,4.0,1,Frequent High-Value Customers,0
10358,11,550.9836363636364,6060.82,0.9166666666666666,3.6,2.0,1.0,0,Occasional Moderate-Value Customers,0
10359,8,548.25875,4386.07,0.6666666666666666,3.4285714285714284,1.0,2.0,0,Occasional Moderate-Value Customers,0
10360,13,888.63,11552.19,1.0833333333333333,4.416666666666667,1.0,1.0,1,Frequent High-Value Customers,0
10361,10,672.5640000000001,6725.64,0.8333333333333334,4.111111111111111,4.0,3.0,1,Frequent High-Value Customers,0
10362,10,588.202,5882.02,0.8333333333333334,3.6666666666666665,2.0,2.0,0,Occasional Moderate-Value Customers,0
10363,12,710.06,8520.72,1.0,4.363636363636363,3.0,5.0,1,Frequent High-Value Customers,0
10364,16,619.6375,9914.2,1.3333333333333333,3.8461538461538463,2.0,5.0,1,Frequent High-Value Customers,0
10365,10,594.7610000000001,5947.610000000001,0.8333333333333334,3.7777777777777777,3.0,3.0,0,Occasional Moderate-Value Customers,0
10366,19,712.1478947368421,13530.81,1.5833333333333333,3.7058823529411766,4.0,3.0,1,Frequent High-Value Customers,-1
10367,7,622.2514285714286,4355.76,0.5833333333333334,3.7142857142857144,1.0,3.0,0,Occasional Moderate-Value Customers,0
10368,9,731.8933333333333,6587.04,0.75,4.444444444444445,1.0,2.0,0,Occasional Moderate-Value Customers,0
10369,11,560.199090909091,6162.1900000000005,0.9166666666666666,3.111111111111111,4.0,3.0,1,Frequent High-Value Customers,0
10370,4,415.995,1663.98,0.3333333333333333,3.25,0.0,0.0,0,Occasional Moderate-Value Customers,0
10371,12,684.8975,8218.77,1.0,3.3636363636363638,5.0,2.0,1,Frequent High-Value Customers,0
10372,7,938.2442857142858,6567.71,0.5833333333333334,4.166666666666667,4.0,3.0,0,Occasional Moderate-Value Customers,0
10373,10,795.417,7954.17,0.8333333333333334,3.4444444444444446,2.0,2.0,0,Occasional Moderate-Value Customers,0
10374,6,679.6433333333333,4077.86,0.5,3.5,2.0,0.0,0,Occasional Moderate-Value Customers,0
10375,7,842.4271428571428,5896.99,0.5833333333333334,4.142857142857143,2.0,5.0,0,Occasional Moderate-Value Customers,-1
10376,7,617.7299999999999,4324.11,0.5833333333333334,3.2,2.0,3.0,0,Occasional Moderate-Value Customers,0
10377,12,796.63,9559.56,1.0,4.1,2.0,2.0,1,Frequent High-Value Customers,0
10378,8,772.43125,6179.45,0.6666666666666666,4.0,4.0,5.0,0,Occasional Moderate-Value Customers,0
10379,7,610.58,4274.06,0.5833333333333334,3.4285714285714284,4.0,1.0,0,Occasional Moderate-Value Customers,0
10380,12,619.725,7436.7,1.0,4.1,4.0,6.0,1,Frequent High-Value Customers,0
10381,8,600.235,4801.88,0.6666666666666666,3.625,3.0,1.0,0,Occasional Moderate-Value Customers,0
10382,12,731.9358333333333,8783.23,1.0,3.6,2.0,4.0,1,Frequent High-Value Customers,0
10383,10,757.6510000000001,7576.51,0.8333333333333334,4.444444444444445,3.0,1.0,0,Occasional Moderate-Value Customers,0
10384,6,786.7816666666666,4720.69,0.5,4.0,1.0,2.0,0,Occasional Moderate-Value Customers,0
10385,13,772.6669230769231,10044.67,1.0833333333333333,3.8181818181818183,4.0,6.0,1,Frequent High-Value Customers,0
10386,16,657.733125,10523.73,1.3333333333333333,3.357142857142857,5.0,5.0,1,Frequent High-Value Customers,0
10387,11,676.4763636363637,7441.24,0.9166666666666666,3.727272727272727,4.0,4.0,1,Frequent High-Value Customers,0
10388,12,813.5216666666666,9762.26,1.0,3.5,4.0,5.0,1,Frequent High-Value Customers,0
10389,13,586.5115384615384,7624.65,1.0833333333333333,4.1,2.0,5.0,1,Frequent High-Value Customers,0
10390,7,682.0771428571428,4774.54,0.5833333333333334,4.0,3.0,3.0,0,Occasional Moderate-Value Customers,0
10391,3,1011.86,3035.58,0.25,4.666666666666667,0.0,0.0,0,Occasional Moderate-Value Customers,-1
10392,4,887.11,3548.44,0.3333333333333333,3.75,0.0,0.0,0,Occasional Moderate-Value Customers,0
10393,9,638.9355555555555,5750.42,0.75,4.333333333333333,2.0,3.0,0,Occasional Moderate-Value Customers,0
10394,8,804.4825000000001,6435.860000000001,0.6666666666666666,3.7142857142857144,2.0,0.0,0,Occasional Moderate-Value Customers,0
10395,16,690.25875,11044.14,1.3333333333333333,3.6,5.0,5.0,1,Frequent High-Value Customers,0
10396,18,734.7355555555555,13225.24,1.5,3.5,5.0,8.0,1,Frequent High-Value Customers,-1
10397,9,759.5433333333333,6835.889999999999,0.75,3.75,4.0,3.0,0,Occasional Moderate-Value Customers,0
10398,17,771.5270588235294,13115.96,1.4166666666666667,4.0,6.0,5.0,1,Frequent High-Value Customers,0
10399,9,1006.8933333333334,9062.04,0.75,4.714285714285714,1.0,0.0,0,Occasional Moderate-Value Customers,-1
10400,11,742.7609090909092,8170.370000000001,0.9166666666666666,4.333333333333333,3.0,2.0,1,Frequent High-Value Customers,0
10401,10,805.6659999999999,8056.66,0.8333333333333334,4.142857142857143,4.0,1.0,1,Frequent High-Value Customers,0
10402,10,652.4799999999999,6524.799999999999,0.8333333333333334,3.5,1.0,1.0,0,Occasional Moderate-Value Customers,0
10403,19,587.6742105263157,11165.81,1.5833333333333333,4.071428571428571,6.0,4.0,1,Frequent High-Value Customers,-1
10404,7,450.70285714285717,3154.92,0.5833333333333334,3.5714285714285716,2.0,1.0,0,Occasional Moderate-Value Customers,0
10405,7,681.46,4770.22,0.5833333333333334,4.0,1.0,0.0,0,Occasional Moderate-Value Customers,0
10406,10,692.586,6925.86,0.8333333333333334,3.7,5.0,2.0,1,Frequent High-Value Customers,0
10407,9,576.3622222222223,5187.26,0.75,4.0,3.0,3.0,0,Occasional Moderate-Value Customers,0
10408,8,481.615,3852.92,0.6666666666666666,3.75,2.0,1.0,0,Occasional Moderate-Value Customers,0
10409,11,822.6463636363637,9049.11,0.9166666666666666,3.888888888888889,2.0,3.0,1,Frequent High-Value Customers,0
10410,11,580.9509090909091,6390.46,0.9166666666666666,4.3,3.0,2.0,0,Occasional Moderate-Value Customers,0
10411,16,651.485625,10423.77,1.3333333333333333,4.214285714285714,5.0,5.0,1,Frequent High-Value Customers,0
10412,6,532.8083333333333,3196.85,0.5,4.4,0.0,2.0,0,Occasional Moderate-Value Customers,0
10413,12,756.5225,9078.27,1.0,3.8333333333333335,2.0,4.0,1,Frequent High-Value Customers,0
10414,6,781.66,4689.96,0.5,4.6,3.0,1.0,0,Occasional Moderate-Value Customers,0
10415,11,505.1127272727272,5556.24,0.9166666666666666,4.5,2.0,2.0,0,Occasional Moderate-Value Customers,0
10416,11,752.3372727272726,8275.71,0.9166666666666666,3.875,2.0,4.0,1,Frequent High-Value Customers,0
10417,9,535.1677777777778,4816.51,0.75,4.666666666666667,3.0,3.0,0,Occasional Moderate-Value Customers,0
10418,11,716.7245454545455,7883.97,0.9166666666666666,3.4,3.0,2.0,1,Frequent High-Value Customers,0
10419,7,831.7714285714285,5822.4,0.5833333333333334,4.166666666666667,2.0,1.0,0,Occasional Moderate-Value Customers,0
10420,10,770.756,7707.5599999999995,0.8333333333333334,3.8,4.0,0.0,0,Occasional Moderate-Value Customers,0
10421,9,472.7688888888889,4254.92,0.75,4.444444444444445,4.0,1.0,0,Occasional Moderate-Value Customers,0
10422,6,728.5116666666667,4371.07,0.5,3.6,2.0,4.0,0,Occasional Moderate-Value Customers,0
10423,11,646.9736363636364,7116.71,0.9166666666666666,3.6363636363636362,2.0,4.0,1,Frequent High-Value Customers,0
10424,15,699.6046666666666,10494.07,1.25,3.5384615384615383,7.0,1.0,1,Frequent High-Value Customers,0
10425,7,735.7257142857143,5150.08,0.5833333333333334,3.857142857142857,3.0,1.0,0,Occasional Moderate-Value Customers,0
10426,8,615.87,4926.96,0.6666666666666666,4.25,3.0,3.0,0,Occasional Moderate-Value Customers,0
10427,11,703.3381818181817,7736.719999999999,0.9166666666666666,4.222222222222222,2.0,4.0,1,Frequent High-Value Customers,0
10428,9,664.8544444444444,5983.69,0.75,4.2,6.0,1.0,0,Occasional Moderate-Value Customers,0
10429,13,655.2923076923076,8518.8,1.0833333333333333,3.6363636363636362,5.0,7.0,1,Frequent High-Value Customers,0
10430,12,609.2983333333333,7311.58,1.0,3.5833333333333335,2.0,2.0,1,Frequent High-Value Customers,0
10431,8,518.93375,4151.47,0.6666666666666666,3.625,3.0,0.0,0,Occasional Moderate-Value Customers,0
10432,12,440.2608333333333,5283.13,1.0,3.0,3.0,3.0,1,Frequent High-Value Customers,0
10433,8,752.03875,6016.31,0.6666666666666666,3.8333333333333335,0.0,1.0,0,Occasional Moderate-Value Customers,0
10434,9,647.161111111111,5824.45,0.75,3.888888888888889,2.0,0.0,0,Occasional Moderate-Value Customers,0
10435,10,650.904,6509.04,0.8333333333333334,3.7,6.0,2.0,1,Frequent High-Value Customers,0
10436,10,665.396,6653.96,0.8333333333333334,4.2,2.0,4.0,0,Occasional Moderate-Value Customers,0
10437,6,747.5799999999999,4485.48,0.5,3.8,3.0,2.0,0,Occasional Moderate-Value Customers,0
10438,8,799.3825,6395.06,0.6666666666666666,4.125,5.0,2.0,0,Occasional Moderate-Value Customers,0
10439,16,646.6587499999999,10346.539999999999,1.3333333333333333,3.3333333333333335,3.0,5.0,1,Frequent High-Value Customers,0
10440,14,716.7592857142856,10034.63,1.1666666666666667,4.636363636363637,1.0,2.0,1,Frequent High-Value Customers,0
10441,8,674.20375,5393.63,0.6666666666666666,3.3333333333333335,3.0,1.0,0,Occasional Moderate-Value Customers,0
10442,17,739.6011764705881,12573.22,1.4166666666666667,4.1875,5.0,6.0,1,Frequent High-Value Customers,0
10443,9,558.4266666666667,5025.84,0.75,3.875,4.0,1.0,0,Occasional Moderate-Value Customers,0
10444,9,880.0366666666666,7920.33,0.75,4.0,2.0,2.0,0,Occasional Moderate-Value Customers,0
10445,12,604.0183333333333,7248.22,1.0,4.3,3.0,3.0,1,Frequent High-Value Customers,0
10446,13,622.19,8088.47,1.0833333333333333,3.75,5.0,6.0,1,Frequent High-Value Customers,0
10447,18,856.32,15413.76,1.5,4.0,3.0,4.0,1,Frequent High-Value Customers,-1
10448,11,582.3918181818182,6406.31,0.9166666666666666,4.222222222222222,3.0,4.0,1,Frequent High-Value Customers,0
10449,7,509.3285714285715,3565.3,0.5833333333333334,3.5714285714285716,3.0,3.0,0,Occasional Moderate-Value Customers,0
10450,8,597.02375,4776.19,0.6666666666666666,3.375,1.0,3.0,0,Occasional Moderate-Value Customers,0
10451,6,557.225,3343.35,0.5,2.5,2.0,0.0,0,Occasional Moderate-Value Customers,0
10452,10,568.4010000000001,5684.01,0.8333333333333334,3.7,3.0,3.0,0,Occasional Moderate-Value Customers,0
10453,17,1023.8029411764707,17404.65,1.4166666666666667,3.6923076923076925,5.0,9.0,1,Frequent High-Value Customers,-1
10454,11,638.0427272727273,7018.47,0.9166666666666666,3.5,2.0,1.0,0,Occasional Moderate-Value Customers,0
10455,4,632.4024999999999,2529.6099999999997,0.3333333333333333,4.0,1.0,0.0,0,Occasional Moderate-Value Customers,0
10456,10,813.079,8130.79,0.8333333333333334,3.9,2.0,3.0,1,Frequent High-Value Customers,0
10457,12,655.6316666666667,7867.58,1.0,3.9,6.0,3.0,1,Frequent High-Value Customers,0
10458,12,599.7133333333333,7196.5599999999995,1.0,4.181818181818182,4.0,3.0,1,Frequent High-Value Customers,0
10459,12,749.5825,8994.99,1.0,4.0,5.0,1.0,1,Frequent High-Value Customers,0
10460,10,1030.75,10307.5,0.8333333333333334,4.3,1.0,1.0,1,Frequent High-Value Customers,0
10461,11,705.3090909090909,7758.4,0.9166666666666666,3.5454545454545454,3.0,3.0,1,Frequent High-Value Customers,0
10462,13,487.29153846153844,6334.79,1.0833333333333333,4.5,4.0,4.0,1,Frequent High-Value Customers,0
10463,12,615.21,7382.52,1.0,3.2,3.0,3.0,1,Frequent High-Value Customers,0
10464,12,981.27,11775.24,1.0,3.4545454545454546,4.0,1.0,1,Frequent High-Value Customers,0
10465,12,709.8133333333334,8517.76,1.0,3.1666666666666665,3.0,3.0,1,Frequent High-Value Customers,0
10466,14,699.4821428571429,9792.75,1.1666666666666667,3.6923076923076925,5.0,2.0,1,Frequent High-Value Customers,0
10467,13,813.3746153846155,10573.87,1.0833333333333333,4.083333333333333,2.0,1.0,1,Frequent High-Value Customers,0
10468,9,642.9177777777778,5786.26,0.75,4.142857142857143,2.0,1.0,0,Occasional Moderate-Value Customers,0
10469,10,754.684,7546.84,0.8333333333333334,4.1,3.0,2.0,0,Occasional Moderate-Value Customers,0
10470,12,684.7783333333333,8217.34,1.0,3.6363636363636362,2.0,5.0,1,Frequent High-Value Customers,0
10471,7,767.4799999999999,5372.36,0.5833333333333334,3.4285714285714284,3.0,1.0,0,Occasional Moderate-Value Customers,0
10472,11,772.59,8498.49,0.9166666666666666,3.7777777777777777,2.0,3.0,1,Frequent High-Value Customers,0
10473,11,788.0545454545455,8668.6,0.9166666666666666,3.6363636363636362,4.0,3.0,1,Frequent High-Value Customers,0
10474,10,600.0980000000001,6000.9800000000005,0.8333333333333334,3.4,2.0,2.0,0,Occasional Moderate-Value Customers,0
10475,10,510.997,5109.97,0.8333333333333334,3.3,9.0,4.0,1,Frequent High-Value Customers,-1
10476,7,700.7057142857142,4904.94,0.5833333333333334,3.4,2.0,1.0,0,Occasional Moderate-Value Customers,0
10477,13,727.5961538461538,9458.75,1.0833333333333333,4.090909090909091,6.0,3.0,1,Frequent High-Value Customers,0
10478,5,648.632,3243.16,0.4166666666666667,3.8,0.0,1.0,0,Occasional Moderate-Value Customers,0
10479,9,705.8955555555555,6353.0599999999995,0.75,4.375,3.0,3.0,0,Occasional Moderate-Value Customers,0
10480,16,664.23375,10627.74,1.3333333333333333,4.142857142857143,8.0,7.0,1,Frequent High-Value Customers,-1
10481,10,682.961,6829.610000000001,0.8333333333333334,3.3333333333333335,0.0,2.0,0,Occasional Moderate-Value Customers,0
10482,7,735.7185714285714,5150.03,0.5833333333333334,3.6,0.0,3.0,0,Occasional Moderate-Value Customers,0
10483,12,700.9533333333334,8411.44,1.0,3.3333333333333335,4.0,2.0,1,Frequent High-Value Customers,0
10484,9,591.0344444444444,5319.3099999999995,0.75,4.0,2.0,3.0,0,Occasional Moderate-Value Customers,0
10485,15,527.1393333333333,7907.09,1.25,4.166666666666667,4.0,5.0,1,Frequent High-Value Customers,0
10486,9,1060.7977777777778,9547.18,0.75,4.222222222222222,3.0,3.0,1,Frequent High-Value Customers,2
10487,9,558.16,5023.44,0.75,3.2857142857142856,1.0,2.0,0,Occasional Moderate-Value Customers,0
10488,11,716.7472727272727,7884.22,0.9166666666666666,4.25,2.0,3.0,1,Frequent High-Value Customers,0
10489,7,647.4728571428572,4532.31,0.5833333333333334,4.0,2.0,1.0,0,Occasional Moderate-Value Customers,0
10490,13,712.9284615384615,9268.07,1.0833333333333333,3.923076923076923,3.0,1.0,1,Frequent High-Value Customers,0
10491,8,894.9150000000001,7159.320000000001,0.6666666666666666,3.857142857142857,2.0,1.0,0,Occasional Moderate-Value Customers,0
10492,10,518.5,5185.0,0.8333333333333334,3.0,3.0,1.0,0,Occasional Moderate-Value Customers,0
10493,16,835.72375,13371.58,1.3333333333333333,4.0,3.0,4.0,1,Frequent High-Value Customers,0
10494,5,466.28000000000003,2331.4,0.4166666666666667,3.8,2.0,1.0,0,Occasional Moderate-Value Customers,0
10495,15,544.7626666666667,8171.4400000000005,1.25,4.5,3.0,2.0,1,Frequent High-Value Customers,0
10496,12,741.4908333333333,8897.89,1.0,3.8181818181818183,3.0,1.0,1,Frequent High-Value Customers,0
10497,14,452.88714285714286,6340.42,1.1666666666666667,3.9166666666666665,5.0,1.0,1,Frequent High-Value Customers,0
10498,11,815.7181818181817,8972.9,0.9166666666666666,3.5,4.0,4.0,1,Frequent High-Value Customers,0
10499,14,618.6385714285715,8660.94,1.1666666666666667,4.0,5.0,4.0,1,Frequent High-Value Customers,0
10500,14,660.2792857142857,9243.91,1.1666666666666667,4.153846153846154,2.0,2.0,1,Frequent High-Value Customers,0
10501,10,691.528,6915.280000000001,0.8333333333333334,4.125,5.0,3.0,1,Frequent High-Value Customers,0
10502,6,829.1933333333333,4975.16,0.5,4.166666666666667,1.0,1.0,0,Occasional Moderate-Value Customers,0
10503,8,658.2737500000001,5266.1900000000005,0.6666666666666666,3.857142857142857,2.0,2.0,0,Occasional Moderate-Value Customers,0
10504,10,611.957,6119.57,0.8333333333333334,3.4444444444444446,3.0,5.0,1,Frequent High-Value Customers,0
10505,8,746.0087500000001,5968.070000000001,0.6666666666666666,4.25,2.0,1.0,0,Occasional Moderate-Value Customers,0
10506,4,696.87,2787.48,0.3333333333333333,4.333333333333333,0.0,0.0,0,Occasional Moderate-Value Customers,0
10507,8,710.2737500000001,5682.1900000000005,0.6666666666666666,4.375,3.0,1.0,0,Occasional Moderate-Value Customers,0
10508,7,744.4328571428571,5211.03,0.5833333333333334,4.428571428571429,2.0,1.0,0,Occasional Moderate-Value Customers,0
10509,3,503.92333333333335,1511.77,0.25,4.333333333333333,0.0,2.0,0,Occasional Moderate-Value Customers,-1
10510,11,665.5609090909091,7321.17,0.9166666666666666,3.9,4.0,2.0,1,Frequent High-Value Customers,0
10511,6,663.8116666666666,3982.87,0.5,4.0,0.0,1.0,0,Occasional Moderate-Value Customers,0
10512,11,633.5990909090909,6969.59,0.9166666666666666,4.333333333333333,0.0,4.0,0,Occasional Moderate-Value Customers,0
10513,14,726.9728571428572,10177.62,1.1666666666666667,3.4615384615384617,3.0,5.0,1,Frequent High-Value Customers,0
10514,8,595.5699999999999,4764.5599999999995,0.6666666666666666,4.166666666666667,1.0,3.0,0,Occasional Moderate-Value Customers,0
10515,8,736.96625,5895.73,0.6666666666666666,4.285714285714286,4.0,2.0,0,Occasional Moderate-Value Customers,0
10516,10,740.326,7403.26,0.8333333333333334,3.4,3.0,1.0,0,Occasional Moderate-Value Customers,0
10517,8,793.7887499999999,6350.3099999999995,0.6666666666666666,4.125,1.0,2.0,0,Occasional Moderate-Value Customers,0
10518,6,571.915,3431.49,0.5,3.6,2.0,1.0,0,Occasional Moderate-Value Customers,0
10519,6,523.1933333333333,3139.16,0.5,3.3333333333333335,0.0,3.0,0,Occasional Moderate-Value Customers,0
10520,10,857.3209999999999,8573.21,0.8333333333333334,4.1,3.0,3.0,1,Frequent High-Value Customers,0
10521,11,673.7736363636363,7411.51,0.9166666666666666,3.888888888888889,1.0,3.0,0,Occasional Moderate-Value Customers,0
10522,8,758.99,6071.92,0.6666666666666666,3.75,3.0,1.0,0,Occasional Moderate-Value Customers,0
10523,10,492.03900000000004,4920.39,0.8333333333333334,3.75,1.0,1.0,0,Occasional Moderate-Value Customers,0
10524,16,654.735625,10475.77,1.3333333333333333,4.538461538461538,8.0,5.0,1,Frequent High-Value Customers,0
10525,13,672.1830769230769,8738.38,1.0833333333333333,4.0,1.0,1.0,1,Frequent High-Value Customers,0
10526,7,507.27714285714285,3550.94,0.5833333333333334,4.0,2.0,3.0,0,Occasional Moderate-Value Customers,0
10527,10,559.455,5594.55,0.8333333333333334,3.125,5.0,1.0,0,Occasional Moderate-Value Customers,0
10528,12,653.9833333333333,7847.8,1.0,4.1,3.0,3.0,1,Frequent High-Value Customers,0
10529,8,643.40375,5147.23,0.6666666666666666,4.142857142857143,2.0,2.0,0,Occasional Moderate-Value Customers,0
10530,5,582.962,2914.81,0.4166666666666667,4.25,2.0,2.0,0,Occasional Moderate-Value Customers,0
10531,10,660.833,6608.33,0.8333333333333334,3.7777777777777777,5.0,0.0,0,Occasional Moderate-Value Customers,0
10532,11,832.5027272727272,9157.529999999999,0.9166666666666666,3.888888888888889,3.0,4.0,1,Frequent High-Value Customers,0
10533,14,563.3471428571429,7886.860000000001,1.1666666666666667,4.166666666666667,4.0,4.0,1,Frequent High-Value Customers,0
10534,13,521.5792307692308,6780.53,1.0833333333333333,3.8461538461538463,3.0,2.0,1,Frequent High-Value Customers,0
10535,13,743.0953846153845,9660.24,1.0833333333333333,4.1,4.0,5.0,1,Frequent High-Value Customers,0
10536,8,522.525,4180.2,0.6666666666666666,3.3333333333333335,3.0,2.0,0,Occasional Moderate-Value Customers,0
10537,14,770.4771428571429,10786.68,1.1666666666666667,3.8,5.0,4.0,1,Frequent High-Value Customers,0
10538,9,731.0966666666667,6579.87,0.75,2.75,4.0,4.0,1,Frequent High-Value Customers,0
10539,7,548.9714285714286,3842.8,0.5833333333333334,3.857142857142857,1.0,0.0,0,Occasional Moderate-Value Customers,0
10540,8,459.7925,3678.34,0.6666666666666666,3.625,2.0,2.0,0,Occasional Moderate-Value Customers,0
10541,6,813.4133333333333,4880.48,0.5,4.166666666666667,1.0,4.0,0,Occasional Moderate-Value Customers,0
10542,6,536.4066666666666,3218.44,0.5,3.25,0.0,1.0,0,Occasional Moderate-Value Customers,0
10543,7,780.7271428571429,5465.09,0.5833333333333334,3.857142857142857,0.0,1.0,0,Occasional Moderate-Value Customers,0
10544,10,684.057,6840.57,0.8333333333333334,3.5,4.0,2.0,0,Occasional Moderate-Value Customers,0
10545,10,546.014,5460.14,0.8333333333333334,3.8333333333333335,4.0,2.0,0,Occasional Moderate-Value Customers,0
10546,7,682.6614285714286,4778.63,0.5833333333333334,4.0,3.0,3.0,0,Occasional Moderate-Value Customers,0
10547,12,681.22,8174.64,1.0,4.181818181818182,3.0,2.0,1,Frequent High-Value Customers,0
10548,6,686.08,4116.4800000000005,0.5,4.4,0.0,1.0,0,Occasional Moderate-Value Customers,0
10549,11,731.8118181818182,8049.93,0.9166666666666666,4.2,5.0,1.0,1,Frequent High-Value Customers,0
10550,9,585.6277777777777,5270.65,0.75,4.25,4.0,2.0,0,Occasional Moderate-Value Customers,0
10551,9,625.8444444444444,5632.6,0.75,3.5714285714285716,3.0,0.0,0,Occasional Moderate-Value Customers,0
10552,13,515.7223076923077,6704.39,1.0833333333333333,3.8461538461538463,2.0,1.0,1,Frequent High-Value Customers,0
10553,10,797.7639999999999,7977.639999999999,0.8333333333333334,4.375,2.0,6.0,1,Frequent High-Value Customers,0
10554,8,687.17125,5497.37,0.6666666666666666,4.125,1.0,2.0,0,Occasional Moderate-Value Customers,0
10555,17,678.5411764705883,11535.2,1.4166666666666667,4.066666666666666,5.0,6.0,1,Frequent High-Value Customers,0
10556,8,620.215,4961.72,0.6666666666666666,3.8333333333333335,3.0,2.0,0,Occasional Moderate-Value Customers,0
10557,6,689.7916666666666,4138.75,0.5,4.0,1.0,2.0,0,Occasional Moderate-Value Customers,0
10558,11,624.7427272727273,6872.17,0.9166666666666666,3.888888888888889,3.0,2.0,1,Frequent High-Value Customers,0
10559,16,819.549375,13112.79,1.3333333333333333,3.727272727272727,6.0,5.0,1,Frequent High-Value Customers,0
10560,11,732.1963636363636,8054.16,0.9166666666666666,4.090909090909091,2.0,3.0,1,Frequent High-Value Customers,0
10561,6,832.4616666666667,4994.77,0.5,2.5,1.0,0.0,0,Occasional Moderate-Value Customers,-1
10562,8,714.135,5713.08,0.6666666666666666,3.2857142857142856,1.0,2.0,0,Occasional Moderate-Value Customers,0
10563,10,488.913,4889.13,0.8333333333333334,3.5555555555555554,2.0,2.0,0,Occasional Moderate-Value Customers,0
10564,10,590.643,5906.43,0.8333333333333334,3.7777777777777777,2.0,2.0,0,Occasional Moderate-Value Customers,0
10565,5,776.552,3882.76,0.4166666666666667,4.2,2.0,0.0,0,Occasional Moderate-Value Customers,0
10566,15,908.1093333333333,13621.64,1.25,3.2666666666666666,2.0,4.0,1,Frequent High-Value Customers,-1
10567,10,689.8190000000001,6898.1900000000005,0.8333333333333334,3.142857142857143,2.0,2.0,0,Occasional Moderate-Value Customers,0
10568,7,589.2914285714286,4125.04,0.5833333333333334,2.5714285714285716,3.0,2.0,0,Occasional Moderate-Value Customers,0
10569,13,788.2976923076923,10247.869999999999,1.0833333333333333,3.6363636363636362,2.0,3.0,1,Frequent High-Value Customers,0
10570,8,588.61625,4708.93,0.6666666666666666,4.142857142857143,3.0,2.0,0,Occasional Moderate-Value Customers,0
10571,7,649.8042857142857,4548.63,0.5833333333333334,4.0,1.0,3.0,0,Occasional Moderate-Value Customers,0
10572,5,276.998,1384.99,0.4166666666666667,4.333333333333333,2.0,1.0,0,Occasional Moderate-Value Customers,0
10573,10,707.554,7075.54,0.8333333333333334,3.7142857142857144,1.0,2.0,0,Occasional Moderate-Value Customers,0
10574,5,716.1,3580.5,0.4166666666666667,4.4,2.0,1.0,0,Occasional Moderate-Value Customers,0
10575,13,704.8269230769231,9162.75,1.0833333333333333,4.0,2.0,4.0,1,Frequent High-Value Customers,0
10576,8,530.735,4245.88,0.6666666666666666,3.7142857142857144,2.0,0.0,0,Occasional Moderate-Value Customers,0
10577,10,839.2379999999999,8392.38,0.8333333333333334,3.5,2.0,2.0,0,Occasional Moderate-Value Customers,0
10578,13,577.5776923076924,7508.51,1.0833333333333333,3.4545454545454546,4.0,2.0,1,Frequent High-Value Customers,0
10579,14,894.4735714285714,12522.63,1.1666666666666667,3.923076923076923,3.0,5.0,1,Frequent High-Value Customers,0
10580,9,566.85,5101.650000000001,0.75,3.875,3.0,1.0,0,Occasional Moderate-Value Customers,0
10581,12,684.5258333333333,8214.31,1.0,3.090909090909091,3.0,4.0,1,Frequent High-Value Customers,0
10582,6,506.02,3036.12,0.5,4.6,0.0,1.0,0,Occasional Moderate-Value Customers,0
10583,12,417.3558333333333,5008.2699999999995,1.0,4.0,5.0,2.0,1,Frequent High-Value Customers,0
10584,13,538.5584615384615,7001.26,1.0833333333333333,3.1,5.0,1.0,1,Frequent High-Value Customers,0
10585,10,813.794,8137.94,0.8333333333333334,4.2,3.0,4.0,1,Frequent High-Value Customers,0
10586,11,506.29636363636365,5569.26,0.9166666666666666,3.4545454545454546,1.0,3.0,0,Occasional Moderate-Value Customers,0
10587,11,525.3372727272728,5778.71,0.9166666666666666,3.909090909090909,7.0,5.0,1,Frequent High-Value Customers,-1
10588,7,941.5242857142857,6590.67,0.5833333333333334,4.285714285714286,3.0,0.0,0,Occasional Moderate-Value Customers,0
10589,16,681.17375,10898.78,1.3333333333333333,3.625,4.0,7.0,1,Frequent High-Value Customers,0
10590,14,854.8914285714285,11968.48,1.1666666666666667,3.5,4.0,1.0,1,Frequent High-Value Customers,0
10591,16,701.67875,11226.86,1.3333333333333333,4.066666666666666,2.0,4.0,1,Frequent High-Value Customers,0
10592,9,478.09222222222223,4302.83,0.75,4.428571428571429,4.0,2.0,0,Occasional Moderate-Value Customers,0
10593,9,749.8,6748.2,0.75,3.3333333333333335,1.0,1.0,0,Occasional Moderate-Value Customers,0
10594,11,952.5854545454546,10478.44,0.9166666666666666,3.6363636363636362,3.0,3.0,1,Frequent High-Value Customers,0
10595,10,960.624,9606.24,0.8333333333333334,3.5,1.0,2.0,1,Frequent High-Value Customers,0
10596,13,607.5769230769231,7898.5,1.0833333333333333,4.0,2.0,3.0,1,Frequent High-Value Customers,0
10597,13,546.3784615384616,7102.92,1.0833333333333333,3.769230769230769,6.0,4.0,1,Frequent High-Value Customers,0
10598,14,550.0792857142857,7701.11,1.1666666666666667,3.4166666666666665,3.0,4.0,1,Frequent High-Value Customers,0
10599,8,939.98,7519.84,0.6666666666666666,4.166666666666667,0.0,1.0,0,Occasional Moderate-Value Customers,0
10600,9,642.42,5781.78,0.75,3.2222222222222223,4.0,2.0,0,Occasional Moderate-Value Customers,0
10601,11,843.8690909090909,9282.56,0.9166666666666666,3.6666666666666665,4.0,2.0,1,Frequent High-Value Customers,0
10602,10,740.944,7409.44,0.8333333333333334,3.7,0.0,4.0,0,Occasional Moderate-Value Customers,0
10603,11,579.3645454545455,6373.01,0.9166666666666666,3.8,5.0,3.0,1,Frequent High-Value Customers,0
10604,15,759.062,11385.93,1.25,4.25,8.0,4.0,1,Frequent High-Value Customers,0
10605,11,644.5190909090909,7089.71,0.9166666666666666,3.8,0.0,4.0,0,Occasional Moderate-Value Customers,0
10606,8,690.39875,5523.19,0.6666666666666666,3.5714285714285716,2.0,1.0,0,Occasional Moderate-Value Customers,0
10607,12,657.3058333333333,7887.67,1.0,4.6,4.0,3.0,1,Frequent High-Value Customers,0
10608,11,637.0645454545455,7007.71,0.9166666666666666,3.9,2.0,5.0,1,Frequent High-Value Customers,0
10609,14,624.72,8746.08,1.1666666666666667,3.4,7.0,4.0,1,Frequent High-Value Customers,0
10610,10,843.8059999999999,8438.06,0.8333333333333334,3.875,5.0,0.0,1,Frequent High-Value Customers,0
10611,11,919.57,10115.27,0.9166666666666666,3.6,4.0,2.0,1,Frequent High-Value Customers,0
10612,15,613.6233333333333,9204.35,1.25,3.933333333333333,5.0,4.0,1,Frequent High-Value Customers,0
10613,13,696.7692307692307,9058.0,1.0833333333333333,4.1,4.0,1.0,1,Frequent High-Value Customers,0
10614,9,788.8333333333334,7099.5,0.75,4.111111111111111,0.0,1.0,0,Occasional Moderate-Value Customers,0
10615,17,910.8435294117647,15484.34,1.4166666666666667,3.8125,3.0,4.0,1,Frequent High-Value Customers,0
10616,8,989.69,7917.52,0.6666666666666666,4.625,4.0,1.0,0,Occasional Moderate-Value Customers,0
10617,7,444.59285714285716,3112.15,0.5833333333333334,4.285714285714286,2.0,3.0,0,Occasional Moderate-Value Customers,0
10618,7,428.8671428571429,3002.07,0.5833333333333334,4.285714285714286,5.0,2.0,0,Occasional Moderate-Value Customers,-1
10619,10,770.1510000000001,7701.51,0.8333333333333334,4.285714285714286,1.0,2.0,0,Occasional Moderate-Value Customers,0
10620,10,574.201,5742.01,0.8333333333333334,3.3333333333333335,4.0,1.0,0,Occasional Moderate-Value Customers,0
10621,17,626.22,10645.74,1.4166666666666667,4.125,3.0,6.0,1,Frequent High-Value Customers,0
10622,12,636.9166666666666,7643.0,1.0,3.5,4.0,5.0,1,Frequent High-Value Customers,0
10623,9,576.77,5190.93,0.75,3.75,3.0,2.0,0,Occasional Moderate-Value Customers,0
10624,13,587.9384615384615,7643.2,1.0833333333333333,4.076923076923077,3.0,3.0,1,Frequent High-Value Customers,0
10625,8,615.84875,4926.79,0.6666666666666666,4.375,2.0,2.0,0,Occasional Moderate-Value Customers,0
10626,11,725.8963636363636,7984.86,0.9166666666666666,3.5454545454545454,4.0,4.0,1,Frequent High-Value Customers,0
10627,15,576.0026666666668,8640.04,1.25,3.8,4.0,5.0,1,Frequent High-Value Customers,0
10628,14,557.105,7799.47,1.1666666666666667,3.9,6.0,4.0,1,Frequent High-Value Customers,0
10629,11,788.1872727272727,8670.06,0.9166666666666666,4.363636363636363,3.0,2.0,1,Frequent High-Value Customers,0
10630,6,825.23,4951.38,0.5,4.166666666666667,0.0,2.0,0,Occasional Moderate-Value Customers,0
10631,10,698.6949999999999,6986.95,0.8333333333333334,4.2,1.0,2.0,0,Occasional Moderate-Value Customers,0
10632,17,730.0070588235294,12410.12,1.4166666666666667,4.0,6.0,5.0,1,Frequent High-Value Customers,0
10633,8,726.4175,5811.34,0.6666666666666666,3.875,1.0,1.0,0,Occasional Moderate-Value Customers,0
10634,10,637.278,6372.78,0.8333333333333334,4.0,0.0,4.0,0,Occasional Moderate-Value Customers,0
10635,6,644.655,3867.93,0.5,4.166666666666667,4.0,2.0,0,Occasional Moderate-Value Customers,0
10636,5,748.242,3741.2099999999996,0.4166666666666667,3.8,1.0,0.0,0,Occasional Moderate-Value Customers,0
10637,10,538.131,5381.3099999999995,0.8333333333333334,4.0,2.0,2.0,0,Occasional Moderate-Value Customers,0
10638,8,1056.21625,8449.73,0.6666666666666666,4.375,2.0,0.0,0,Occasional Moderate-Value Customers,0
10639,9,817.0688888888889,7353.62,0.75,4.142857142857143,4.0,4.0,1,Frequent High-Value Customers,0
10640,8,527.1625,4217.3,0.6666666666666666,3.6666666666666665,2.0,2.0,0,Occasional Moderate-Value Customers,0
10641,10,750.176,7501.76,0.8333333333333334,4.0,4.0,1.0,0,Occasional Moderate-Value Customers,0
10642,12,730.3858333333333,8764.63,1.0,4.0,5.0,3.0,1,Frequent High-Value Customers,0
10643,6,562.4633333333333,3374.7799999999997,0.5,4.333333333333333,0.0,2.0,0,Occasional Moderate-Value Customers,0
10644,12,755.0866666666667,9061.04,1.0,4.2727272727272725,3.0,7.0,1,Frequent High-Value Customers,0
10645,8,578.0875,4624.7,0.6666666666666666,2.857142857142857,1.0,1.0,0,Occasional Moderate-Value Customers,0
10646,9,815.6466666666666,7340.82,0.75,4.125,2.0,0.0,0,Occasional Moderate-Value Customers,0
10647,10,594.45,5944.5,0.8333333333333334,3.7,3.0,3.0,0,Occasional Moderate-Value Customers,0
10648,9,576.3044444444445,5186.74,0.75,4.285714285714286,3.0,3.0,0,Occasional Moderate-Value Customers,0
10649,5,628.034,3140.17,0.4166666666666667,4.0,1.0,2.0,0,Occasional Moderate-Value Customers,0
10650,9,781.6755555555555,7035.08,0.75,4.111111111111111,4.0,1.0,0,Occasional Moderate-Value Customers,0
10651,10,652.693,6526.93,0.8333333333333334,4.444444444444445,1.0,3.0,0,Occasional Moderate-Value Customers,0
10652,6,1131.935,6791.61,0.5,3.1666666666666665,1.0,1.0,0,Occasional Moderate-Value Customers,0
10653,11,582.2309090909091,6404.54,0.9166666666666666,4.333333333333333,1.0,1.0,0,Occasional Moderate-Value Customers,0
10654,9,817.7344444444444,7359.61,0.75,3.875,2.0,1.0,0,Occasional Moderate-Value Customers,0
10655,18,673.6516666666666,12125.73,1.5,3.642857142857143,4.0,8.0,1,Frequent High-Value Customers,-1
10656,14,665.6678571428572,9319.35,1.1666666666666667,3.8333333333333335,2.0,1.0,1,Frequent High-Value Customers,0
10657,13,646.2223076923076,8400.89,1.0833333333333333,2.909090909090909,4.0,5.0,1,Frequent High-Value Customers,0
10658,10,730.4019999999999,7304.0199999999995,0.8333333333333334,4.555555555555555,4.0,3.0,1,Frequent High-Value Customers,0
10659,10,626.721,6267.21,0.8333333333333334,3.4,4.0,3.0,1,Frequent High-Value Customers,0
10660,9,824.4000000000001,7419.6,0.75,4.625,3.0,1.0,0,Occasional Moderate-Value Customers,0
10661,8,674.045,5392.36,0.6666666666666666,3.5714285714285716,5.0,1.0,0,Occasional Moderate-Value Customers,0
10662,10,700.484,7004.84,0.8333333333333334,3.625,4.0,1.0,0,Occasional Moderate-Value Customers,0
10663,7,514.6542857142857,3602.58,0.5833333333333334,3.6,1.0,4.0,0,Occasional Moderate-Value Customers,0
10664,7,499.2371428571428,3494.66,0.5833333333333334,3.857142857142857,2.0,2.0,0,Occasional Moderate-Value Customers,0
10665,14,889.7021428571428,12455.83,1.1666666666666667,3.909090909090909,4.0,2.0,1,Frequent High-Value Customers,0
10666,10,914.119,9141.19,0.8333333333333334,4.375,3.0,2.0,1,Frequent High-Value Customers,0
10667,14,727.7907142857142,10189.07,1.1666666666666667,4.0,3.0,5.0,1,Frequent High-Value Customers,0
10668,8,545.8462499999999,4366.7699999999995,0.6666666666666666,4.4,2.0,1.0,0,Occasional Moderate-Value Customers,0
10669,10,552.226,5522.26,0.8333333333333334,4.25,4.0,6.0,1,Frequent High-Value Customers,-1
10670,9,595.8499999999999,5362.65,0.75,3.7142857142857144,1.0,5.0,0,Occasional Moderate-Value Customers,0
10671,7,622.3842857142857,4356.6900000000005,0.5833333333333334,3.857142857142857,1.0,3.0,0,Occasional Moderate-Value Customers,0
10672,8,740.28875,5922.31,0.6666666666666666,3.4285714285714284,2.0,2.0,0,Occasional Moderate-Value Customers,0
10673,4,541.8425,2167.37,0.3333333333333333,3.75,2.0,2.0,0,Occasional Moderate-Value Customers,0
10674,14,703.78,9852.92,1.1666666666666667,4.166666666666667,7.0,0.0,1,Frequent High-Value Customers,0
10675,9,813.1511111111112,7318.360000000001,0.75,4.0,4.0,2.0,0,Occasional Moderate-Value Customers,0
10676,16,568.620625,9097.93,1.3333333333333333,4.125,6.0,2.0,1,Frequent High-Value Customers,0
10677,6,766.3883333333333,4598.33,0.5,4.166666666666667,2.0,1.0,0,Occasional Moderate-Value Customers,0
10678,10,764.979,7649.79,0.8333333333333334,4.0,2.0,0.0,0,Occasional Moderate-Value Customers,0
10679,7,511.8971428571428,3583.2799999999997,0.5833333333333334,3.5714285714285716,1.0,1.0,0,Occasional Moderate-Value Customers,0
10680,11,686.98,7556.780000000001,0.9166666666666666,3.6666666666666665,3.0,3.0,1,Frequent High-Value Customers,0
10681,20,939.162,18783.24,1.6666666666666667,3.823529411764706,7.0,5.0,1,Frequent High-Value Customers,-1
10682,18,697.451111111111,12554.119999999999,1.5,4.0625,5.0,5.0,1,Frequent High-Value Customers,0
10683,8,825.44125,6603.53,0.6666666666666666,3.375,2.0,3.0,0,Occasional Moderate-Value Customers,0
10684,8,870.6025,6964.82,0.6666666666666666,3.2857142857142856,3.0,2.0,0,Occasional Moderate-Value Customers,0
10685,11,711.0336363636363,7821.37,0.9166666666666666,3.888888888888889,2.0,2.0,1,Frequent High-Value Customers,0
10686,8,567.91625,4543.33,0.6666666666666666,4.375,3.0,4.0,0,Occasional Moderate-Value Customers,0
10687,13,779.9653846153846,10139.55,1.0833333333333333,4.230769230769231,4.0,4.0,1,Frequent High-Value Customers,0
10688,13,649.52,8443.76,1.0833333333333333,4.2727272727272725,3.0,3.0,1,Frequent High-Value Customers,0
10689,16,655.265,10484.24,1.3333333333333333,4.071428571428571,7.0,5.0,1,Frequent High-Value Customers,0
10690,9,624.5777777777778,5621.2,0.75,3.142857142857143,4.0,1.0,0,Occasional Moderate-Value Customers,0
10691,9,529.3911111111111,4764.5199999999995,0.75,4.444444444444445,1.0,2.0,0,Occasional Moderate-Value Customers,0
10692,8,721.1275,5769.02,0.6666666666666666,4.0,2.0,1.0,0,Occasional Moderate-Value Customers,0
10693,8,735.55875,5884.47,0.6666666666666666,3.375,3.0,2.0,0,Occasional Moderate-Value Customers,0
10694,9,654.5222222222222,5890.7,0.75,4.111111111111111,3.0,1.0,0,Occasional Moderate-Value Customers,0
10695,9,865.3333333333334,7788.0,0.75,4.125,2.0,0.0,0,Occasional Moderate-Value Customers,0
10696,16,478.155,7650.48,1.3333333333333333,3.923076923076923,5.0,7.0,1,Frequent High-Value Customers,-1
10697,8,906.8075,7254.46,0.6666666666666666,3.125,0.0,4.0,0,Occasional Moderate-Value Customers,0
10698,9,454.7388888888889,4092.65,0.75,4.222222222222222,3.0,1.0,0,Occasional Moderate-Value Customers,0
10699,9,611.3922222222222,5502.53,0.75,4.428571428571429,1.0,2.0,0,Occasional Moderate-Value Customers,0
10700,7,505.9142857142857,3541.4,0.5833333333333334,2.0,2.0,2.0,0,Occasional Moderate-Value Customers,-1
10701,13,728.9976923076922,9476.97,1.0833333333333333,4.0,1.0,3.0,1,Frequent High-Value Customers,0
10702,10,551.1310000000001,5511.31,0.8333333333333334,3.5555555555555554,2.0,2.0,0,Occasional Moderate-Value Customers,0
10703,12,807.3283333333334,9687.94,1.0,4.090909090909091,4.0,3.0,1,Frequent High-Value Customers,0
10704,8,511.8175,4094.54,0.6666666666666666,4.0,2.0,3.0,0,Occasional Moderate-Value Customers,0
10705,9,789.24,7103.16,0.75,4.5,3.0,2.0,0,Occasional Moderate-Value Customers,0
10706,10,763.736,7637.36,0.8333333333333334,3.888888888888889,2.0,1.0,0,Occasional Moderate-Value Customers,0
10707,9,601.9922222222223,5417.93,0.75,3.875,2.0,1.0,0,Occasional Moderate-Value Customers,0
10708,5,785.818,3929.09,0.4166666666666667,5.0,0.0,2.0,0,Occasional Moderate-Value Customers,0
10709,16,790.55375,12648.86,1.3333333333333333,4.0,3.0,4.0,1,Frequent High-Value Customers,0
10710,10,641.9680000000001,6419.68,0.8333333333333334,4.4,1.0,1.0,0,Occasional Moderate-Value Customers,0
10711,4,562.49,2249.96,0.3333333333333333,3.6666666666666665,0.0,0.0,0,Occasional Moderate-Value Customers,0
10712,4,516.4975,2065.99,0.3333333333333333,4.25,0.0,2.0,0,Occasional Moderate-Value Customers,0
10713,13,603.1392307692308,7840.81,1.0833333333333333,3.9166666666666665,3.0,1.0,1,Frequent High-Value Customers,0
10714,8,845.71625,6765.73,0.6666666666666666,4.375,1.0,2.0,0,Occasional Moderate-Value Customers,0
10715,10,687.697,6876.97,0.8333333333333334,4.125,6.0,2.0,1,Frequent High-Value Customers,0
10716,10,779.229,7792.29,0.8333333333333334,2.9,2.0,2.0,0,Occasional Moderate-Value Customers,0
10717,10,557.03,5570.3,0.8333333333333334,3.5,2.0,3.0,0,Occasional Moderate-Value Customers,0
10718,11,576.919090909091,6346.110000000001,0.9166666666666666,3.9,2.0,3.0,0,Occasional Moderate-Value Customers,0
10719,6,759.6833333333334,4558.1,0.5,4.166666666666667,2.0,2.0,0,Occasional Moderate-Value Customers,0
10720,13,540.3415384615384,7024.4400000000005,1.0833333333333333,4.0,1.0,2.0,1,Frequent High-Value Customers,0
10721,17,626.8423529411765,10656.32,1.4166666666666667,3.7333333333333334,5.0,7.0,1,Frequent High-Value Customers,0
10722,13,520.5884615384615,6767.65,1.0833333333333333,3.7,5.0,4.0,1,Frequent High-Value Customers,0
10723,9,508.75111111111113,4578.76,0.75,3.857142857142857,3.0,2.0,0,Occasional Moderate-Value Customers,0
10724,9,495.7344444444444,4461.61,0.75,3.7777777777777777,3.0,3.0,0,Occasional Moderate-Value Customers,0
10725,16,766.2125,12259.4,1.3333333333333333,4.153846153846154,2.0,5.0,1,Frequent High-Value Customers,0
10726,6,692.0483333333333,4152.29,0.5,3.4,2.0,2.0,0,Occasional Moderate-Value Customers,0
10727,20,748.8505,14977.01,1.6666666666666667,3.7,4.0,6.0,1,Frequent High-Value Customers,-1
10728,8,733.64125,5869.13,0.6666666666666666,3.5714285714285716,2.0,3.0,0,Occasional Moderate-Value Customers,0
10729,10,458.582,4585.82,0.8333333333333334,3.7777777777777777,3.0,3.0,0,Occasional Moderate-Value Customers,0
10730,2,1206.835,2413.67,0.16666666666666666,3.0,1.0,0.0,0,Occasional Moderate-Value Customers,-1
10731,12,805.8183333333333,9669.82,1.0,4.4,2.0,3.0,1,Frequent High-Value Customers,0
10732,14,538.6378571428571,7540.93,1.1666666666666667,3.5384615384615383,2.0,6.0,1,Frequent High-Value Customers,0
10733,10,902.9530000000001,9029.53,0.8333333333333334,3.625,2.0,2.0,1,Frequent High-Value Customers,0
10734,9,687.1422222222222,6184.28,0.75,3.5555555555555554,2.0,4.0,0,Occasional Moderate-Value Customers,0
10735,13,692.1515384615384,8997.97,1.0833333333333333,4.090909090909091,5.0,2.0,1,Frequent High-Value Customers,0
10736,9,722.79,6505.11,0.75,4.0,3.0,2.0,0,Occasional Moderate-Value Customers,0
10737,11,691.5981818181818,7607.58,0.9166666666666666,3.7,2.0,4.0,1,Frequent High-Value Customers,0
10738,13,511.27461538461534,6646.57,1.0833333333333333,4.181818181818182,4.0,5.0,1,Frequent High-Value Customers,0
10739,12,682.0275,8184.33,1.0,4.0,4.0,3.0,1,Frequent High-Value Customers,0
10740,9,763.3255555555555,6869.929999999999,0.75,4.0,2.0,1.0,0,Occasional Moderate-Value Customers,0
10741,7,587.4399999999999,4112.08,0.5833333333333334,3.6666666666666665,0.0,0.0,0,Occasional Moderate-Value Customers,0
10742,15,769.1393333333333,11537.09,1.25,3.7333333333333334,4.0,5.0,1,Frequent High-Value Customers,0
10743,6,684.4350000000001,4106.610000000001,0.5,3.6,0.0,1.0,0,Occasional Moderate-Value Customers,0
10744,9,749.2933333333334,6743.64,0.75,3.75,4.0,7.0,1,Frequent High-Value Customers,0
10745,13,610.093076923077,7931.21,1.0833333333333333,3.909090909090909,6.0,4.0,1,Frequent High-Value Customers,0
10746,14,703.5457142857142,9849.64,1.1666666666666667,3.9166666666666665,5.0,5.0,1,Frequent High-Value Customers,0
10747,10,603.342,6033.42,0.8333333333333334,4.0,4.0,2.0,0,Occasional Moderate-Value Customers,0
10748,14,679.9707142857143,9519.59,1.1666666666666667,4.153846153846154,6.0,5.0,1,Frequent High-Value Customers,0
10749,12,732.5883333333333,8791.06,1.0,3.909090909090909,2.0,2.0,1,Frequent High-Value Customers,0
10750,12,606.0575,7272.69,1.0,3.9166666666666665,4.0,3.0,1,Frequent High-Value Customers,0
10751,10,431.61799999999994,4316.179999999999,0.8333333333333334,3.9,3.0,4.0,0,Occasional Moderate-Value Customers,0
10752,10,626.423,6264.23,0.8333333333333334,4.125,1.0,4.0,0,Occasional Moderate-Value Customers,0
10753,9,540.6744444444444,4866.07,0.75,3.7142857142857144,0.0,1.0,0,Occasional Moderate-Value Customers,0
10754,11,725.1527272727272,7976.68,0.9166666666666666,3.5,1.0,6.0,1,Frequent High-Value Customers,0
10755,8,605.935,4847.48,0.6666666666666666,4.125,3.0,1.0,0,Occasional Moderate-Value Customers,0
10756,15,822.2,12333.0,1.25,4.357142857142857,4.0,2.0,1,Frequent High-Value Customers,0
10757,9,699.5744444444445,6296.17,0.75,3.75,1.0,2.0,0,Occasional Moderate-Value Customers,0
10758,5,517.5060000000001,2587.53,0.4166666666666667,3.6666666666666665,1.0,1.0,0,Occasional Moderate-Value Customers,0
10759,10,614.785,6147.849999999999,0.8333333333333334,3.875,2.0,4.0,0,Occasional Moderate-Value Customers,0
10760,8,735.4525,5883.62,0.6666666666666666,4.375,3.0,2.0,0,Occasional Moderate-Value Customers,0
10761,7,982.2428571428571,6875.7,0.5833333333333334,4.0,3.0,1.0,0,Occasional Moderate-Value Customers,0
10762,13,733.2815384615385,9532.66,1.0833333333333333,3.8181818181818183,4.0,6.0,1,Frequent High-Value Customers,0
10763,10,613.168,6131.68,0.8333333333333334,3.888888888888889,1.0,2.0,0,Occasional Moderate-Value Customers,0
10764,11,612.7336363636364,6740.070000000001,0.9166666666666666,3.888888888888889,1.0,4.0,1,Frequent High-Value Customers,0
10765,14,808.5485714285714,11319.68,1.1666666666666667,3.9166666666666665,5.0,3.0,1,Frequent High-Value Customers,0
10766,9,324.62333333333333,2921.61,0.75,3.75,2.0,2.0,0,Occasional Moderate-Value Customers,0
10767,10,1003.1720000000001,10031.720000000001,0.8333333333333334,3.9,3.0,3.0,1,Frequent High-Value Customers,0
10768,10,644.415,6444.15,0.8333333333333334,3.5714285714285716,5.0,2.0,1,Frequent High-Value Customers,0
10769,11,558.7754545454545,6146.53,0.9166666666666666,3.9,5.0,2.0,1,Frequent High-Value Customers,0
10770,11,745.8154545454545,8203.97,0.9166666666666666,4.3,5.0,3.0,1,Frequent High-Value Customers,0
10771,7,666.0699999999999,4662.49,0.5833333333333334,4.166666666666667,1.0,2.0,0,Occasional Moderate-Value Customers,0
10772,12,772.9441666666667,9275.33,1.0,4.181818181818182,7.0,3.0,1,Frequent High-Value Customers,0
10773,4,619.8575,2479.43,0.3333333333333333,3.75,2.0,1.0,0,Occasional Moderate-Value Customers,0
10774,13,654.9599999999999,8514.48,1.0833333333333333,3.272727272727273,3.0,4.0,1,Frequent High-Value Customers,0
10775,10,582.762,5827.62,0.8333333333333334,3.3333333333333335,1.0,2.0,0,Occasional Moderate-Value Customers,0
10776,9,897.7944444444444,8080.15,0.75,3.625,3.0,1.0,0,Occasional Moderate-Value Customers,0
10777,5,456.03000000000003,2280.15,0.4166666666666667,4.0,3.0,1.0,0,Occasional Moderate-Value Customers,0
10778,13,617.4661538461539,8027.06,1.0833333333333333,3.769230769230769,4.0,5.0,1,Frequent High-Value Customers,0
10779,12,510.7825,6129.39,1.0,4.545454545454546,7.0,7.0,1,Frequent High-Value Customers,-1
10780,11,738.4327272727273,8122.76,0.9166666666666666,3.8181818181818183,3.0,4.0,1,Frequent High-Value Customers,0
10781,10,641.859,6418.59,0.8333333333333334,4.1,4.0,3.0,1,Frequent High-Value Customers,0
10782,10,416.244,4162.4400000000005,0.8333333333333334,4.0,4.0,4.0,0,Occasional Moderate-Value Customers,0
10783,11,638.8754545454545,7027.63,0.9166666666666666,4.454545454545454,3.0,6.0,1,Frequent High-Value Customers,0
10784,17,820.0164705882353,13940.279999999999,1.4166666666666667,3.6875,3.0,5.0,1,Frequent High-Value Customers,-1
10785,12,613.8675,7366.41,1.0,4.0,2.0,7.0,1,Frequent High-Value Customers,0
10786,7,475.8228571428571,3330.7599999999998,0.5833333333333334,3.7142857142857144,2.0,3.0,0,Occasional Moderate-Value Customers,0
10787,12,722.3425000000001,8668.11,1.0,3.8181818181818183,4.0,1.0,1,Frequent High-Value Customers,0
10788,9,796.3377777777778,7167.04,0.75,4.25,1.0,3.0,0,Occasional Moderate-Value Customers,0
10789,13,758.3084615384615,9858.01,1.0833333333333333,3.9166666666666665,6.0,2.0,1,Frequent High-Value Customers,0
10790,6,882.4933333333333,5294.96,0.5,3.6666666666666665,2.0,0.0,0,Occasional Moderate-Value Customers,0
10791,9,679.3499999999999,6114.15,0.75,3.0,3.0,5.0,0,Occasional Moderate-Value Customers,0
10792,4,867.045,3468.18,0.3333333333333333,4.666666666666667,1.0,1.0,0,Occasional Moderate-Value Customers,0
10793,4,747.3,2989.2,0.3333333333333333,3.5,1.0,2.0,0,Occasional Moderate-Value Customers,0
10794,14,490.77000000000004,6870.780000000001,1.1666666666666667,3.75,4.0,1.0,1,Frequent High-Value Customers,0
10795,11,508.74090909090904,5596.15,0.9166666666666666,4.4,3.0,1.0,0,Occasional Moderate-Value Customers,0
10796,9,420.17777777777775,3781.6,0.75,4.0,3.0,2.0,0,Occasional Moderate-Value Customers,0
10797,13,641.823076923077,8343.7,1.0833333333333333,3.8333333333333335,3.0,1.0,1,Frequent High-Value Customers,0
10798,5,405.28000000000003,2026.4,0.4166666666666667,4.0,2.0,0.0,0,Occasional Moderate-Value Customers,0
10799,12,844.1233333333333,10129.48,1.0,3.8181818181818183,4.0,4.0,1,Frequent High-Value Customers,0
10800,14,791.87,11086.18,1.1666666666666667,3.923076923076923,2.0,4.0,1,Frequent High-Value Customers,0
10801,6,606.0783333333333,3636.47,0.5,3.1666666666666665,0.0,4.0,0,Occasional Moderate-Value Customers,0
10802,8,667.7674999999999,5342.139999999999,0.6666666666666666,4.2,0.0,1.0,0,Occasional Moderate-Value Customers,0
10803,10,621.743,6217.43,0.8333333333333334,3.6,1.0,2.0,0,Occasional Moderate-Value Customers,0
10804,5,1049.854,5249.27,0.4166666666666667,4.5,2.0,1.0,0,Occasional Moderate-Value Customers,0
10805,5,799.428,3997.14,0.4166666666666667,4.0,2.0,1.0,0,Occasional Moderate-Value Customers,0
10806,13,645.8100000000001,8395.53,1.0833333333333333,3.6363636363636362,5.0,5.0,1,Frequent High-Value Customers,0
10807,14,746.4078571428571,10449.71,1.1666666666666667,3.8,4.0,2.0,1,Frequent High-Value Customers,0
10808,5,708.942,3544.71,0.4166666666666667,3.8,0.0,1.0,0,Occasional Moderate-Value Customers,0
10809,12,658.0024999999999,7896.03,1.0,3.8181818181818183,3.0,2.0,1,Frequent High-Value Customers,0
10810,4,358.765,1435.06,0.3333333333333333,3.75,3.0,2.0,0,Occasional Moderate-Value Customers,0
10811,5,364.802,1824.0100000000002,0.4166666666666667,3.25,1.0,3.0,0,Occasional Moderate-Value Customers,0
10812,8,754.1337500000001,6033.070000000001,0.6666666666666666,4.0,2.0,0.0,0,Occasional Moderate-Value Customers,0
10813,12,546.1591666666667,6553.91,1.0,3.8,3.0,0.0,0,Occasional Moderate-Value Customers,0
10814,6,855.285,5131.71,0.5,4.2,1.0,0.0,0,Occasional Moderate-Value Customers,0
10815,4,820.3625,3281.45,0.3333333333333333,5.0,2.0,0.0,0,Occasional Moderate-Value Customers,0
10816,16,672.759375,10764.15,1.3333333333333333,4.357142857142857,3.0,4.0,1,Frequent High-Value Customers,0
10817,8,696.24125,5569.93,0.6666666666666666,3.5,2.0,2.0,0,Occasional Moderate-Value Customers,0
10818,13,587.6046153846154,7638.86,1.0833333333333333,4.1,5.0,2.0,1,Frequent High-Value Customers,0
10819,5,387.46200000000005,1937.3100000000002,0.4166666666666667,4.333333333333333,2.0,2.0,0,Occasional Moderate-Value Customers,0
10820,13,473.43,6154.59,1.0833333333333333,3.2,2.0,3.0,1,Frequent High-Value Customers,0
10821,13,609.0361538461539,7917.47,1.0833333333333333,3.1818181818181817,4.0,5.0,1,Frequent High-Value Customers,0
10822,8,816.96875,6535.75,0.6666666666666666,4.0,2.0,1.0,0,Occasional Moderate-Value Customers,0
10823,13,860.103076923077,11181.34,1.0833333333333333,3.25,3.0,3.0,1,Frequent High-Value Customers,0
10824,12,712.4491666666667,8549.39,1.0,3.5454545454545454,5.0,1.0,1,Frequent High-Value Customers,0
10825,7,858.3857142857142,6008.7,0.5833333333333334,4.8,1.0,1.0,0,Occasional Moderate-Value Customers,0
10826,7,781.4457142857143,5470.12,0.5833333333333334,4.0,2.0,3.0,0,Occasional Moderate-Value Customers,0
10827,12,731.6583333333333,8779.9,1.0,3.909090909090909,3.0,1.0,1,Frequent High-Value Customers,0
10828,14,731.4964285714286,10240.95,1.1666666666666667,4.0,4.0,5.0,1,Frequent High-Value Customers,0
10829,8,662.3675,5298.94,0.6666666666666666,4.0,2.0,2.0,0,Occasional Moderate-Value Customers,0
10830,12,517.6175,6211.41,1.0,3.3,2.0,2.0,0,Occasional Moderate-Value Customers,0
10831,17,643.5882352941177,10941.0,1.4166666666666667,4.0,7.0,4.0,1,Frequent High-Value Customers,0
10832,9,576.6266666666667,5189.64,0.75,4.25,3.0,3.0,0,Occasional Moderate-Value Customers,0
10833,9,616.2211111111111,5545.99,0.75,4.166666666666667,0.0,5.0,0,Occasional Moderate-Value Customers,0
10834,12,792.1383333333333,9505.66,1.0,3.6666666666666665,5.0,1.0,1,Frequent High-Value Customers,0
10835,11,827.9418181818182,9107.36,0.9166666666666666,4.3,4.0,4.0,1,Frequent High-Value Customers,0
10836,12,737.3666666666667,8848.4,1.0,4.0,4.0,3.0,1,Frequent High-Value Customers,0
10837,8,658.43,5267.44,0.6666666666666666,4.5,2.0,2.0,0,Occasional Moderate-Value Customers,0
10838,12,487.1141666666667,5845.37,1.0,3.909090909090909,1.0,5.0,1,Frequent High-Value Customers,0
10839,10,922.732,9227.32,0.8333333333333334,3.9,2.0,2.0,1,Frequent High-Value Customers,0
10840,9,735.6722222222222,6621.05,0.75,4.5,3.0,5.0,1,Frequent High-Value Customers,0
10841,13,555.1869230769231,7217.43,1.0833333333333333,3.1666666666666665,5.0,4.0,1,Frequent High-Value Customers,0
10842,4,634.4075,2537.63,0.3333333333333333,4.0,0.0,1.0,0,Occasional Moderate-Value Customers,0
10843,6,685.1083333333332,4110.65,0.5,3.6,2.0,1.0,0,Occasional Moderate-Value Customers,0
10844,11,682.4945454545455,7507.4400000000005,0.9166666666666666,4.090909090909091,2.0,3.0,1,Frequent High-Value Customers,0
10845,13,786.3807692307693,10222.95,1.0833333333333333,4.625,5.0,6.0,1,Frequent High-Value Customers,0
10846,13,730.5838461538461,9497.59,1.0833333333333333,4.666666666666667,2.0,6.0,1,Frequent High-Value Customers,-1
10847,12,676.4866666666667,8117.84,1.0,4.0,6.0,5.0,1,Frequent High-Value Customers,0
10848,13,566.2769230769231,7361.6,1.0833333333333333,3.6363636363636362,1.0,4.0,1,Frequent High-Value Customers,0
10849,12,569.6625,6835.95,1.0,4.090909090909091,2.0,3.0,1,Frequent High-Value Customers,0
10850,12,911.7383333333333,10940.86,1.0,4.181818181818182,6.0,5.0,1,Frequent High-Value Customers,0
10851,8,870.5575,6964.46,0.6666666666666666,4.428571428571429,4.0,3.0,0,Occasional Moderate-Value Customers,0
10852,8,916.2574999999999,7330.0599999999995,0.6666666666666666,4.125,5.0,4.0,1,Frequent High-Value Customers,0
10853,9,884.2377777777779,7958.14,0.75,4.125,2.0,2.0,0,Occasional Moderate-Value Customers,0
10854,15,764.5146666666666,11467.72,1.25,4.0,1.0,4.0,1,Frequent High-Value Customers,0
10855,11,656.6518181818182,7223.17,0.9166666666666666,3.8,2.0,1.0,0,Occasional Moderate-Value Customers,0
10856,7,586.6514285714286,4106.56,0.5833333333333334,4.428571428571429,3.0,1.0,0,Occasional Moderate-Value Customers,0
10857,7,629.4014285714285,4405.8099999999995,0.5833333333333334,4.0,0.0,0.0,0,Occasional Moderate-Value Customers,0
10858,9,563.7222222222222,5073.5,0.75,3.125,1.0,3.0,0,Occasional Moderate-Value Customers,0
10859,12,700.0491666666667,8400.59,1.0,4.111111111111111,1.0,2.0,1,Frequent High-Value Customers,0
10860,12,618.38,7420.56,1.0,3.8333333333333335,4.0,5.0,1,Frequent High-Value Customers,0
10861,10,1047.289,10472.89,0.8333333333333334,4.0,3.0,2.0,1,Frequent High-Value Customers,0
10862,4,577.8475000000001,2311.3900000000003,0.3333333333333333,4.333333333333333,2.0,0.0,0,Occasional Moderate-Value Customers,0
10863,13,605.3269230769231,7869.25,1.0833333333333333,3.8181818181818183,2.0,3.0,1,Frequent High-Value Customers,0
10864,4,505.0775,2020.31,0.3333333333333333,3.75,1.0,1.0,0,Occasional Moderate-Value Customers,0
10865,13,807.1346153846154,10492.75,1.0833333333333333,3.8461538461538463,3.0,4.0,1,Frequent High-Value Customers,0
10866,13,725.7892307692308,9435.26,1.0833333333333333,4.090909090909091,5.0,1.0,1,Frequent High-Value Customers,0
10867,11,747.05,8217.55,0.9166666666666666,3.6666666666666665,3.0,2.0,1,Frequent High-Value Customers,0
10868,3,651.2766666666666,1953.83,0.25,4.0,0.0,1.0,0,Occasional Moderate-Value Customers,0
10869,14,673.7114285714285,9431.96,1.1666666666666667,3.769230769230769,3.0,5.0,1,Frequent High-Value Customers,0
10870,5,479.604,2398.02,0.4166666666666667,3.8,1.0,0.0,0,Occasional Moderate-Value Customers,0
10871,14,695.3157142857143,9734.42,1.1666666666666667,3.1538461538461537,2.0,4.0,1,Frequent High-Value Customers,0
10872,9,427.64444444444445,3848.8,0.75,3.5,5.0,5.0,0,Occasional Moderate-Value Customers,-1
10873,10,834.0949999999999,8340.949999999999,0.8333333333333334,4.444444444444445,2.0,3.0,1,Frequent High-Value Customers,0
10874,9,633.6022222222223,5702.42,0.75,4.0,4.0,5.0,0,Occasional Moderate-Value Customers,0
10875,13,649.3607692307693,8441.69,1.0833333333333333,3.6363636363636362,7.0,3.0,1,Frequent High-Value Customers,0
10876,2,294.46,588.92,0.16666666666666666,5.0,0.0,0.0,0,Occasional Moderate-Value Customers,-1
10877,7,522.6357142857142,3658.45,0.5833333333333334,3.7142857142857144,1.0,1.0,0,Occasional Moderate-Value Customers,0
10878,12,869.0658333333334,10428.79,1.0,3.6,4.0,0.0,1,Frequent High-Value Customers,0
10879,13,733.2776923076924,9532.61,1.0833333333333333,4.6,3.0,6.0,1,Frequent High-Value Customers,0
10880,8,629.59625,5036.77,0.6666666666666666,4.25,2.0,1.0,0,Occasional Moderate-Value Customers,0
10881,14,564.2885714285715,7900.04,1.1666666666666667,3.6,2.0,4.0,1,Frequent High-Value Customers,0
10882,15,632.3433333333334,9485.15,1.25,3.7333333333333334,3.0,3.0,1,Frequent High-Value Customers,0
10883,8,670.01125,5360.09,0.6666666666666666,4.75,3.0,2.0,0,Occasional Moderate-Value Customers,0
10884,7,1103.5028571428572,7724.52,0.5833333333333334,4.428571428571429,3.0,2.0,0,Occasional Moderate-Value Customers,0
10885,12,744.13,8929.56,1.0,3.9166666666666665,4.0,3.0,1,Frequent High-Value Customers,0
10886,11,629.4772727272727,6924.25,0.9166666666666666,4.0,2.0,1.0,0,Occasional Moderate-Value Customers,0
10887,7,521.0414285714286,3647.29,0.5833333333333334,4.0,2.0,2.0,0,Occasional Moderate-Value Customers,0
10888,9,541.2544444444444,4871.29,0.75,4.25,3.0,1.0,0,Occasional Moderate-Value Customers,0
10889,7,594.0,4158.0,0.5833333333333334,3.857142857142857,3.0,1.0,0,Occasional Moderate-Value Customers,0
10890,7,417.6828571428572,2923.78,0.5833333333333334,3.8333333333333335,0.0,2.0,0,Occasional Moderate-Value Customers,0
10891,8,852.62375,6820.99,0.6666666666666666,4.4,3.0,1.0,0,Occasional Moderate-Value Customers,0
10892,10,554.924,5549.24,0.8333333333333334,4.142857142857143,3.0,3.0,0,Occasional Moderate-Value Customers,0
10893,10,763.899,7638.99,0.8333333333333334,4.222222222222222,2.0,2.0,0,Occasional Moderate-Value Customers,0
10894,18,764.5627777777778,13762.130000000001,1.5,3.9444444444444446,6.0,7.0,1,Frequent High-Value Customers,-1
10895,11,617.8990909090909,6796.889999999999,0.9166666666666666,4.125,2.0,2.0,0,Occasional Moderate-Value Customers,0
10896,9,920.1222222222223,8281.1,0.75,3.375,0.0,0.0,0,Occasional Moderate-Value Customers,-1
10897,8,809.96375,6479.71,0.6666666666666666,4.142857142857143,4.0,3.0,0,Occasional Moderate-Value Customers,0
10898,10,704.581,7045.81,0.8333333333333334,4.0,3.0,1.0,0,Occasional Moderate-Value Customers,0
10899,17,658.7011764705883,11197.92,1.4166666666666667,4.133333333333334,2.0,5.0,1,Frequent High-Value Customers,0
10900,13,591.0376923076923,7683.49,1.0833333333333333,4.0,5.0,3.0,1,Frequent High-Value Customers,0
10901,9,566.1488888888889,5095.34,0.75,4.25,3.0,3.0,0,Occasional Moderate-Value Customers,0
10902,11,696.2427272727273,7658.67,0.9166666666666666,4.1,5.0,4.0,1,Frequent High-Value Customers,0
10903,9,687.0766666666667,6183.6900000000005,0.75,3.857142857142857,2.0,2.0,0,Occasional Moderate-Value Customers,0
10904,11,834.0772727272728,9174.85,0.9166666666666666,4.0,3.0,4.0,1,Frequent High-Value Customers,0
10905,8,878.08,7024.64,0.6666666666666666,3.3333333333333335,2.0,0.0,0,Occasional Moderate-Value Customers,0
10906,13,565.3823076923077,7349.97,1.0833333333333333,4.111111111111111,4.0,3.0,1,Frequent High-Value Customers,0
10907,7,736.9457142857143,5158.62,0.5833333333333334,4.571428571428571,1.0,0.0,0,Occasional Moderate-Value Customers,0
10908,10,1059.258,10592.58,0.8333333333333334,4.444444444444445,4.0,3.0,1,Frequent High-Value Customers,2
10909,7,1075.5442857142857,7528.81,0.5833333333333334,4.2,1.0,2.0,0,Occasional Moderate-Value Customers,0
10910,12,466.12833333333333,5593.54,1.0,4.0,4.0,2.0,1,Frequent High-Value Customers,0
10911,11,658.9827272727273,7248.81,0.9166666666666666,3.3,2.0,4.0,1,Frequent High-Value Customers,0
10912,15,696.5033333333333,10447.55,1.25,3.857142857142857,6.0,3.0,1,Frequent High-Value Customers,0
10913,9,649.3044444444445,5843.74,0.75,3.125,0.0,4.0,0,Occasional Moderate-Value Customers,0
10914,12,881.1541666666667,10573.85,1.0,3.9166666666666665,2.0,2.0,1,Frequent High-Value Customers,0
10915,13,728.8976923076923,9475.67,1.0833333333333333,3.909090909090909,5.0,4.0,1,Frequent High-Value Customers,0
10916,13,744.8323076923077,9682.82,1.0833333333333333,3.1818181818181817,6.0,6.0,1,Frequent High-Value Customers,-1
10917,11,679.5218181818182,7474.74,0.9166666666666666,3.5454545454545454,1.0,2.0,0,Occasional Moderate-Value Customers,0
10918,11,749.6154545454546,8245.77,0.9166666666666666,3.9,3.0,1.0,1,Frequent High-Value Customers,0
10919,9,724.4411111111111,6519.97,0.75,4.428571428571429,1.0,4.0,0,Occasional Moderate-Value Customers,0
10920,9,487.0655555555556,4383.59,0.75,3.7142857142857144,1.0,3.0,0,Occasional Moderate-Value Customers,0
10921,12,564.3766666666667,6772.52,1.0,3.4444444444444446,3.0,2.0,1,Frequent High-Value Customers,0
10922,8,579.8375,4638.7,0.6666666666666666,3.5,3.0,2.0,0,Occasional Moderate-Value Customers,0
10923,3,495.93333333333334,1487.8,0.25,4.333333333333333,2.0,0.0,0,Occasional Moderate-Value Customers,0
10924,13,732.9676923076923,9528.58,1.0833333333333333,3.769230769230769,2.0,4.0,1,Frequent High-Value Customers,0
10925,14,869.7042857142858,12175.86,1.1666666666666667,4.5,4.0,3.0,1,Frequent High-Value Customers,0
10926,14,714.842857142857,10007.8,1.1666666666666667,3.9,4.0,5.0,1,Frequent High-Value Customers,0
10927,7,693.35,4853.45,0.5833333333333334,4.0,3.0,1.0,0,Occasional Moderate-Value Customers,0
10928,10,707.884,7078.84,0.8333333333333334,4.333333333333333,6.0,3.0,1,Frequent High-Value Customers,0
10929,7,572.6385714285715,4008.4700000000003,0.5833333333333334,3.4,5.0,5.0,0,Occasional Moderate-Value Customers,-1
10930,8,886.7875,7094.3,0.6666666666666666,3.75,1.0,1.0,0,Occasional Moderate-Value Customers,0
10931,6,505.25500000000005,3031.53,0.5,3.8333333333333335,3.0,3.0,0,Occasional Moderate-Value Customers,0
10932,13,832.1076923076923,10817.4,1.0833333333333333,3.5,5.0,2.0,1,Frequent High-Value Customers,0
10933,14,932.0364285714286,13048.51,1.1666666666666667,4.142857142857143,2.0,5.0,1,Frequent High-Value Customers,0
10934,13,759.516923076923,9873.72,1.0833333333333333,3.75,6.0,6.0,1,Frequent High-Value Customers,0
10935,8,906.0425,7248.34,0.6666666666666666,3.5714285714285716,1.0,3.0,0,Occasional Moderate-Value Customers,0
10936,13,541.7746153846153,7043.07,1.0833333333333333,4.2727272727272725,3.0,4.0,1,Frequent High-Value Customers,0
10937,12,778.4266666666666,9341.119999999999,1.0,3.6666666666666665,3.0,2.0,1,Frequent High-Value Customers,0
10938,12,876.8283333333334,10521.94,1.0,4.0,4.0,6.0,1,Frequent High-Value Customers,0
10939,11,663.0972727272728,7294.07,0.9166666666666666,3.888888888888889,3.0,3.0,1,Frequent High-Value Customers,0
10940,13,682.3776923076923,8870.91,1.0833333333333333,3.1666666666666665,3.0,1.0,1,Frequent High-Value Customers,0
10941,13,499.59153846153845,6494.69,1.0833333333333333,4.153846153846154,5.0,4.0,1,Frequent High-Value Customers,0
10942,6,825.3683333333333,4952.21,0.5,4.166666666666667,5.0,2.0,0,Occasional Moderate-Value Customers,0
10943,12,1046.6333333333334,12559.6,1.0,3.909090909090909,3.0,4.0,1,Frequent High-Value Customers,0
10944,10,756.525,7565.25,0.8333333333333334,3.5,2.0,1.0,0,Occasional Moderate-Value Customers,0
10945,11,769.3454545454545,8462.8,0.9166666666666666,4.3,5.0,2.0,1,Frequent High-Value Customers,0
10946,14,918.2571428571429,12855.6,1.1666666666666667,3.4285714285714284,6.0,5.0,1,Frequent High-Value Customers,-1
10947,10,854.3970000000002,8543.970000000001,0.8333333333333334,3.0,2.0,3.0,1,Frequent High-Value Customers,0
10948,4,725.4449999999999,2901.7799999999997,0.3333333333333333,3.6666666666666665,0.0,0.0,0,Occasional Moderate-Value Customers,0
10949,12,461.2716666666667,5535.26,1.0,3.9,5.0,6.0,1,Frequent High-Value Customers,0
10950,3,587.9699999999999,1763.9099999999999,0.25,4.0,2.0,0.0,0,Occasional Moderate-Value Customers,0
10951,8,744.68375,5957.47,0.6666666666666666,3.5714285714285716,2.0,1.0,0,Occasional Moderate-Value Customers,0
10952,8,826.1949999999999,6609.5599999999995,0.6666666666666666,3.5,2.0,2.0,0,Occasional Moderate-Value Customers,0
10953,5,804.548,4022.7400000000002,0.4166666666666667,2.8,1.0,1.0,0,Occasional Moderate-Value Customers,0
10954,9,822.181111111111,7399.629999999999,0.75,3.5,4.0,3.0,1,Frequent High-Value Customers,0
10955,11,595.3890909090909,6549.28,0.9166666666666666,3.3,5.0,4.0,1,Frequent High-Value Customers,0
10956,9,767.8411111111111,6910.57,0.75,3.3333333333333335,4.0,2.0,0,Occasional Moderate-Value Customers,0
10957,8,791.2524999999999,6330.0199999999995,0.6666666666666666,3.2857142857142856,1.0,2.0,0,Occasional Moderate-Value Customers,0
10958,14,585.3757142857143,8195.26,1.1666666666666667,3.0,4.0,1.0,1,Frequent High-Value Customers,0
10959,11,806.9254545454546,8876.18,0.9166666666666666,2.625,4.0,3.0,1,Frequent High-Value Customers,-1
10960,9,539.0666666666667,4851.6,0.75,4.0,3.0,2.0,0,Occasional Moderate-Value Customers,0
10961,15,609.1479999999999,9137.22,1.25,3.5,2.0,1.0,1,Frequent High-Value Customers,0
10962,7,616.6428571428571,4316.5,0.5833333333333334,4.142857142857143,4.0,4.0,0,Occasional Moderate-Value Customers,0
10963,8,673.6275,5389.02,0.6666666666666666,4.166666666666667,1.0,1.0,0,Occasional Moderate-Value Customers,0
10964,4,1057.105,4228.42,0.3333333333333333,3.6666666666666665,1.0,2.0,0,Occasional Moderate-Value Customers,-1
10965,7,542.9342857142857,3800.54,0.5833333333333334,3.4285714285714284,3.0,3.0,0,Occasional Moderate-Value Customers,0
10966,8,413.30625,3306.45,0.6666666666666666,4.2,3.0,2.0,0,Occasional Moderate-Value Customers,0
10967,10,512.254,5122.54,0.8333333333333334,3.7777777777777777,1.0,2.0,0,Occasional Moderate-Value Customers,0
10968,8,793.4675,6347.74,0.6666666666666666,3.0,3.0,2.0,0,Occasional Moderate-Value Customers,0
10969,13,394.5507692307692,5129.16,1.0833333333333333,2.909090909090909,8.0,5.0,1,Frequent High-Value Customers,-1
10970,13,687.9584615384616,8943.460000000001,1.0833333333333333,3.909090909090909,6.0,2.0,1,Frequent High-Value Customers,0
10971,11,620.9936363636364,6830.93,0.9166666666666666,4.0,3.0,2.0,1,Frequent High-Value Customers,0
10972,11,596.070909090909,6556.78,0.9166666666666666,3.9,4.0,1.0,0,Occasional Moderate-Value Customers,0
10973,7,902.5285714285714,6317.7,0.5833333333333334,3.1666666666666665,3.0,3.0,0,Occasional Moderate-Value Customers,0
10974,11,881.6145454545455,9697.76,0.9166666666666666,4.5,1.0,6.0,1,Frequent High-Value Customers,-1
10975,9,571.8633333333333,5146.77,0.75,3.375,3.0,2.0,0,Occasional Moderate-Value Customers,0
10976,7,838.1242857142857,5866.87,0.5833333333333334,3.5,0.0,1.0,0,Occasional Moderate-Value Customers,0
10977,8,1046.155,8369.24,0.6666666666666666,3.857142857142857,3.0,2.0,0,Occasional Moderate-Value Customers,0
10978,5,639.6899999999999,3198.45,0.4166666666666667,4.25,2.0,1.0,0,Occasional Moderate-Value Customers,0
10979,11,646.0209090909091,7106.23,0.9166666666666666,4.1,3.0,3.0,1,Frequent High-Value Customers,0
10980,6,811.7416666666667,4870.45,0.5,3.5,2.0,1.0,0,Occasional Moderate-Value Customers,0
10981,5,225.602,1128.01,0.4166666666666667,4.2,2.0,1.0,0,Occasional Moderate-Value Customers,-1
10982,9,864.6744444444444,7782.07,0.75,3.75,1.0,4.0,0,Occasional Moderate-Value Customers,0
10983,10,486.434,4864.34,0.8333333333333334,3.9,2.0,3.0,0,Occasional Moderate-Value Customers,0
10984,13,735.5561538461538,9562.23,1.0833333333333333,4.25,5.0,4.0,1,Frequent High-Value Customers,0
10985,6,566.275,3397.65,0.5,3.8,1.0,0.0,0,Occasional Moderate-Value Customers,0
10986,7,658.54,4609.78,0.5833333333333334,4.0,1.0,2.0,0,Occasional Moderate-Value Customers,0
10987,9,945.7377777777778,8511.64,0.75,3.6666666666666665,2.0,2.0,0,Occasional Moderate-Value Customers,0
10988,11,767.4463636363636,8441.91,0.9166666666666666,3.857142857142857,5.0,3.0,1,Frequent High-Value Customers,0
10989,10,637.197,6371.97,0.8333333333333334,4.25,2.0,3.0,0,Occasional Moderate-Value Customers,0
10990,6,816.0516666666666,4896.3099999999995,0.5,3.8333333333333335,1.0,1.0,0,Occasional Moderate-Value Customers,0
10991,10,787.6510000000001,7876.51,0.8333333333333334,4.333333333333333,1.0,2.0,0,Occasional Moderate-Value Customers,0
10992,15,614.1406666666667,9212.11,1.25,4.153846153846154,1.0,3.0,1,Frequent High-Value Customers,0
10993,14,579.9921428571428,8119.889999999999,1.1666666666666667,3.6153846153846154,3.0,3.0,1,Frequent High-Value Customers,0
10994,10,808.821,8088.21,0.8333333333333334,3.3333333333333335,4.0,2.0,1,Frequent High-Value Customers,0
10995,6,725.285,4351.71,0.5,4.4,0.0,3.0,0,Occasional Moderate-Value Customers,0
10996,7,790.4528571428572,5533.17,0.5833333333333334,3.2,0.0,1.0,0,Occasional Moderate-Value Customers,0
10997,9,776.5933333333334,6989.34,0.75,3.5,1.0,4.0,0,Occasional Moderate-Value Customers,0
10998,9,831.1555555555556,7480.4,0.75,4.5,3.0,4.0,1,Frequent High-Value Customers,0
10999,8,797.57125,6380.57,0.6666666666666666,4.5,2.0,2.0,0,Occasional Moderate-Value Customers,0
11000,10,579.487,5794.87,0.8333333333333334,3.5555555555555554,3.0,2.0,0,Occasional Moderate-Value Customers,0
11001,8,695.45875,5563.67,0.6666666666666666,4.25,4.0,2.0,0,Occasional Moderate-Value Customers,0
11002,9,608.7133333333334,5478.42,0.75,4.25,1.0,1.0,0,Occasional Moderate-Value Customers,0
11003,3,645.6633333333333,1936.9899999999998,0.25,4.333333333333333,2.0,1.0,0,Occasional Moderate-Value Customers,0
11004,6,798.1700000000001,4789.02,0.5,3.8333333333333335,0.0,1.0,0,Occasional Moderate-Value Customers,0
11005,6,849.2249999999999,5095.349999999999,0.5,4.0,2.0,0.0,0,Occasional Moderate-Value Customers,0
11006,10,527.424,5274.24,0.8333333333333334,4.111111111111111,3.0,3.0,0,Occasional Moderate-Value Customers,0
11007,7,574.5885714285714,4022.12,0.5833333333333334,4.0,3.0,3.0,0,Occasional Moderate-Value Customers,0
11008,8,712.2125,5697.7,0.6666666666666666,4.714285714285714,0.0,1.0,0,Occasional Moderate-Value Customers,0
11009,3,1018.3266666666665,3054.9799999999996,0.25,4.666666666666667,2.0,1.0,0,Occasional Moderate-Value Customers,-1
11010,8,430.025,3440.2,0.6666666666666666,4.25,2.0,2.0,0,Occasional Moderate-Value Customers,0
11011,13,678.9007692307691,8825.71,1.0833333333333333,3.6666666666666665,4.0,3.0,1,Frequent High-Value Customers,0
11012,6,654.365,3926.19,0.5,3.6,0.0,1.0,0,Occasional Moderate-Value Customers,0
11013,9,466.75333333333333,4200.78,0.75,3.875,2.0,2.0,0,Occasional Moderate-Value Customers,0
11014,11,629.23,6921.53,0.9166666666666666,3.4545454545454546,3.0,2.0,1,Frequent High-Value Customers,0
11015,11,814.139090909091,8955.53,0.9166666666666666,3.9,3.0,4.0,1,Frequent High-Value Customers,0
11016,10,523.9300000000001,5239.3,0.8333333333333334,4.5,3.0,1.0,0,Occasional Moderate-Value Customers,0
11017,13,751.4838461538462,9769.29,1.0833333333333333,3.9166666666666665,2.0,2.0,1,Frequent High-Value Customers,0
11018,11,689.2345454545455,7581.58,0.9166666666666666,3.6363636363636362,2.0,2.0,1,Frequent High-Value Customers,0
11019,12,637.2724999999999,7647.2699999999995,1.0,3.3333333333333335,3.0,2.0,1,Frequent High-Value Customers,0
11020,5,814.432,4072.16,0.4166666666666667,4.666666666666667,2.0,3.0,0,Occasional Moderate-Value Customers,0
11021,7,640.9271428571428,4486.49,0.5833333333333334,3.2857142857142856,2.0,2.0,0,Occasional Moderate-Value Customers,0
11022,5,714.81,3574.0499999999997,0.4166666666666667,4.0,0.0,2.0,0,Occasional Moderate-Value Customers,0
11023,6,692.8299999999999,4156.98,0.5,1.8,1.0,0.0,0,Occasional Moderate-Value Customers,-1
11024,8,633.78625,5070.29,0.6666666666666666,3.0,2.0,2.0,0,Occasional Moderate-Value Customers,0
11025,14,535.695,7499.7300000000005,1.1666666666666667,4.071428571428571,6.0,3.0,1,Frequent High-Value Customers,0
11026,4,401.95,1607.8,0.3333333333333333,3.25,0.0,0.0,0,Occasional Moderate-Value Customers,-1
11027,9,530.9055555555556,4778.15,0.75,4.25,0.0,2.0,0,Occasional Moderate-Value Customers,0
11028,4,547.24,2188.96,0.3333333333333333,3.75,0.0,1.0,0,Occasional Moderate-Value Customers,0
11029,9,639.5833333333334,5756.25,0.75,4.0,2.0,3.0,0,Occasional Moderate-Value Customers,0
11030,8,559.3275000000001,4474.620000000001,0.6666666666666666,4.285714285714286,2.0,2.0,0,Occasional Moderate-Value Customers,0
11031,10,612.604,6126.04,0.8333333333333334,4.1,2.0,2.0,0,Occasional Moderate-Value Customers,0
11032,11,608.73,6696.03,0.9166666666666666,4.0,2.0,4.0,1,Frequent High-Value Customers,0
11033,7,657.1328571428572,4599.93,0.5833333333333334,2.8333333333333335,2.0,3.0,0,Occasional Moderate-Value Customers,0
11034,9,666.8377777777778,6001.54,0.75,3.75,1.0,3.0,0,Occasional Moderate-Value Customers,0
11035,15,639.1386666666666,9587.08,1.25,3.1538461538461537,1.0,3.0,1,Frequent High-Value Customers,0
11036,15,915.0073333333333,13725.11,1.25,3.533333333333333,4.0,5.0,1,Frequent High-Value Customers,0
11037,11,810.430909090909,8914.74,0.9166666666666666,4.166666666666667,4.0,2.0,1,Frequent High-Value Customers,0
11038,12,750.7158333333333,9008.59,1.0,3.8,1.0,3.0,1,Frequent High-Value Customers,0
11039,9,640.6544444444445,5765.89,0.75,4.5,5.0,3.0,0,Occasional Moderate-Value Customers,0
11040,10,547.021,5470.21,0.8333333333333334,4.1,4.0,4.0,1,Frequent High-Value Customers,0
11041,5,537.356,2686.78,0.4166666666666667,3.4,1.0,1.0,0,Occasional Moderate-Value Customers,0
11042,13,695.5315384615385,9041.91,1.0833333333333333,3.9,3.0,5.0,1,Frequent High-Value Customers,0
11043,8,845.2475000000001,6761.9800000000005,0.6666666666666666,4.571428571428571,2.0,2.0,0,Occasional Moderate-Value Customers,0
11044,13,640.5453846153846,8327.09,1.0833333333333333,3.909090909090909,4.0,4.0,1,Frequent High-Value Customers,0
11045,6,820.585,4923.51,0.5,4.0,2.0,2.0,0,Occasional Moderate-Value Customers,0
11046,6,722.8533333333334,4337.12,0.5,4.25,3.0,1.0,0,Occasional Moderate-Value Customers,0
11047,7,799.0771428571428,5593.54,0.5833333333333334,4.6,4.0,1.0,0,Occasional Moderate-Value Customers,0
11048,8,762.065,6096.52,0.6666666666666666,3.375,3.0,3.0,0,Occasional Moderate-Value Customers,0
11049,11,625.3281818181819,6878.610000000001,0.9166666666666666,4.25,4.0,4.0,1,Frequent High-Value Customers,0
11050,8,616.47375,4931.79,0.6666666666666666,3.625,2.0,1.0,0,Occasional Moderate-Value Customers,0
11051,8,869.76625,6958.13,0.6666666666666666,4.25,2.0,1.0,0,Occasional Moderate-Value Customers,0
11052,10,613.4399999999999,6134.4,0.8333333333333334,4.5,1.0,1.0,0,Occasional Moderate-Value Customers,0
11053,6,580.9966666666666,3485.9799999999996,0.5,3.8333333333333335,0.0,2.0,0,Occasional Moderate-Value Customers,0
11054,10,671.23,6712.3,0.8333333333333334,4.111111111111111,5.0,5.0,1,Frequent High-Value Customers,0
11055,12,765.6383333333333,9187.66,1.0,4.333333333333333,5.0,1.0,1,Frequent High-Value Customers,0
11056,9,746.8855555555556,6721.97,0.75,3.2857142857142856,2.0,2.0,0,Occasional Moderate-Value Customers,0
11057,8,866.5325,6932.26,0.6666666666666666,3.3333333333333335,1.0,2.0,0,Occasional Moderate-Value Customers,0
11058,15,814.754,12221.31,1.25,3.6,4.0,0.0,1,Frequent High-Value Customers,0
11059,12,581.725,6980.7,1.0,3.6,2.0,3.0,1,Frequent High-Value Customers,0
11060,6,754.2999999999998,4525.799999999999,0.5,4.75,2.0,3.0,0,Occasional Moderate-Value Customers,0
11061,14,819.6371428571429,11474.92,1.1666666666666667,3.8,10.0,2.0,1,Frequent High-Value Customers,-1
11062,8,743.58875,5948.71,0.6666666666666666,4.0,4.0,1.0,0,Occasional Moderate-Value Customers,0
11063,5,897.3860000000001,4486.93,0.4166666666666667,3.5,0.0,2.0,0,Occasional Moderate-Value Customers,0
11064,9,749.73,6747.57,0.75,3.625,0.0,1.0,0,Occasional Moderate-Value Customers,0
11065,12,938.2058333333334,11258.470000000001,1.0,3.7777777777777777,3.0,5.0,1,Frequent High-Value Customers,0
11066,8,743.19625,5945.57,0.6666666666666666,3.875,1.0,2.0,0,Occasional Moderate-Value Customers,0
11067,11,577.9036363636363,6356.94,0.9166666666666666,3.9,1.0,3.0,0,Occasional Moderate-Value Customers,0
11068,8,863.6424999999999,6909.139999999999,0.6666666666666666,4.0,2.0,3.0,0,Occasional Moderate-Value Customers,0
11069,12,667.3725000000001,8008.47,1.0,3.6363636363636362,4.0,6.0,1,Frequent High-Value Customers,0
11070,8,676.705,5413.64,0.6666666666666666,4.125,5.0,5.0,0,Occasional Moderate-Value Customers,0
11071,7,612.8642857142858,4290.05,0.5833333333333334,4.142857142857143,2.0,1.0,0,Occasional Moderate-Value Customers,0
11072,11,855.7654545454545,9413.42,0.9166666666666666,4.111111111111111,3.0,4.0,1,Frequent High-Value Customers,0
11073,5,369.298,1846.49,0.4166666666666667,4.5,0.0,1.0,0,Occasional Moderate-Value Customers,0
11074,9,644.5766666666667,5801.1900000000005,0.75,4.111111111111111,3.0,2.0,0,Occasional Moderate-Value Customers,0
11075,9,735.4066666666666,6618.66,0.75,4.571428571428571,2.0,2.0,0,Occasional Moderate-Value Customers,0
11076,6,408.7266666666667,2452.36,0.5,4.333333333333333,1.0,4.0,0,Occasional Moderate-Value Customers,0
11077,10,906.271,9062.71,0.8333333333333334,4.333333333333333,2.0,1.0,0,Occasional Moderate-Value Customers,0
11078,5,600.0880000000001,3000.4400000000005,0.4166666666666667,4.0,1.0,1.0,0,Occasional Moderate-Value Customers,0
11079,10,512.617,5126.17,0.8333333333333334,3.5555555555555554,2.0,2.0,0,Occasional Moderate-Value Customers,0
11080,11,478.7181818181818,5265.9,0.9166666666666666,3.6666666666666665,4.0,3.0,1,Frequent High-Value Customers,0
11081,13,873.0753846153846,11349.98,1.0833333333333333,4.0,5.0,1.0,1,Frequent High-Value Customers,0
11082,10,650.501,6505.01,0.8333333333333334,4.1,3.0,1.0,0,Occasional Moderate-Value Customers,0
11083,4,893.1925000000001,3572.7700000000004,0.3333333333333333,4.0,0.0,2.0,0,Occasional Moderate-Value Customers,0
11084,8,455.76375,3646.11,0.6666666666666666,3.857142857142857,2.0,2.0,0,Occasional Moderate-Value Customers,0
11085,4,818.0325,3272.13,0.3333333333333333,1.5,0.0,1.0,0,Occasional Moderate-Value Customers,-1
11086,14,642.3985714285715,8993.58,1.1666666666666667,3.9285714285714284,7.0,4.0,1,Frequent High-Value Customers,0
11087,14,821.2014285714286,11496.82,1.1666666666666667,4.0,5.0,2.0,1,Frequent High-Value Customers,0
11088,15,777.2266666666667,11658.4,1.25,4.214285714285714,4.0,3.0,1,Frequent High-Value Customers,0
11089,12,569.9625,6839.549999999999,1.0,3.6363636363636362,3.0,1.0,1,Frequent High-Value Customers,0
11090,8,654.9575,5239.66,0.6666666666666666,3.8333333333333335,3.0,2.0,0,Occasional Moderate-Value Customers,0
11091,6,581.5016666666667,3489.0099999999998,0.5,3.0,2.0,2.0,0,Occasional Moderate-Value Customers,0
11092,8,614.0450000000001,4912.360000000001,0.6666666666666666,4.0,1.0,2.0,0,Occasional Moderate-Value Customers,0
11093,10,774.765,7747.65,0.8333333333333334,3.3333333333333335,4.0,2.0,1,Frequent High-Value Customers,0
11094,10,612.528,6125.28,0.8333333333333334,3.6666666666666665,2.0,4.0,0,Occasional Moderate-Value Customers,0
11095,13,837.8653846153846,10892.25,1.0833333333333333,3.8461538461538463,3.0,1.0,1,Frequent High-Value Customers,0
11096,8,588.46875,4707.75,0.6666666666666666,2.875,3.0,2.0,0,Occasional Moderate-Value Customers,0
11097,12,623.9783333333334,7487.74,1.0,4.7,0.0,5.0,1,Frequent High-Value Customers,-1
11098,12,840.0733333333334,10080.880000000001,1.0,4.1,4.0,5.0,1,Frequent High-Value Customers,0
11099,8,654.66625,5237.33,0.6666666666666666,3.875,1.0,2.0,0,Occasional Moderate-Value Customers,0
11100,18,658.1872222222223,11847.37,1.5,3.4375,5.0,2.0,1,Frequent High-Value Customers,-1
11101,12,713.1675,8558.01,1.0,3.5454545454545454,2.0,4.0,1,Frequent High-Value Customers,0
11102,10,518.89,5188.9,0.8333333333333334,4.222222222222222,5.0,2.0,0,Occasional Moderate-Value Customers,0
11103,10,519.5519999999999,5195.5199999999995,0.8333333333333334,4.222222222222222,1.0,1.0,0,Occasional Moderate-Value Customers,0
11104,6,887.8366666666666,5327.0199999999995,0.5,3.8,1.0,3.0,0,Occasional Moderate-Value Customers,0
11105,9,1019.0366666666666,9171.33,0.75,4.428571428571429,2.0,2.0,0,Occasional Moderate-Value Customers,0
11106,9,950.9122222222223,8558.210000000001,0.75,4.2,3.0,1.0,0,Occasional Moderate-Value Customers,0
11107,6,398.33666666666664,2390.02,0.5,3.8333333333333335,4.0,0.0,0,Occasional Moderate-Value Customers,0
11108,11,901.3827272727272,9915.21,0.9166666666666666,3.6363636363636362,3.0,2.0,1,Frequent High-Value Customers,0
11109,9,785.0999999999999,7065.9,0.75,3.5,4.0,3.0,0,Occasional Moderate-Value Customers,0
11110,7,421.7442857142857,2952.21,0.5833333333333334,3.1666666666666665,1.0,1.0,0,Occasional Moderate-Value Customers,0
11111,11,562.5672727272727,6188.24,0.9166666666666666,3.8,5.0,5.0,1,Frequent High-Value Customers,0
11112,9,559.7422222222223,5037.68,0.75,3.8333333333333335,5.0,2.0,0,Occasional Moderate-Value Customers,0
11113,13,756.9530769230769,9840.39,1.0833333333333333,4.090909090909091,2.0,4.0,1,Frequent High-Value Customers,0
11114,11,563.0963636363637,6194.06,0.9166666666666666,3.272727272727273,2.0,4.0,1,Frequent High-Value Customers,0
11115,9,1035.9177777777777,9323.26,0.75,4.285714285714286,1.0,2.0,0,Occasional Moderate-Value Customers,0
11116,8,637.275,5098.2,0.6666666666666666,3.875,4.0,3.0,0,Occasional Moderate-Value Customers,0
11117,9,900.2166666666667,8101.95,0.75,3.375,2.0,2.0,0,Occasional Moderate-Value Customers,0
11118,15,595.5386666666667,8933.08,1.25,4.076923076923077,5.0,2.0,1,Frequent High-Value Customers,0
11119,6,791.0766666666667,4746.46,0.5,3.8333333333333335,2.0,1.0,0,Occasional Moderate-Value Customers,0
11120,8,487.61875,3900.95,0.6666666666666666,4.333333333333333,2.0,2.0,0,Occasional Moderate-Value Customers,0
11121,3,1027.5133333333333,3082.54,0.25,3.0,2.0,0.0,0,Occasional Moderate-Value Customers,-1
11122,12,751.8275,9021.93,1.0,4.555555555555555,3.0,3.0,1,Frequent High-Value Customers,0
11123,12,888.2816666666668,10659.380000000001,1.0,3.9166666666666665,6.0,1.0,1,Frequent High-Value Customers,0
11124,13,615.3715384615384,7999.83,1.0833333333333333,3.8,5.0,4.0,1,Frequent High-Value Customers,0
11125,10,665.222,6652.22,0.8333333333333334,4.25,0.0,1.0,0,Occasional Moderate-Value Customers,0
11126,7,776.2285714285715,5433.6,0.5833333333333334,4.0,3.0,2.0,0,Occasional Moderate-Value Customers,0
11127,13,897.8107692307693,11671.54,1.0833333333333333,3.769230769230769,4.0,4.0,1,Frequent High-Value Customers,0
11128,12,669.9266666666666,8039.12,1.0,4.5,3.0,2.0,1,Frequent High-Value Customers,0
11129,8,778.3824999999999,6227.0599999999995,0.6666666666666666,4.142857142857143,0.0,3.0,0,Occasional Moderate-Value Customers,0
11130,6,578.0633333333334,3468.38,0.5,4.166666666666667,3.0,3.0,0,Occasional Moderate-Value Customers,0
11131,5,862.6119999999999,4313.0599999999995,0.4166666666666667,3.75,1.0,1.0,0,Occasional Moderate-Value Customers,0
11132,13,684.7630769230769,8901.92,1.0833333333333333,4.166666666666667,8.0,5.0,1,Frequent High-Value Customers,0
11133,13,594.2223076923077,7724.89,1.0833333333333333,3.8181818181818183,3.0,4.0,1,Frequent High-Value Customers,0
11134,6,798.7166666666667,4792.3,0.5,4.2,1.0,1.0,0,Occasional Moderate-Value Customers,0
11135,6,596.2783333333333,3577.67,0.5,4.166666666666667,1.0,1.0,0,Occasional Moderate-Value Customers,0
11136,7,613.9871428571429,4297.91,0.5833333333333334,4.166666666666667,0.0,1.0,0,Occasional Moderate-Value Customers,0
11137,9,559.2455555555556,5033.21,0.75,3.25,4.0,1.0,0,Occasional Moderate-Value Customers,0
11138,7,825.7614285714286,5780.33,0.5833333333333334,4.166666666666667,1.0,0.0,0,Occasional Moderate-Value Customers,0
11139,19,615.6584210526316,11697.51,1.5833333333333333,4.1875,6.0,6.0,1,Frequent High-Value Customers,0
11140,11,880.6772727272728,9687.45,0.9166666666666666,3.888888888888889,3.0,3.0,1,Frequent High-Value Customers,0
11141,12,470.5566666666667,5646.68,1.0,4.0,5.0,0.0,1,Frequent High-Value Customers,0
11142,10,702.318,7023.18,0.8333333333333334,4.3,2.0,1.0,0,Occasional Moderate-Value Customers,0
11143,8,725.09375,5800.75,0.6666666666666666,4.5,2.0,1.0,0,Occasional Moderate-Value Customers,0
11144,13,648.34,8428.42,1.0833333333333333,3.1,8.0,6.0,1,Frequent High-Value Customers,-1
11145,8,924.1674999999999,7393.339999999999,0.6666666666666666,4.4,4.0,2.0,0,Occasional Moderate-Value Customers,0
11146,3,629.47,1888.41,0.25,4.0,1.0,1.0,0,Occasional Moderate-Value Customers,0
11147,8,444.11625000000004,3552.9300000000003,0.6666666666666666,2.8333333333333335,1.0,1.0,0,Occasional Moderate-Value Customers,0
11148,11,789.3045454545455,8682.35,0.9166666666666666,3.5,5.0,1.0,1,Frequent High-Value Customers,0
11149,14,917.5464285714286,12845.65,1.1666666666666667,4.1,5.0,2.0,1,Frequent High-Value Customers,0
11150,8,771.77125,6174.17,0.6666666666666666,3.625,2.0,3.0,0,Occasional Moderate-Value Customers,0
11151,7,641.8785714285714,4493.15,0.5833333333333334,3.6666666666666665,3.0,3.0,0,Occasional Moderate-Value Customers,0
11152,9,649.0588888888889,5841.53,0.75,4.375,4.0,6.0,1,Frequent High-Value Customers,0
11153,12,638.0108333333334,7656.13,1.0,3.5454545454545454,2.0,1.0,1,Frequent High-Value Customers,0
11154,13,753.5976923076923,9796.77,1.0833333333333333,3.923076923076923,3.0,6.0,1,Frequent High-Value Customers,0
11155,9,829.63,7466.67,0.75,4.0,1.0,4.0,0,Occasional Moderate-Value Customers,0
11156,14,820.11,11481.54,1.1666666666666667,3.909090909090909,4.0,5.0,1,Frequent High-Value Customers,0
11157,8,556.975,4455.8,0.6666666666666666,3.5,1.0,2.0,0,Occasional Moderate-Value Customers,0
11158,7,1091.2914285714285,7639.04,0.5833333333333334,3.2,3.0,3.0,0,Occasional Moderate-Value Customers,-1
11159,14,821.8199999999999,11505.48,1.1666666666666667,3.727272727272727,5.0,3.0,1,Frequent High-Value Customers,0
11160,13,750.6184615384616,9758.04,1.0833333333333333,3.9,5.0,2.0,1,Frequent High-Value Customers,0
11161,17,523.0370588235294,8891.63,1.4166666666666667,4.0,7.0,4.0,1,Frequent High-Value Customers,0
11162,7,714.2057142857144,4999.4400000000005,0.5833333333333334,4.714285714285714,0.0,2.0,0,Occasional Moderate-Value Customers,0
11163,10,672.38,6723.8,0.8333333333333334,4.0,3.0,1.0,0,Occasional Moderate-Value Customers,0
11164,10,515.735,5157.35,0.8333333333333334,3.857142857142857,2.0,2.0,0,Occasional Moderate-Value Customers,0
11165,11,736.01,8096.11,0.9166666666666666,4.0,2.0,3.0,1,Frequent High-Value Customers,0
11166,11,672.4,7396.4,0.9166666666666666,3.3333333333333335,4.0,2.0,1,Frequent High-Value Customers,0
11167,5,662.8779999999999,3314.39,0.4166666666666667,3.75,3.0,1.0,0,Occasional Moderate-Value Customers,0
11168,8,943.31875,7546.55,0.6666666666666666,3.625,3.0,1.0,0,Occasional Moderate-Value Customers,0
11169,8,854.14,6833.12,0.6666666666666666,4.25,4.0,2.0,0,Occasional Moderate-Value Customers,0
11170,9,657.1488888888889,5914.34,0.75,4.222222222222222,3.0,4.0,0,Occasional Moderate-Value Customers,0
11171,16,842.221875,13475.55,1.3333333333333333,4.0,4.0,5.0,1,Frequent High-Value Customers,0
11172,12,905.3683333333333,10864.42,1.0,3.727272727272727,4.0,1.0,1,Frequent High-Value Customers,0
11173,6,770.8166666666667,4624.900000000001,0.5,3.3333333333333335,2.0,2.0,0,Occasional Moderate-Value Customers,0
11174,6,708.88,4253.28,0.5,3.75,5.0,4.0,0,Occasional Moderate-Value Customers,0
11175,11,776.1436363636363,8537.58,0.9166666666666666,4.1,3.0,4.0,1,Frequent High-Value Customers,0
11176,6,560.0283333333333,3360.17,0.5,4.0,0.0,0.0,0,Occasional Moderate-Value Customers,0
11177,10,853.646,8536.46,0.8333333333333334,4.2,4.0,1.0,1,Frequent High-Value Customers,0
11178,9,811.6811111111111,7305.13,0.75,4.428571428571429,1.0,0.0,0,Occasional Moderate-Value Customers,0
11179,14,630.0500000000001,8820.7,1.1666666666666667,4.363636363636363,3.0,3.0,1,Frequent High-Value Customers,0
11180,10,616.645,6166.45,0.8333333333333334,3.75,5.0,0.0,0,Occasional Moderate-Value Customers,0
11181,4,752.1850000000001,3008.7400000000002,0.3333333333333333,4.333333333333333,0.0,0.0,0,Occasional Moderate-Value Customers,0
11182,10,433.783,4337.83,0.8333333333333334,4.125,2.0,1.0,0,Occasional Moderate-Value Customers,0
11183,12,687.8158333333334,8253.79,1.0,3.727272727272727,3.0,4.0,1,Frequent High-Value Customers,0
11184,11,807.3672727272728,8881.04,0.9166666666666666,4.375,2.0,4.0,1,Frequent High-Value Customers,0
11185,12,886.6291666666666,10639.55,1.0,3.8333333333333335,3.0,2.0,1,Frequent High-Value Customers,0
11186,14,852.6114285714285,11936.56,1.1666666666666667,4.0,5.0,6.0,1,Frequent High-Value Customers,0
11187,16,713.616875,11417.87,1.3333333333333333,3.857142857142857,3.0,5.0,1,Frequent High-Value Customers,0
11188,7,823.1014285714285,5761.71,0.5833333333333334,3.4,2.0,1.0,0,Occasional Moderate-Value Customers,0
11189,5,704.372,3521.8599999999997,0.4166666666666667,4.25,4.0,1.0,0,Occasional Moderate-Value Customers,0
11190,9,930.1388888888889,8371.25,0.75,3.6666666666666665,0.0,3.0,0,Occasional Moderate-Value Customers,0
11191,13,625.9607692307692,8137.49,1.0833333333333333,4.416666666666667,4.0,4.0,1,Frequent High-Value Customers,0
11192,12,756.1583333333333,9073.9,1.0,4.0,4.0,2.0,1,Frequent High-Value Customers,0
11193,7,471.1171428571429,3297.82,0.5833333333333334,3.4,2.0,2.0,0,Occasional Moderate-Value Customers,0
11194,15,644.3106666666666,9664.66,1.25,3.8461538461538463,5.0,3.0,1,Frequent High-Value Customers,0
11195,13,1049.1461538461538,13638.9,1.0833333333333333,4.416666666666667,3.0,3.0,1,Frequent High-Value Customers,0
11196,11,642.6554545454545,7069.21,0.9166666666666666,3.909090909090909,2.0,3.0,1,Frequent High-Value Customers,0
11197,12,363.0275,4356.33,1.0,3.9166666666666665,0.0,3.0,0,Occasional Moderate-Value Customers,-1
11198,15,774.4606666666666,11616.91,1.25,3.357142857142857,2.0,6.0,1,Frequent High-Value Customers,0
11199,12,739.4233333333333,8873.08,1.0,4.090909090909091,5.0,4.0,1,Frequent High-Value Customers,0
11200,9,587.9744444444445,5291.77,0.75,3.857142857142857,3.0,2.0,0,Occasional Moderate-Value Customers,0
11201,9,604.4844444444444,5440.36,0.75,3.7777777777777777,4.0,5.0,0,Occasional Moderate-Value Customers,0
11202,13,549.4300000000001,7142.59,1.0833333333333333,4.181818181818182,1.0,4.0,1,Frequent High-Value Customers,0
11203,10,666.423,6664.2300000000005,0.8333333333333334,4.4,3.0,1.0,0,Occasional Moderate-Value Customers,0
11204,10,535.447,5354.47,0.8333333333333334,4.0,2.0,3.0,0,Occasional Moderate-Value Customers,0
11205,9,627.1866666666667,5644.68,0.75,4.0,5.0,4.0,0,Occasional Moderate-Value Customers,0
11206,10,864.548,8645.48,0.8333333333333334,4.25,3.0,3.0,1,Frequent High-Value Customers,0
11207,8,510.25125,4082.01,0.6666666666666666,3.375,3.0,0.0,0,Occasional Moderate-Value Customers,0
11208,9,648.8022222222222,5839.22,0.75,3.75,4.0,1.0,0,Occasional Moderate-Value Customers,0
11209,11,957.2099999999999,10529.31,0.9166666666666666,3.909090909090909,3.0,3.0,1,Frequent High-Value Customers,0
11210,15,636.996,9554.94,1.25,3.7142857142857144,5.0,2.0,1,Frequent High-Value Customers,0
11211,11,894.1627272727274,9835.79,0.9166666666666666,4.0,5.0,1.0,1,Frequent High-Value Customers,0
11212,8,690.30625,5522.45,0.6666666666666666,3.857142857142857,4.0,2.0,0,Occasional Moderate-Value Customers,0
11213,7,946.8271428571428,6627.79,0.5833333333333334,3.7142857142857144,2.0,2.0,0,Occasional Moderate-Value Customers,0
11214,12,752.0433333333334,9024.52,1.0,4.0,3.0,1.0,1,Frequent High-Value Customers,0
11215,10,586.142,5861.42,0.8333333333333334,4.222222222222222,2.0,3.0,0,Occasional Moderate-Value Customers,0
11216,5,519.108,2595.54,0.4166666666666667,3.25,1.0,2.0,0,Occasional Moderate-Value Customers,0
11217,13,773.72,10058.36,1.0833333333333333,4.0,3.0,3.0,1,Frequent High-Value Customers,0
11218,11,607.8218181818182,6686.04,0.9166666666666666,4.125,3.0,2.0,1,Frequent High-Value Customers,0
11219,13,474.30692307692306,6165.99,1.0833333333333333,2.769230769230769,4.0,4.0,1,Frequent High-Value Customers,-1
11220,6,723.8883333333333,4343.33,0.5,3.3333333333333335,2.0,1.0,0,Occasional Moderate-Value Customers,0
11221,10,528.891,5288.91,0.8333333333333334,4.5,5.0,3.0,0,Occasional Moderate-Value Customers,0
11222,13,624.493076923077,8118.41,1.0833333333333333,4.1,4.0,4.0,1,Frequent High-Value Customers,0
11223,7,785.3657142857144,5497.56,0.5833333333333334,4.4,2.0,0.0,0,Occasional Moderate-Value Customers,0
11224,8,556.0775,4448.62,0.6666666666666666,3.875,3.0,1.0,0,Occasional Moderate-Value Customers,0
11225,13,502.81538461538463,6536.6,1.0833333333333333,4.2,1.0,2.0,1,Frequent High-Value Customers,0
11226,11,686.75,7554.25,0.9166666666666666,3.7,4.0,5.0,1,Frequent High-Value Customers,0
11227,12,671.0241666666667,8052.29,1.0,4.0,2.0,6.0,1,Frequent High-Value Customers,0
11228,7,463.60714285714283,3245.25,0.5833333333333334,4.142857142857143,3.0,0.0,0,Occasional Moderate-Value Customers,0
11229,9,757.3044444444445,6815.74,0.75,3.6666666666666665,4.0,3.0,0,Occasional Moderate-Value Customers,0
11230,8,654.185,5233.48,0.6666666666666666,3.5,0.0,3.0,0,Occasional Moderate-Value Customers,0
11231,7,535.4614285714285,3748.23,0.5833333333333334,4.571428571428571,4.0,0.0,0,Occasional Moderate-Value Customers,0
11232,12,871.2175000000001,10454.61,1.0,4.555555555555555,4.0,3.0,1,Frequent High-Value Customers,0
11233,13,639.8007692307692,8317.41,1.0833333333333333,4.1,3.0,4.0,1,Frequent High-Value Customers,0
11234,11,728.8627272727273,8017.49,0.9166666666666666,3.8181818181818183,0.0,2.0,0,Occasional Moderate-Value Customers,0
11235,8,723.2574999999999,5786.0599999999995,0.6666666666666666,4.666666666666667,1.0,2.0,0,Occasional Moderate-Value Customers,0
11236,10,669.374,6693.74,0.8333333333333334,3.7777777777777777,2.0,2.0,0,Occasional Moderate-Value Customers,0
11237,9,782.5544444444445,7042.99,0.75,3.5555555555555554,1.0,3.0,0,Occasional Moderate-Value Customers,0
11238,10,842.1699999999998,8421.699999999999,0.8333333333333334,4.555555555555555,4.0,3.0,1,Frequent High-Value Customers,0
11239,10,671.744,6717.4400000000005,0.8333333333333334,3.875,6.0,3.0,1,Frequent High-Value Customers,0
11240,12,723.3408333333333,8680.09,1.0,3.7,4.0,4.0,1,Frequent High-Value Customers,0
11241,10,580.01,5800.099999999999,0.8333333333333334,3.6666666666666665,5.0,3.0,1,Frequent High-Value Customers,0
11242,10,700.962,7009.62,0.8333333333333334,4.3,3.0,2.0,0,Occasional Moderate-Value Customers,0
11243,9,912.3422222222222,8211.08,0.75,3.75,1.0,1.0,0,Occasional Moderate-Value Customers,0
11244,13,781.4515384615383,10158.869999999999,1.0833333333333333,3.6923076923076925,5.0,5.0,1,Frequent High-Value Customers,0
11245,6,638.11,3828.66,0.5,4.5,2.0,1.0,0,Occasional Moderate-Value Customers,0
11246,12,693.6308333333333,8323.57,1.0,3.25,6.0,4.0,1,Frequent High-Value Customers,0
11247,13,766.993076923077,9970.91,1.0833333333333333,3.6666666666666665,7.0,3.0,1,Frequent High-Value Customers,0
11248,15,750.2913333333333,11254.37,1.25,4.25,4.0,5.0,1,Frequent High-Value Customers,0
11249,3,412.79999999999995,1238.3999999999999,0.25,3.5,0.0,2.0,0,Occasional Moderate-Value Customers,-1
11250,11,468.7009090909091,5155.71,0.9166666666666666,3.2,2.0,4.0,0,Occasional Moderate-Value Customers,0
11251,12,789.1625,9469.95,1.0,4.333333333333333,1.0,2.0,1,Frequent High-Value Customers,0
11252,10,594.4159999999999,5944.16,0.8333333333333334,3.7777777777777777,2.0,5.0,0,Occasional Moderate-Value Customers,0
11253,8,644.08875,5152.71,0.6666666666666666,3.5,1.0,0.0,0,Occasional Moderate-Value Customers,0
11254,9,536.4911111111111,4828.42,0.75,3.7142857142857144,5.0,4.0,0,Occasional Moderate-Value Customers,0
11255,9,462.4588888888889,4162.13,0.75,3.875,3.0,5.0,0,Occasional Moderate-Value Customers,0
11256,14,642.8542857142857,8999.96,1.1666666666666667,3.3846153846153846,3.0,5.0,1,Frequent High-Value Customers,0
11257,12,736.1166666666667,8833.4,1.0,4.636363636363637,7.0,4.0,1,Frequent High-Value Customers,-1
11258,9,728.5877777777778,6557.29,0.75,4.666666666666667,3.0,1.0,0,Occasional Moderate-Value Customers,0
11259,12,491.55749999999995,5898.69,1.0,3.909090909090909,4.0,4.0,1,Frequent High-Value Customers,0
11260,16,843.663125,13498.61,1.3333333333333333,4.076923076923077,4.0,6.0,1,Frequent High-Value Customers,0
11261,6,992.5016666666667,5955.01,0.5,4.0,1.0,0.0,0,Occasional Moderate-Value Customers,0
11262,8,574.6525,4597.22,0.6666666666666666,4.375,3.0,1.0,0,Occasional Moderate-Value Customers,0
11263,6,383.34666666666664,2300.08,0.5,3.75,0.0,2.0,0,Occasional Moderate-Value Customers,0
11264,14,646.8392857142857,9055.75,1.1666666666666667,4.0,6.0,3.0,1,Frequent High-Value Customers,0
11265,10,843.427,8434.27,0.8333333333333334,4.222222222222222,4.0,3.0,1,Frequent High-Value Customers,0
11266,9,737.8611111111111,6640.75,0.75,3.7777777777777777,1.0,3.0,0,Occasional Moderate-Value Customers,0
11267,8,695.9525,5567.62,0.6666666666666666,3.5714285714285716,0.0,2.0,0,Occasional Moderate-Value Customers,0
11268,5,628.844,3144.2200000000003,0.4166666666666667,3.4,2.0,1.0,0,Occasional Moderate-Value Customers,0
11269,13,747.7953846153846,9721.34,1.0833333333333333,3.6923076923076925,4.0,3.0,1,Frequent High-Value Customers,0
11270,5,665.672,3328.36,0.4166666666666667,3.75,2.0,0.0,0,Occasional Moderate-Value Customers,0
11271,7,1059.8242857142857,7418.77,0.5833333333333334,4.142857142857143,1.0,2.0,0,Occasional Moderate-Value Customers,0
11272,8,696.6525,5573.22,0.6666666666666666,4.0,2.0,3.0,0,Occasional Moderate-Value Customers,0
11273,14,696.5164285714285,9751.23,1.1666666666666667,4.0,7.0,3.0,1,Frequent High-Value Customers,0
11274,18,619.3616666666667,11148.51,1.5,3.8823529411764706,2.0,5.0,1,Frequent High-Value Customers,0
11275,10,673.571,6735.71,0.8333333333333334,4.111111111111111,4.0,5.0,1,Frequent High-Value Customers,0
11276,10,692.899,6928.99,0.8333333333333334,3.875,2.0,2.0,0,Occasional Moderate-Value Customers,0
11277,9,604.73,5442.57,0.75,4.444444444444445,1.0,2.0,0,Occasional Moderate-Value Customers,0
11278,11,763.2945454545454,8396.24,0.9166666666666666,3.888888888888889,4.0,1.0,1,Frequent High-Value Customers,0
11279,6,956.0883333333333,5736.53,0.5,3.1666666666666665,1.0,2.0,0,Occasional Moderate-Value Customers,0
11280,10,815.123,8151.2300000000005,0.8333333333333334,3.111111111111111,3.0,3.0,1,Frequent High-Value Customers,0
11281,13,719.573076923077,9354.45,1.0833333333333333,3.6666666666666665,5.0,2.0,1,Frequent High-Value Customers,0
11282,10,608.251,6082.51,0.8333333333333334,3.9,5.0,1.0,0,Occasional Moderate-Value Customers,0
11283,9,725.7577777777777,6531.82,0.75,4.5,2.0,1.0,0,Occasional Moderate-Value Customers,0
11284,10,752.241,7522.41,0.8333333333333334,4.0,1.0,4.0,0,Occasional Moderate-Value Customers,0
11285,11,709.4036363636363,7803.44,0.9166666666666666,4.1,4.0,2.0,1,Frequent High-Value Customers,0
11286,10,789.38,7893.8,0.8333333333333334,3.857142857142857,3.0,1.0,0,Occasional Moderate-Value Customers,0
11287,11,644.3654545454546,7088.02,0.9166666666666666,4.25,2.0,3.0,1,Frequent High-Value Customers,0
11288,12,664.9,7978.8,1.0,4.181818181818182,5.0,2.0,1,Frequent High-Value Customers,0
11289,10,816.242,8162.42,0.8333333333333334,3.25,2.0,1.0,0,Occasional Moderate-Value Customers,0
11290,9,641.5911111111111,5774.32,0.75,4.444444444444445,3.0,2.0,0,Occasional Moderate-Value Customers,0
11291,11,716.9081818181818,7885.99,0.9166666666666666,3.909090909090909,5.0,4.0,1,Frequent High-Value Customers,0
11292,14,559.4457142857143,7832.24,1.1666666666666667,3.923076923076923,6.0,4.0,1,Frequent High-Value Customers,0
11293,11,577.9381818181818,6357.32,0.9166666666666666,4.4,4.0,2.0,1,Frequent High-Value Customers,0
11294,10,742.313,7423.13,0.8333333333333334,3.0,0.0,4.0,0,Occasional Moderate-Value Customers,0
11295,12,597.0358333333334,7164.43,1.0,3.625,3.0,1.0,1,Frequent High-Value Customers,0
11296,10,889.664,8896.64,0.8333333333333334,4.0,2.0,4.0,1,Frequent High-Value Customers,0
11297,16,881.8512499999999,14109.619999999999,1.3333333333333333,3.923076923076923,3.0,6.0,1,Frequent High-Value Customers,0
11298,7,542.9857142857143,3800.9,0.5833333333333334,3.5,2.0,2.0,0,Occasional Moderate-Value Customers,0
11299,12,957.3958333333334,11488.75,1.0,2.7777777777777777,1.0,2.0,1,Frequent High-Value Customers,-1
11300,9,836.0622222222222,7524.5599999999995,0.75,4.0,4.0,2.0,0,Occasional Moderate-Value Customers,0
11301,6,669.245,4015.4700000000003,0.5,4.0,3.0,2.0,0,Occasional Moderate-Value Customers,0
11302,11,558.0827272727273,6138.91,0.9166666666666666,4.5,0.0,4.0,0,Occasional Moderate-Value Customers,0
11303,11,868.6645454545454,9555.31,0.9166666666666666,4.0,2.0,3.0,1,Frequent High-Value Customers,0
11304,8,636.58,5092.64,0.6666666666666666,3.2857142857142856,2.0,0.0,0,Occasional Moderate-Value Customers,0
11305,7,1019.0828571428572,7133.58,0.5833333333333334,4.428571428571429,2.0,0.0,0,Occasional Moderate-Value Customers,0
11306,8,740.7262499999999,5925.8099999999995,0.6666666666666666,3.5714285714285716,3.0,2.0,0,Occasional Moderate-Value Customers,0
11307,12,786.1574999999999,9433.89,1.0,3.8181818181818183,2.0,1.0,1,Frequent High-Value Customers,0
11308,10,636.1020000000001,6361.02,0.8333333333333334,4.444444444444445,3.0,3.0,0,Occasional Moderate-Value Customers,0
11309,11,621.8281818181817,6840.11,0.9166666666666666,4.444444444444445,5.0,5.0,1,Frequent High-Value Customers,0
11310,8,731.9275,5855.42,0.6666666666666666,3.625,2.0,0.0,0,Occasional Moderate-Value Customers,0
11311,17,652.9476470588236,11100.11,1.4166666666666667,4.2727272727272725,5.0,4.0,1,Frequent High-Value Customers,0
11312,11,585.3590909090909,6438.95,0.9166666666666666,3.888888888888889,4.0,3.0,1,Frequent High-Value Customers,0
11313,10,887.336,8873.36,0.8333333333333334,3.1,3.0,1.0,1,Frequent High-Value Customers,0
11314,6,1033.5716666666667,6201.43,0.5,3.2,1.0,1.0,0,Occasional Moderate-Value Customers,0
11315,10,623.723,6237.23,0.8333333333333334,4.0,1.0,1.0,0,Occasional Moderate-Value Customers,0
11316,7,635.9971428571429,4451.9800000000005,0.5833333333333334,4.142857142857143,3.0,0.0,0,Occasional Moderate-Value Customers,0
11317,10,761.991,7619.91,0.8333333333333334,3.6,1.0,4.0,0,Occasional Moderate-Value Customers,0
11318,9,494.8377777777778,4453.54,0.75,4.444444444444445,2.0,2.0,0,Occasional Moderate-Value Customers,0
11319,14,455.5514285714285,6377.719999999999,1.1666666666666667,3.8333333333333335,7.0,4.0,1,Frequent High-Value Customers,0
11320,10,650.859,6508.59,0.8333333333333334,3.3333333333333335,4.0,3.0,1,Frequent High-Value Customers,0
11321,7,900.2257142857143,6301.58,0.5833333333333334,3.2857142857142856,2.0,2.0,0,Occasional Moderate-Value Customers,0
11322,5,745.508,3727.54,0.4166666666666667,4.5,2.0,2.0,0,Occasional Moderate-Value Customers,0
11323,8,552.4175,4419.34,0.6666666666666666,4.0,3.0,2.0,0,Occasional Moderate-Value Customers,0
11324,16,812.361875,12997.79,1.3333333333333333,3.7857142857142856,6.0,5.0,1,Frequent High-Value Customers,0
11325,6,524.845,3149.07,0.5,4.333333333333333,4.0,0.0,0,Occasional Moderate-Value Customers,0
11326,5,838.664,4193.32,0.4166666666666667,4.0,0.0,2.0,0,Occasional Moderate-Value Customers,0
11327,12,652.9025,7834.83,1.0,3.1818181818181817,5.0,4.0,1,Frequent High-Value Customers,0
11328,11,743.0563636363636,8173.62,0.9166666666666666,4.333333333333333,3.0,3.0,1,Frequent High-Value Customers,0
11329,6,571.6066666666667,3429.64,0.5,4.333333333333333,1.0,1.0,0,Occasional Moderate-Value Customers,0
11330,8,502.59375,4020.75,0.6666666666666666,3.8333333333333335,3.0,1.0,0,Occasional Moderate-Value Customers,0
11331,8,879.4375,7035.5,0.6666666666666666,3.8333333333333335,4.0,4.0,0,Occasional Moderate-Value Customers,0
11332,4,1045.17,4180.68,0.3333333333333333,3.6666666666666665,0.0,2.0,0,Occasional Moderate-Value Customers,-1
11333,16,616.5231249999999,9864.369999999999,1.3333333333333333,3.533333333333333,5.0,6.0,1,Frequent High-Value Customers,0
11334,10,634.729,6347.29,0.8333333333333334,3.5555555555555554,3.0,3.0,0,Occasional Moderate-Value Customers,0
11335,6,441.33,2647.98,0.5,4.2,1.0,0.0,0,Occasional Moderate-Value Customers,0
11336,10,645.938,6459.38,0.8333333333333334,2.5,3.0,2.0,0,Occasional Moderate-Value Customers,0
11337,7,684.8871428571429,4794.21,0.5833333333333334,3.3333333333333335,3.0,1.0,0,Occasional Moderate-Value Customers,0
11338,7,496.8128571428571,3477.69,0.5833333333333334,3.857142857142857,1.0,3.0,0,Occasional Moderate-Value Customers,0
11339,12,600.5683333333333,7206.82,1.0,3.8,2.0,4.0,1,Frequent High-Value Customers,0
11340,12,687.9,8254.8,1.0,3.5454545454545454,4.0,5.0,1,Frequent High-Value Customers,0
11341,8,685.515,5484.12,0.6666666666666666,3.857142857142857,0.0,0.0,0,Occasional Moderate-Value Customers,0
11342,9,690.5277777777778,6214.75,0.75,4.0,2.0,3.0,0,Occasional Moderate-Value Customers,0
11343,15,717.2326666666667,10758.49,1.25,3.4285714285714284,3.0,2.0,1,Frequent High-Value Customers,0
11344,6,520.5983333333334,3123.59,0.5,4.0,2.0,1.0,0,Occasional Moderate-Value Customers,0
11345,6,560.6733333333333,3364.04,0.5,4.333333333333333,0.0,3.0,0,Occasional Moderate-Value Customers,0
11346,7,396.8614285714285,2778.0299999999997,0.5833333333333334,3.857142857142857,2.0,2.0,0,Occasional Moderate-Value Customers,0
11347,9,807.8977777777777,7271.08,0.75,4.375,3.0,2.0,0,Occasional Moderate-Value Customers,0
11348,11,620.2409090909091,6822.65,0.9166666666666666,4.2727272727272725,2.0,3.0,1,Frequent High-Value Customers,0
11349,16,713.704375,11419.27,1.3333333333333333,3.7142857142857144,3.0,6.0,1,Frequent High-Value Customers,0
11350,15,737.7026666666667,11065.54,1.25,4.25,5.0,2.0,1,Frequent High-Value Customers,0
11351,11,701.5127272727273,7716.64,0.9166666666666666,3.875,2.0,1.0,0,Occasional Moderate-Value Customers,0
11352,14,636.4928571428571,8910.9,1.1666666666666667,4.6,3.0,2.0,1,Frequent High-Value Customers,0
11353,14,620.3907142857144,8685.470000000001,1.1666666666666667,3.1818181818181817,2.0,3.0,1,Frequent High-Value Customers,0
11354,5,723.392,3616.96,0.4166666666666667,3.8,0.0,2.0,0,Occasional Moderate-Value Customers,0
11355,6,694.0683333333333,4164.41,0.5,3.0,2.0,2.0,0,Occasional Moderate-Value Customers,0
11356,12,368.64916666666664,4423.79,1.0,3.5,2.0,2.0,0,Occasional Moderate-Value Customers,0
11357,15,616.3426666666667,9245.14,1.25,3.7857142857142856,2.0,3.0,1,Frequent High-Value Customers,0
11358,8,621.6225000000001,4972.9800000000005,0.6666666666666666,3.75,4.0,0.0,0,Occasional Moderate-Value Customers,0
11359,6,515.8033333333334,3094.82,0.5,4.0,3.0,2.0,0,Occasional Moderate-Value Customers,0
11360,9,560.2388888888888,5042.15,0.75,3.875,1.0,0.0,0,Occasional Moderate-Value Customers,0
11361,6,623.4133333333333,3740.48,0.5,4.6,2.0,1.0,0,Occasional Moderate-Value Customers,0
11362,8,615.725,4925.8,0.6666666666666666,3.625,3.0,1.0,0,Occasional Moderate-Value Customers,0
11363,11,694.7836363636363,7642.62,0.9166666666666666,3.7,2.0,4.0,1,Frequent High-Value Customers,0
11364,10,642.589,6425.89,0.8333333333333334,3.7,2.0,4.0,0,Occasional Moderate-Value Customers,0
11365,9,597.8266666666666,5380.44,0.75,4.125,4.0,2.0,0,Occasional Moderate-Value Customers,0
11366,11,521.0418181818181,5731.46,0.9166666666666666,3.5555555555555554,2.0,3.0,0,Occasional Moderate-Value Customers,0
11367,11,658.9654545454546,7248.62,0.9166666666666666,4.125,0.0,1.0,0,Occasional Moderate-Value Customers,0
11368,8,710.2925,5682.34,0.6666666666666666,3.7142857142857144,3.0,1.0,0,Occasional Moderate-Value Customers,0
11369,8,731.51375,5852.11,0.6666666666666666,4.142857142857143,4.0,3.0,0,Occasional Moderate-Value Customers,0
11370,3,543.09,1629.27,0.25,3.3333333333333335,2.0,1.0,0,Occasional Moderate-Value Customers,-1
11371,11,729.5781818181817,8025.36,0.9166666666666666,3.7777777777777777,4.0,1.0,1,Frequent High-Value Customers,0
11372,8,617.20125,4937.61,0.6666666666666666,4.571428571428571,2.0,4.0,0,Occasional Moderate-Value Customers,0
11373,10,771.333,7713.33,0.8333333333333334,3.5555555555555554,2.0,3.0,0,Occasional Moderate-Value Customers,0
11374,12,794.795,9537.539999999999,1.0,3.8333333333333335,3.0,3.0,1,Frequent High-Value Customers,0
11375,8,988.57875,7908.63,0.6666666666666666,4.0,2.0,2.0,0,Occasional Moderate-Value Customers,0
11376,8,781.50625,6252.05,0.6666666666666666,3.5,3.0,1.0,0,Occasional Moderate-Value Customers,0
11377,12,681.5958333333333,8179.15,1.0,3.9166666666666665,4.0,2.0,1,Frequent High-Value Customers,0
11378,7,794.5028571428572,5561.52,0.5833333333333334,4.0,1.0,3.0,0,Occasional Moderate-Value Customers,0
11379,7,494.89285714285717,3464.25,0.5833333333333334,3.5714285714285716,2.0,4.0,0,Occasional Moderate-Value Customers,0
11380,6,813.3683333333333,4880.21,0.5,4.0,3.0,0.0,0,Occasional Moderate-Value Customers,0
11381,21,801.3104761904763,16827.52,1.75,4.157894736842105,7.0,4.0,1,Frequent High-Value Customers,-1
11382,6,560.1216666666667,3360.73,0.5,3.4,4.0,0.0,0,Occasional Moderate-Value Customers,0
11383,12,571.3874999999999,6856.65,1.0,4.545454545454546,8.0,3.0,1,Frequent High-Value Customers,-1
11384,9,587.2122222222222,5284.91,0.75,4.444444444444445,2.0,1.0,0,Occasional Moderate-Value Customers,0
11385,11,660.5781818181817,7266.36,0.9166666666666666,3.272727272727273,3.0,1.0,0,Occasional Moderate-Value Customers,0
11386,8,555.03125,4440.25,0.6666666666666666,3.5,3.0,2.0,0,Occasional Moderate-Value Customers,0
11387,14,680.6514285714286,9529.12,1.1666666666666667,3.6923076923076925,5.0,5.0,1,Frequent High-Value Customers,0
11388,12,511.095,6133.14,1.0,3.888888888888889,5.0,0.0,1,Frequent High-Value Customers,0
11389,11,571.3272727272728,6284.6,0.9166666666666666,3.888888888888889,3.0,2.0,0,Occasional Moderate-Value Customers,0
11390,12,796.5683333333333,9558.82,1.0,3.6,4.0,2.0,1,Frequent High-Value Customers,0
11391,4,770.2775,3081.11,0.3333333333333333,4.75,2.0,1.0,0,Occasional Moderate-Value Customers,0
11392,11,677.4563636363636,7452.0199999999995,0.9166666666666666,4.0,3.0,2.0,1,Frequent High-Value Customers,0
11393,18,611.1422222222222,11000.56,1.5,3.8666666666666667,5.0,5.0,1,Frequent High-Value Customers,0
11394,12,533.4691666666666,6401.63,1.0,4.363636363636363,3.0,5.0,1,Frequent High-Value Customers,0
11395,9,584.2622222222222,5258.360000000001,0.75,4.0,4.0,4.0,0,Occasional Moderate-Value Customers,0
11396,14,747.3035714285714,10462.25,1.1666666666666667,4.461538461538462,4.0,1.0,1,Frequent High-Value Customers,0
11397,6,751.09,4506.54,0.5,3.0,0.0,4.0,0,Occasional Moderate-Value Customers,-1
11398,7,747.2557142857142,5230.79,0.5833333333333334,4.333333333333333,2.0,1.0,0,Occasional Moderate-Value Customers,0
11399,7,513.8485714285714,3596.9399999999996,0.5833333333333334,3.6,4.0,1.0,0,Occasional Moderate-Value Customers,0
11400,13,680.5353846153846,8846.96,1.0833333333333333,3.6923076923076925,3.0,3.0,1,Frequent High-Value Customers,0
11401,12,534.9616666666667,6419.54,1.0,4.090909090909091,3.0,2.0,1,Frequent High-Value Customers,0
11402,14,778.6514285714286,10901.12,1.1666666666666667,3.8333333333333335,3.0,1.0,1,Frequent High-Value Customers,0
11403,13,778.8223076923077,10124.69,1.0833333333333333,3.75,2.0,2.0,1,Frequent High-Value Customers,0
11404,8,788.30625,6306.45,0.6666666666666666,4.5,1.0,3.0,0,Occasional Moderate-Value Customers,0
11405,18,560.4838888888888,10088.71,1.5,3.823529411764706,4.0,6.0,1,Frequent High-Value Customers,1
11406,11,720.2854545454545,7923.139999999999,0.9166666666666666,4.2727272727272725,5.0,1.0,1,Frequent High-Value Customers,0
11407,7,769.1157142857144,5383.81,0.5833333333333334,3.6,3.0,2.0,0,Occasional Moderate-Value Customers,0
11408,9,626.0855555555556,5634.77,0.75,3.75,2.0,3.0,0,Occasional Moderate-Value Customers,0
11409,10,893.142,8931.42,0.8333333333333334,4.25,4.0,3.0,1,Frequent High-Value Customers,0
11410,10,745.421,7454.21,0.8333333333333334,3.6,4.0,1.0,0,Occasional Moderate-Value Customers,0
11411,10,508.21899999999994,5082.19,0.8333333333333334,4.0,3.0,0.0,0,Occasional Moderate-Value Customers,0
11412,9,719.0166666666667,6471.15,0.75,4.0,3.0,2.0,0,Occasional Moderate-Value Customers,0
11413,7,651.1657142857142,4558.16,0.5833333333333334,3.857142857142857,2.0,2.0,0,Occasional Moderate-Value Customers,0
11414,12,699.4108333333334,8392.93,1.0,4.3,8.0,2.0,1,Frequent High-Value Customers,0
11415,10,889.934,8899.34,0.8333333333333334,3.7777777777777777,3.0,2.0,1,Frequent High-Value Customers,0
11416,6,901.8583333333332,5411.15,0.5,4.0,1.0,1.0,0,Occasional Moderate-Value Customers,0
11417,14,583.8364285714285,8173.71,1.1666666666666667,3.7142857142857144,2.0,1.0,1,Frequent High-Value Customers,0
11418,9,632.3888888888889,5691.5,0.75,3.5,1.0,2.0,0,Occasional Moderate-Value Customers,0
11419,16,568.911875,9102.59,1.3333333333333333,3.923076923076923,7.0,4.0,1,Frequent High-Value Customers,0
11420,10,665.089,6650.89,0.8333333333333334,3.5714285714285716,1.0,3.0,0,Occasional Moderate-Value Customers,0
11421,10,745.615,7456.15,0.8333333333333334,3.4,2.0,4.0,1,Frequent High-Value Customers,0
11422,14,677.5364285714286,9485.51,1.1666666666666667,3.5454545454545454,3.0,7.0,1,Frequent High-Value Customers,0
11423,8,595.355,4762.84,0.6666666666666666,4.5,2.0,1.0,0,Occasional Moderate-Value Customers,0
11424,13,1005.3623076923078,13069.710000000001,1.0833333333333333,4.166666666666667,3.0,4.0,1,Frequent High-Value Customers,0
11425,11,635.5909090909091,6991.5,0.9166666666666666,3.6,1.0,3.0,0,Occasional Moderate-Value Customers,0
11426,8,577.74875,4621.99,0.6666666666666666,4.5,2.0,2.0,0,Occasional Moderate-Value Customers,0
11427,12,732.94,8795.28,1.0,3.7,3.0,2.0,1,Frequent High-Value Customers,0
11428,14,566.4921428571428,7930.889999999999,1.1666666666666667,4.0,3.0,6.0,1,Frequent High-Value Customers,0
11429,11,877.1954545454545,9649.15,0.9166666666666666,3.0,1.0,2.0,1,Frequent High-Value Customers,0
11430,8,697.85125,5582.81,0.6666666666666666,3.142857142857143,2.0,4.0,0,Occasional Moderate-Value Customers,0
11431,8,766.35875,6130.87,0.6666666666666666,3.857142857142857,3.0,1.0,0,Occasional Moderate-Value Customers,0
11432,8,827.3225,6618.58,0.6666666666666666,3.1666666666666665,3.0,1.0,0,Occasional Moderate-Value Customers,0
11433,12,577.08,6924.96,1.0,3.7777777777777777,1.0,2.0,0,Occasional Moderate-Value Customers,0
11434,8,709.7825,5678.26,0.6666666666666666,3.125,0.0,3.0,0,Occasional Moderate-Value Customers,0
11435,15,532.2893333333334,7984.34,1.25,3.642857142857143,7.0,5.0,1,Frequent High-Value Customers,0
11436,9,442.3955555555556,3981.56,0.75,4.111111111111111,2.0,2.0,0,Occasional Moderate-Value Customers,0
11437,12,750.4358333333333,9005.23,1.0,4.1,4.0,4.0,1,Frequent High-Value Customers,0
11438,6,620.7633333333333,3724.58,0.5,3.3333333333333335,5.0,3.0,0,Occasional Moderate-Value Customers,0
11439,14,938.5721428571429,13140.01,1.1666666666666667,3.8461538461538463,2.0,1.0,1,Frequent High-Value Customers,-1
11440,7,670.3614285714285,4692.53,0.5833333333333334,3.0,1.0,2.0,0,Occasional Moderate-Value Customers,0
11441,15,574.492,8617.38,1.25,3.6923076923076925,5.0,6.0,1,Frequent High-Value Customers,0
11442,6,570.2866666666667,3421.7200000000003,0.5,4.166666666666667,1.0,2.0,0,Occasional Moderate-Value Customers,0
11443,13,742.0823076923077,9647.07,1.0833333333333333,3.6666666666666665,4.0,6.0,1,Frequent High-Value Customers,0
11444,11,592.5163636363636,6517.68,0.9166666666666666,4.0,2.0,3.0,0,Occasional Moderate-Value Customers,0
11445,6,967.3249999999999,5803.95,0.5,3.6,4.0,0.0,0,Occasional Moderate-Value Customers,-1
11446,13,810.8292307692308,10540.78,1.0833333333333333,3.909090909090909,5.0,5.0,1,Frequent High-Value Customers,0
11447,8,429.78,3438.24,0.6666666666666666,4.285714285714286,2.0,1.0,0,Occasional Moderate-Value Customers,0
11448,15,702.5686666666667,10538.53,1.25,4.2727272727272725,2.0,3.0,1,Frequent High-Value Customers,0
11449,10,661.0319999999999,6610.32,0.8333333333333334,4.4,3.0,0.0,0,Occasional Moderate-Value Customers,0
11450,13,650.7023076923076,8459.13,1.0833333333333333,3.5454545454545454,3.0,7.0,1,Frequent High-Value Customers,0
11451,8,507.02,4056.16,0.6666666666666666,4.125,2.0,3.0,0,Occasional Moderate-Value Customers,0
11452,6,559.9216666666666,3359.5299999999997,0.5,2.8,2.0,3.0,0,Occasional Moderate-Value Customers,0
11453,12,563.2666666666667,6759.2,1.0,4.3,3.0,3.0,1,Frequent High-Value Customers,0
11454,9,568.5711111111111,5117.14,0.75,4.5,3.0,4.0,0,Occasional Moderate-Value Customers,0
11455,5,419.316,2096.58,0.4166666666666667,3.5,2.0,2.0,0,Occasional Moderate-Value Customers,0
11456,13,668.4192307692308,8689.45,1.0833333333333333,3.5454545454545454,3.0,4.0,1,Frequent High-Value Customers,0
11457,6,580.965,3485.79,0.5,3.8,3.0,3.0,0,Occasional Moderate-Value Customers,0
11458,13,917.5530769230768,11928.189999999999,1.0833333333333333,3.6153846153846154,7.0,4.0,1,Frequent High-Value Customers,0
11459,8,776.2675,6210.14,0.6666666666666666,4.0,2.0,1.0,0,Occasional Moderate-Value Customers,0
11460,17,619.89,10538.13,1.4166666666666667,3.2666666666666666,3.0,4.0,1,Frequent High-Value Customers,0
11461,8,407.9975,3263.98,0.6666666666666666,4.714285714285714,3.0,1.0,0,Occasional Moderate-Value Customers,0
11462,10,727.593,7275.929999999999,0.8333333333333334,3.2222222222222223,4.0,4.0,1,Frequent High-Value Customers,0
11463,11,684.7036363636363,7531.74,0.9166666666666666,4.6,5.0,2.0,1,Frequent High-Value Customers,0
11464,11,740.5327272727272,8145.86,0.9166666666666666,3.8,3.0,1.0,1,Frequent High-Value Customers,0
11465,10,637.81,6378.099999999999,0.8333333333333334,4.0,5.0,2.0,1,Frequent High-Value Customers,0
11466,5,863.2719999999999,4316.36,0.4166666666666667,4.0,0.0,2.0,0,Occasional Moderate-Value Customers,0
11467,15,692.336,10385.04,1.25,4.285714285714286,8.0,5.0,1,Frequent High-Value Customers,0
11468,7,765.1528571428571,5356.07,0.5833333333333334,3.4285714285714284,3.0,1.0,0,Occasional Moderate-Value Customers,0
11469,12,614.4775,7373.73,1.0,3.4285714285714284,3.0,5.0,1,Frequent High-Value Customers,0
11470,12,881.5324999999999,10578.39,1.0,4.222222222222222,4.0,2.0,1,Frequent High-Value Customers,0
11471,14,1014.1928571428572,14198.7,1.1666666666666667,4.428571428571429,3.0,4.0,1,Frequent High-Value Customers,0
11472,7,485.41285714285715,3397.89,0.5833333333333334,3.2857142857142856,0.0,1.0,0,Occasional Moderate-Value Customers,0
11473,6,690.7033333333334,4144.22,0.5,3.5,1.0,0.0,0,Occasional Moderate-Value Customers,0
11474,9,497.74555555555554,4479.71,0.75,3.875,2.0,1.0,0,Occasional Moderate-Value Customers,0
11475,7,810.3085714285714,5672.16,0.5833333333333334,3.6666666666666665,4.0,2.0,0,Occasional Moderate-Value Customers,0
11476,11,598.0827272727273,6578.91,0.9166666666666666,4.2,2.0,2.0,0,Occasional Moderate-Value Customers,0
11477,13,538.49,7000.37,1.0833333333333333,3.8,1.0,4.0,1,Frequent High-Value Customers,0
11478,11,651.0672727272727,7161.74,0.9166666666666666,3.857142857142857,4.0,4.0,1,Frequent High-Value Customers,0
11479,6,587.195,3523.17,0.5,4.8,0.0,1.0,0,Occasional Moderate-Value Customers,0
11480,10,661.918,6619.18,0.8333333333333334,4.0,1.0,1.0,0,Occasional Moderate-Value Customers,0
11481,12,793.4491666666667,9521.39,1.0,4.0,3.0,4.0,1,Frequent High-Value Customers,0
11482,9,762.4577777777778,6862.12,0.75,4.333333333333333,5.0,0.0,0,Occasional Moderate-Value Customers,0
11483,10,719.505,7195.05,0.8333333333333334,3.625,3.0,4.0,1,Frequent High-Value Customers,0
11484,7,818.6228571428572,5730.360000000001,0.5833333333333334,4.333333333333333,0.0,3.0,0,Occasional Moderate-Value Customers,0
11485,10,808.054,8080.54,0.8333333333333334,2.75,6.0,1.0,1,Frequent High-Value Customers,-1
11486,13,569.5715384615385,7404.43,1.0833333333333333,4.3,3.0,3.0,1,Frequent High-Value Customers,0
11487,5,805.332,4026.66,0.4166666666666667,4.4,2.0,2.0,0,Occasional Moderate-Value Customers,0
11488,7,759.1771428571428,5314.24,0.5833333333333334,4.2,2.0,2.0,0,Occasional Moderate-Value Customers,0
11489,9,440.3666666666667,3963.3,0.75,4.75,2.0,2.0,0,Occasional Moderate-Value Customers,0
11490,15,762.894,11443.41,1.25,4.0,3.0,7.0,1,Frequent High-Value Customers,0
11491,15,683.8960000000001,10258.44,1.25,3.9285714285714284,1.0,2.0,1,Frequent High-Value Customers,0
11492,11,686.4545454545455,7551.0,0.9166666666666666,3.7,2.0,2.0,1,Frequent High-Value Customers,0
11493,8,561.5425,4492.34,0.6666666666666666,3.6,4.0,2.0,0,Occasional Moderate-Value Customers,0
11494,11,651.7954545454545,7169.75,0.9166666666666666,3.6363636363636362,2.0,3.0,1,Frequent High-Value Customers,0
11495,16,551.171875,8818.75,1.3333333333333333,3.923076923076923,5.0,7.0,1,Frequent High-Value Customers,0
11496,9,575.6866666666667,5181.18,0.75,3.625,5.0,2.0,0,Occasional Moderate-Value Customers,0
11497,3,664.9633333333334,1994.89,0.25,3.6666666666666665,1.0,1.0,0,Occasional Moderate-Value Customers,0
11498,10,572.499,5724.99,0.8333333333333334,3.25,5.0,2.0,0,Occasional Moderate-Value Customers,0
11499,11,792.8318181818181,8721.15,0.9166666666666666,3.8181818181818183,0.0,2.0,0,Occasional Moderate-Value Customers,0
11500,12,582.88,6994.56,1.0,4.090909090909091,8.0,4.0,1,Frequent High-Value Customers,-1
11501,6,812.3650000000001,4874.1900000000005,0.5,4.2,0.0,0.0,0,Occasional Moderate-Value Customers,0
11502,11,616.7554545454545,6784.31,0.9166666666666666,3.7777777777777777,4.0,2.0,1,Frequent High-Value Customers,0
11503,21,875.3909523809523,18383.21,1.75,3.611111111111111,7.0,8.0,1,Frequent High-Value Customers,-1
11504,9,861.6700000000001,7755.030000000001,0.75,4.444444444444445,6.0,1.0,1,Frequent High-Value Customers,-1
11505,8,524.7225,4197.78,0.6666666666666666,3.5714285714285716,2.0,3.0,0,Occasional Moderate-Value Customers,0
11506,11,694.0518181818182,7634.570000000001,0.9166666666666666,4.363636363636363,3.0,4.0,1,Frequent High-Value Customers,0
11507,11,586.2981818181818,6449.28,0.9166666666666666,3.5,1.0,2.0,0,Occasional Moderate-Value Customers,0
11508,13,796.03,10348.39,1.0833333333333333,3.6153846153846154,1.0,5.0,1,Frequent High-Value Customers,0
11509,14,527.2778571428572,7381.89,1.1666666666666667,3.111111111111111,4.0,2.0,1,Frequent High-Value Customers,0
11510,13,596.243076923077,7751.16,1.0833333333333333,4.416666666666667,5.0,3.0,1,Frequent High-Value Customers,0
11511,9,1039.89,9359.01,0.75,3.25,2.0,1.0,0,Occasional Moderate-Value Customers,-1
11512,10,575.684,5756.84,0.8333333333333334,4.222222222222222,4.0,4.0,1,Frequent High-Value Customers,0
11513,11,589.6963636363636,6486.66,0.9166666666666666,3.9,4.0,2.0,1,Frequent High-Value Customers,0
11514,9,882.1155555555556,7939.04,0.75,3.375,3.0,1.0,0,Occasional Moderate-Value Customers,0
11515,9,738.4588888888889,6646.13,0.75,4.111111111111111,1.0,2.0,0,Occasional Moderate-Value Customers,0
11516,11,556.5818181818181,6122.4,0.9166666666666666,3.7,3.0,2.0,0,Occasional Moderate-Value Customers,0
11517,16,713.9300000000001,11422.880000000001,1.3333333333333333,4.0,5.0,6.0,1,Frequent High-Value Customers,0
11518,9,810.52,7294.68,0.75,4.166666666666667,3.0,1.0,0,Occasional Moderate-Value Customers,0
11519,16,513.94875,8223.18,1.3333333333333333,4.1875,5.0,5.0,1,Frequent High-Value Customers,0
11520,13,621.9084615384616,8084.81,1.0833333333333333,3.75,5.0,1.0,1,Frequent High-Value Customers,0
11521,14,754.9735714285714,10569.63,1.1666666666666667,3.6666666666666665,4.0,2.0,1,Frequent High-Value Customers,0
11522,9,599.7355555555555,5397.62,0.75,3.5555555555555554,2.0,3.0,0,Occasional Moderate-Value Customers,0
11523,6,735.9383333333334,4415.63,0.5,4.333333333333333,2.0,2.0,0,Occasional Moderate-Value Customers,0
11524,9,723.83,6514.47,0.75,4.428571428571429,2.0,1.0,0,Occasional Moderate-Value Customers,0
11525,12,726.4733333333334,8717.68,1.0,3.6363636363636362,3.0,1.0,1,Frequent High-Value Customers,0
11526,9,447.15777777777777,4024.42,0.75,3.5,1.0,2.0,0,Occasional Moderate-Value Customers,0
11527,11,876.2327272727272,9638.56,0.9166666666666666,3.7777777777777777,4.0,2.0,1,Frequent High-Value Customers,0
11528,8,841.5912500000001,6732.7300000000005,0.6666666666666666,2.7142857142857144,3.0,4.0,0,Occasional Moderate-Value Customers,-1
11529,10,588.777,5887.77,0.8333333333333334,4.285714285714286,1.0,1.0,0,Occasional Moderate-Value Customers,0
11530,14,684.585,9584.19,1.1666666666666667,3.923076923076923,3.0,3.0,1,Frequent High-Value Customers,0
11531,9,679.3844444444444,6114.46,0.75,3.5555555555555554,1.0,3.0,0,Occasional Moderate-Value Customers,0
11532,12,639.3391666666666,7672.07,1.0,3.8181818181818183,4.0,2.0,1,Frequent High-Value Customers,0
11533,9,916.5266666666666,8248.74,0.75,4.5,3.0,2.0,0,Occasional Moderate-Value Customers,0
11534,7,725.8257142857144,5080.780000000001,0.5833333333333334,4.4,1.0,2.0,0,Occasional Moderate-Value Customers,0
11535,13,734.9253846153847,9554.03,1.0833333333333333,4.083333333333333,4.0,4.0,1,Frequent High-Value Customers,0
11536,10,701.964,7019.64,0.8333333333333334,4.2,2.0,2.0,0,Occasional Moderate-Value Customers,0
11537,12,685.7641666666667,8229.17,1.0,3.5454545454545454,5.0,3.0,1,Frequent High-Value Customers,0
11538,12,598.695,7184.34,1.0,4.125,2.0,2.0,1,Frequent High-Value Customers,0
11539,7,872.2685714285715,6105.88,0.5833333333333334,4.142857142857143,2.0,2.0,0,Occasional Moderate-Value Customers,0
11540,15,564.758,8471.37,1.25,3.5714285714285716,5.0,3.0,1,Frequent High-Value Customers,0
11541,6,821.055,4926.33,0.5,3.3333333333333335,1.0,1.0,0,Occasional Moderate-Value Customers,0
11542,6,708.13,4248.78,0.5,3.5,2.0,3.0,0,Occasional Moderate-Value Customers,0
11543,7,757.5742857142858,5303.02,0.5833333333333334,3.5,2.0,3.0,0,Occasional Moderate-Value Customers,0
11544,7,796.9857142857144,5578.900000000001,0.5833333333333334,4.571428571428571,2.0,2.0,0,Occasional Moderate-Value Customers,0
11545,8,614.655,4917.24,0.6666666666666666,4.375,3.0,4.0,0,Occasional Moderate-Value Customers,0
11546,8,618.385,4947.08,0.6666666666666666,4.5,1.0,2.0,0,Occasional Moderate-Value Customers,0
11547,3,558.9233333333333,1676.77,0.25,4.0,1.0,0.0,0,Occasional Moderate-Value Customers,0
11548,10,730.337,7303.37,0.8333333333333334,3.8,3.0,1.0,0,Occasional Moderate-Value Customers,0
11549,12,836.3775,10036.53,1.0,3.3333333333333335,1.0,3.0,1,Frequent High-Value Customers,0
11550,8,506.64,4053.12,0.6666666666666666,3.875,8.0,4.0,0,Occasional Moderate-Value Customers,-1
11551,9,731.6322222222221,6584.69,0.75,4.0,3.0,1.0,0,Occasional Moderate-Value Customers,0
11552,9,827.5922222222222,7448.33,0.75,4.0,4.0,1.0,0,Occasional Moderate-Value Customers,0
11553,5,961.366,4806.83,0.4166666666666667,3.8,4.0,3.0,0,Occasional Moderate-Value Customers,-1
11554,11,575.7172727272728,6332.89,0.9166666666666666,3.7777777777777777,4.0,3.0,1,Frequent High-Value Customers,0
11555,3,672.77,2018.31,0.25,3.6666666666666665,1.0,1.0,0,Occasional Moderate-Value Customers,0
11556,9,641.8466666666667,5776.62,0.75,4.0,3.0,3.0,0,Occasional Moderate-Value Customers,0
11557,8,814.28,6514.24,0.6666666666666666,3.4285714285714284,4.0,4.0,0,Occasional Moderate-Value Customers,0
11558,8,570.5825,4564.66,0.6666666666666666,4.25,3.0,1.0,0,Occasional Moderate-Value Customers,0
11559,13,579.2592307692307,7530.37,1.0833333333333333,3.5,5.0,4.0,1,Frequent High-Value Customers,0
11560,7,508.67857142857144,3560.75,0.5833333333333334,3.7142857142857144,1.0,1.0,0,Occasional Moderate-Value Customers,0
11561,7,848.9528571428572,5942.67,0.5833333333333334,4.0,2.0,1.0,0,Occasional Moderate-Value Customers,0
11562,15,737.6526666666666,11064.789999999999,1.25,3.8461538461538463,1.0,2.0,1,Frequent High-Value Customers,0
11563,13,669.6261538461538,8705.14,1.0833333333333333,4.076923076923077,6.0,2.0,1,Frequent High-Value Customers,0
11564,10,586.999,5869.99,0.8333333333333334,4.222222222222222,3.0,3.0,0,Occasional Moderate-Value Customers,0
11565,10,557.2470000000001,5572.47,0.8333333333333334,4.0,3.0,2.0,0,Occasional Moderate-Value Customers,0
11566,9,837.2199999999999,7534.98,0.75,3.75,6.0,2.0,1,Frequent High-Value Customers,0
11567,15,723.2446666666667,10848.67,1.25,4.0,5.0,5.0,1,Frequent High-Value Customers,0
11568,10,539.858,5398.58,0.8333333333333334,4.2,5.0,0.0,0,Occasional Moderate-Value Customers,0
11569,9,656.7755555555555,5910.98,0.75,4.25,0.0,3.0,0,Occasional Moderate-Value Customers,0
11570,1,525.71,525.71,0.08333333333333333,1.0,1.0,0.0,0,Occasional Moderate-Value Customers,-1
11571,6,455.40333333333336,2732.42,0.5,3.8,1.0,0.0,0,Occasional Moderate-Value Customers,0
11572,9,867.99,7811.91,0.75,4.0,1.0,2.0,0,Occasional Moderate-Value Customers,0
11573,5,469.31800000000004,2346.59,0.4166666666666667,4.4,1.0,0.0,0,Occasional Moderate-Value Customers,0
11574,10,776.9399999999999,7769.4,0.8333333333333334,3.5,1.0,3.0,0,Occasional Moderate-Value Customers,0
11575,18,599.3366666666666,10788.06,1.5,3.7777777777777777,6.0,7.0,1,Frequent High-Value Customers,0
11576,13,671.9723076923076,8735.64,1.0833333333333333,3.2,4.0,9.0,1,Frequent High-Value Customers,-1
11577,12,643.3866666666667,7720.639999999999,1.0,4.090909090909091,6.0,2.0,1,Frequent High-Value Customers,0
11578,13,660.4430769230769,8585.76,1.0833333333333333,3.909090909090909,3.0,4.0,1,Frequent High-Value Customers,0
11579,5,717.714,3588.57,0.4166666666666667,4.6,1.0,1.0,0,Occasional Moderate-Value Customers,0
11580,11,760.1472727272728,8361.62,0.9166666666666666,3.0,4.0,4.0,1,Frequent High-Value Customers,0
11581,14,643.2792857142857,9005.91,1.1666666666666667,3.8333333333333335,4.0,3.0,1,Frequent High-Value Customers,0
11582,12,739.2691666666666,8871.23,1.0,3.1666666666666665,3.0,1.0,1,Frequent High-Value Customers,0
11583,7,450.1014285714286,3150.71,0.5833333333333334,3.857142857142857,4.0,2.0,0,Occasional Moderate-Value Customers,0
11584,7,492.4485714285714,3447.14,0.5833333333333334,3.25,2.0,0.0,0,Occasional Moderate-Value Customers,0
11585,6,807.4933333333333,4844.96,0.5,4.333333333333333,1.0,2.0,0,Occasional Moderate-Value Customers,0
11586,12,659.8675,7918.41,1.0,3.7777777777777777,3.0,5.0,1,Frequent High-Value Customers,0
11587,9,352.56888888888886,3173.12,0.75,4.571428571428571,2.0,0.0,0,Occasional Moderate-Value Customers,-1
11588,10,797.975,7979.75,0.8333333333333334,4.142857142857143,3.0,4.0,1,Frequent High-Value Customers,0
11589,11,905.9363636363636,9965.3,0.9166666666666666,4.7,4.0,0.0,1,Frequent High-Value Customers,-1
11590,3,799.1833333333334,2397.55,0.25,4.0,0.0,0.0,0,Occasional Moderate-Value Customers,0
11591,7,732.4971428571428,5127.48,0.5833333333333334,4.2,2.0,1.0,0,Occasional Moderate-Value Customers,0
11592,13,890.9476923076923,11582.32,1.0833333333333333,3.6363636363636362,4.0,3.0,1,Frequent High-Value Customers,0
11593,11,670.7472727272727,7378.22,0.9166666666666666,4.3,4.0,2.0,1,Frequent High-Value Customers,0
11594,12,707.8083333333334,8493.7,1.0,3.8,5.0,4.0,1,Frequent High-Value Customers,0
11595,8,513.135,4105.08,0.6666666666666666,3.5,1.0,1.0,0,Occasional Moderate-Value Customers,0
11596,10,804.015,8040.15,0.8333333333333334,3.111111111111111,2.0,1.0,0,Occasional Moderate-Value Customers,0
11597,12,677.1925,8126.3099999999995,1.0,4.181818181818182,4.0,5.0,1,Frequent High-Value Customers,0
11598,10,480.48400000000004,4804.84,0.8333333333333334,3.625,2.0,5.0,0,Occasional Moderate-Value Customers,0
11599,10,642.507,6425.07,0.8333333333333334,3.875,2.0,2.0,0,Occasional Moderate-Value Customers,0
11600,5,717.762,3588.81,0.4166666666666667,4.25,2.0,2.0,0,Occasional Moderate-Value Customers,0
11601,14,838.2021428571428,11734.83,1.1666666666666667,4.111111111111111,5.0,2.0,1,Frequent High-Value Customers,0
11602,9,801.5344444444444,7213.8099999999995,0.75,3.0,4.0,1.0,0,Occasional Moderate-Value Customers,0
11603,9,739.5455555555556,6655.91,0.75,3.5555555555555554,2.0,1.0,0,Occasional Moderate-Value Customers,0
11604,13,775.3823076923077,10079.97,1.0833333333333333,4.666666666666667,6.0,4.0,1,Frequent High-Value Customers,-1
11605,5,765.742,3828.71,0.4166666666666667,4.666666666666667,0.0,3.0,0,Occasional Moderate-Value Customers,0
11606,7,429.22142857142853,3004.5499999999997,0.5833333333333334,2.8333333333333335,2.0,2.0,0,Occasional Moderate-Value Customers,0
11607,11,650.2818181818183,7153.1,0.9166666666666666,3.7777777777777777,6.0,5.0,1,Frequent High-Value Customers,0
11608,13,620.7707692307692,8070.02,1.0833333333333333,3.6153846153846154,7.0,4.0,1,Frequent High-Value Customers,0
11609,15,501.83866666666665,7527.58,1.25,4.0,7.0,4.0,1,Frequent High-Value Customers,0
11610,8,779.965,6239.72,0.6666666666666666,3.625,2.0,2.0,0,Occasional Moderate-Value Customers,0
11611,9,855.1366666666667,7696.23,0.75,4.0,1.0,2.0,0,Occasional Moderate-Value Customers,0
11612,12,711.6150000000001,8539.380000000001,1.0,4.0,3.0,3.0,1,Frequent High-Value Customers,0
11613,10,928.101,9281.01,0.8333333333333334,3.875,0.0,0.0,0,Occasional Moderate-Value Customers,0
11614,9,1037.581111111111,9338.23,0.75,3.75,6.0,4.0,1,Frequent High-Value Customers,0
11615,12,603.465,7241.58,1.0,4.3,4.0,3.0,1,Frequent High-Value Customers,0
11616,8,790.80625,6326.45,0.6666666666666666,3.75,1.0,2.0,0,Occasional Moderate-Value Customers,0
11617,10,769.155,7691.55,0.8333333333333334,3.6666666666666665,2.0,2.0,0,Occasional Moderate-Value Customers,0
11618,10,700.553,7005.53,0.8333333333333334,4.0,4.0,4.0,1,Frequent High-Value Customers,0
11619,14,767.9871428571429,10751.82,1.1666666666666667,3.909090909090909,5.0,4.0,1,Frequent High-Value Customers,0
11620,10,699.55,6995.5,0.8333333333333334,3.7,1.0,3.0,0,Occasional Moderate-Value Customers,0
11621,17,753.5270588235294,12809.96,1.4166666666666667,3.4705882352941178,2.0,7.0,1,Frequent High-Value Customers,-1
11622,10,780.282,7802.820000000001,0.8333333333333334,4.166666666666667,1.0,1.0,0,Occasional Moderate-Value Customers,0
11623,14,684.9242857142857,9588.94,1.1666666666666667,3.6666666666666665,2.0,5.0,1,Frequent High-Value Customers,0
11624,11,619.7872727272727,6817.66,0.9166666666666666,4.666666666666667,4.0,1.0,1,Frequent High-Value Customers,0
11625,12,737.5808333333333,8850.97,1.0,4.090909090909091,5.0,2.0,1,Frequent High-Value Customers,0
11626,11,616.5,6781.5,0.9166666666666666,4.0,2.0,4.0,1,Frequent High-Value Customers,0
11627,9,819.5633333333333,7376.07,0.75,4.25,4.0,2.0,0,Occasional Moderate-Value Customers,0
11628,10,660.844,6608.4400000000005,0.8333333333333334,3.375,3.0,2.0,0,Occasional Moderate-Value Customers,0
11629,1,1203.86,1203.86,0.08333333333333333,5.0,1.0,1.0,0,Occasional Moderate-Value Customers,-1
11630,7,537.5942857142857,3763.16,0.5833333333333334,4.0,3.0,2.0,0,Occasional Moderate-Value Customers,0
11631,9,625.9100000000001,5633.1900000000005,0.75,3.2857142857142856,4.0,5.0,0,Occasional Moderate-Value Customers,0
11632,10,660.361,6603.61,0.8333333333333334,4.142857142857143,5.0,2.0,1,Frequent High-Value Customers,0
11633,10,718.164,7181.64,0.8333333333333334,3.4,2.0,3.0,0,Occasional Moderate-Value Customers,0
11634,16,563.9775,9023.64,1.3333333333333333,3.857142857142857,8.0,3.0,1,Frequent High-Value Customers,0
11635,8,923.045,7384.36,0.6666666666666666,4.166666666666667,3.0,0.0,0,Occasional Moderate-Value Customers,0
11636,5,995.0200000000001,4975.1,0.4166666666666667,4.0,2.0,1.0,0,Occasional Moderate-Value Customers,0
11637,12,665.6833333333333,7988.2,1.0,4.0,4.0,3.0,1,Frequent High-Value Customers,0
11638,12,546.5600000000001,6558.72,1.0,4.0,3.0,4.0,1,Frequent High-Value Customers,0
11639,20,690.2745,13805.49,1.6666666666666667,3.4375,9.0,8.0,1,Frequent High-Value Customers,-1
11640,5,498.63199999999995,2493.16,0.4166666666666667,3.8,0.0,0.0,0,Occasional Moderate-Value Customers,0
11641,9,607.58,5468.22,0.75,3.7777777777777777,1.0,5.0,0,Occasional Moderate-Value Customers,0
11642,10,608.295,6082.95,0.8333333333333334,3.4444444444444446,3.0,5.0,1,Frequent High-Value Customers,0
11643,13,1121.8692307692309,14584.300000000001,1.0833333333333333,3.769230769230769,3.0,2.0,1,Frequent High-Value Customers,-1
11644,12,846.8233333333333,10161.88,1.0,4.5,4.0,5.0,1,Frequent High-Value Customers,0
11645,9,614.4833333333333,5530.35,0.75,3.375,1.0,5.0,0,Occasional Moderate-Value Customers,0
11646,14,608.7007142857143,8521.81,1.1666666666666667,3.727272727272727,3.0,2.0,1,Frequent High-Value Customers,0
11647,5,680.4559999999999,3402.2799999999997,0.4166666666666667,3.75,4.0,0.0,0,Occasional Moderate-Value Customers,0
11648,11,652.0854545454545,7172.94,0.9166666666666666,3.8,2.0,3.0,1,Frequent High-Value Customers,0
11649,2,655.635,1311.27,0.16666666666666666,3.5,1.0,0.0,0,Occasional Moderate-Value Customers,0
11650,11,653.9172727272727,7193.09,0.9166666666666666,3.2857142857142856,5.0,2.0,1,Frequent High-Value Customers,0
11651,13,742.47,9652.11,1.0833333333333333,3.6666666666666665,2.0,2.0,1,Frequent High-Value Customers,0
11652,8,593.2,4745.6,0.6666666666666666,3.6666666666666665,2.0,0.0,0,Occasional Moderate-Value Customers,0
11653,13,688.8223076923077,8954.69,1.0833333333333333,4.090909090909091,3.0,1.0,1,Frequent High-Value Customers,0
11654,6,740.335,4442.01,0.5,3.25,1.0,0.0,0,Occasional Moderate-Value Customers,0
11655,15,588.8706666666666,8833.06,1.25,3.642857142857143,6.0,5.0,1,Frequent High-Value Customers,0
11656,11,786.1763636363637,8647.94,0.9166666666666666,4.0,1.0,3.0,1,Frequent High-Value Customers,0
11657,7,869.8371428571428,6088.86,0.5833333333333334,3.4285714285714284,3.0,2.0,0,Occasional Moderate-Value Customers,0
11658,10,579.149,5791.49,0.8333333333333334,3.7777777777777777,2.0,3.0,0,Occasional Moderate-Value Customers,0
11659,8,533.0912500000001,4264.7300000000005,0.6666666666666666,3.8333333333333335,5.0,1.0,0,Occasional Moderate-Value Customers,0
11660,9,674.6,6071.400000000001,0.75,4.125,4.0,2.0,0,Occasional Moderate-Value Customers,0
11661,10,753.404,7534.04,0.8333333333333334,3.8,4.0,3.0,1,Frequent High-Value Customers,0
11662,16,783.806875,12540.91,1.3333333333333333,4.5,5.0,3.0,1,Frequent High-Value Customers,0
11663,9,703.5999999999999,6332.4,0.75,3.7777777777777777,1.0,4.0,0,Occasional Moderate-Value Customers,0
11664,10,656.5139999999999,6565.139999999999,0.8333333333333334,4.333333333333333,2.0,2.0,0,Occasional Moderate-Value Customers,0
11665,12,568.1325,6817.59,1.0,3.3636363636363638,6.0,3.0,1,Frequent High-Value Customers,0
11666,8,927.80875,7422.47,0.6666666666666666,2.8,5.0,5.0,1,Frequent High-Value Customers,-1
11667,11,650.4854545454546,7155.34,0.9166666666666666,4.090909090909091,5.0,1.0,1,Frequent High-Value Customers,0
11668,17,761.7529411764706,12949.8,1.4166666666666667,4.153846153846154,4.0,3.0,1,Frequent High-Value Customers,0
11669,14,609.1864285714286,8528.61,1.1666666666666667,3.909090909090909,8.0,4.0,1,Frequent High-Value Customers,0
11670,14,754.3842857142856,10561.38,1.1666666666666667,4.090909090909091,5.0,3.0,1,Frequent High-Value Customers,0
11671,8,739.93125,5919.45,0.6666666666666666,3.625,4.0,0.0,0,Occasional Moderate-Value Customers,0
11672,15,645.4393333333334,9681.59,1.25,4.142857142857143,3.0,3.0,1,Frequent High-Value Customers,0
11673,10,700.793,7007.93,0.8333333333333334,4.111111111111111,3.0,3.0,1,Frequent High-Value Customers,0
11674,10,780.36,7803.6,0.8333333333333334,4.1,6.0,2.0,1,Frequent High-Value Customers,0
11675,13,796.7399999999999,10357.619999999999,1.0833333333333333,3.769230769230769,4.0,4.0,1,Frequent High-Value Customers,0
11676,14,515.1128571428571,7211.58,1.1666666666666667,3.9166666666666665,4.0,2.0,1,Frequent High-Value Customers,0
11677,8,749.3512499999999,5994.8099999999995,0.6666666666666666,4.571428571428571,1.0,1.0,0,Occasional Moderate-Value Customers,0
11678,10,667.434,6674.34,0.8333333333333334,4.125,3.0,2.0,0,Occasional Moderate-Value Customers,0
11679,12,673.335,8080.02,1.0,3.909090909090909,2.0,3.0,1,Frequent High-Value Customers,0
11680,15,580.1093333333333,8701.64,1.25,4.3076923076923075,5.0,3.0,1,Frequent High-Value Customers,0
11681,11,597.6727272727272,6574.4,0.9166666666666666,4.0,2.0,3.0,0,Occasional Moderate-Value Customers,0
11682,7,679.2214285714286,4754.55,0.5833333333333334,4.2,1.0,1.0,0,Occasional Moderate-Value Customers,0
11683,12,795.6083333333332,9547.3,1.0,4.25,4.0,1.0,1,Frequent High-Value Customers,0
11684,11,565.2945454545454,6218.24,0.9166666666666666,3.75,2.0,2.0,0,Occasional Moderate-Value Customers,0
11685,11,469.7927272727273,5167.72,0.9166666666666666,3.6,4.0,4.0,1,Frequent High-Value Customers,0
11686,13,704.7761538461539,9162.09,1.0833333333333333,4.083333333333333,3.0,2.0,1,Frequent High-Value Customers,0
11687,10,757.5690000000001,7575.6900000000005,0.8333333333333334,3.375,5.0,1.0,1,Frequent High-Value Customers,0
11688,9,630.2844444444444,5672.5599999999995,0.75,3.7142857142857144,1.0,1.0,0,Occasional Moderate-Value Customers,0
11689,9,656.3577777777778,5907.22,0.75,3.888888888888889,3.0,3.0,0,Occasional Moderate-Value Customers,0
11690,10,740.952,7409.5199999999995,0.8333333333333334,3.2857142857142856,1.0,3.0,0,Occasional Moderate-Value Customers,0
11691,9,907.0500000000001,8163.450000000001,0.75,4.25,3.0,4.0,1,Frequent High-Value Customers,0
11692,12,776.4883333333333,9317.86,1.0,4.714285714285714,4.0,2.0,1,Frequent High-Value Customers,0
11693,9,659.1855555555555,5932.67,0.75,3.857142857142857,1.0,2.0,0,Occasional Moderate-Value Customers,0
11694,8,871.75,6974.0,0.6666666666666666,3.6666666666666665,3.0,2.0,0,Occasional Moderate-Value Customers,0
11695,7,626.75,4387.25,0.5833333333333334,3.857142857142857,1.0,3.0,0,Occasional Moderate-Value Customers,0
11696,9,566.7422222222223,5100.68,0.75,4.285714285714286,2.0,1.0,0,Occasional Moderate-Value Customers,0
11697,11,861.0754545454546,9471.83,0.9166666666666666,3.3,3.0,1.0,1,Frequent High-Value Customers,0
11698,6,611.635,3669.81,0.5,3.8333333333333335,0.0,4.0,0,Occasional Moderate-Value Customers,0
11699,9,654.2666666666667,5888.4,0.75,3.875,5.0,1.0,0,Occasional Moderate-Value Customers,0
11700,9,556.2888888888889,5006.6,0.75,4.142857142857143,4.0,0.0,0,Occasional Moderate-Value Customers,0
11701,6,617.28,3703.68,0.5,3.6666666666666665,1.0,2.0,0,Occasional Moderate-Value Customers,0
11702,9,628.7177777777778,5658.46,0.75,3.75,1.0,0.0,0,Occasional Moderate-Value Customers,0
11703,5,850.6020000000001,4253.01,0.4166666666666667,4.8,3.0,1.0,0,Occasional Moderate-Value Customers,0
11704,12,615.5208333333334,7386.25,1.0,4.416666666666667,1.0,6.0,1,Frequent High-Value Customers,0
11705,17,935.0629411764705,15896.07,1.4166666666666667,4.5625,4.0,4.0,1,Frequent High-Value Customers,-1
11706,11,917.7036363636363,10094.74,0.9166666666666666,3.4,6.0,4.0,1,Frequent High-Value Customers,0
11707,6,1016.665,6099.99,0.5,3.3333333333333335,0.0,2.0,0,Occasional Moderate-Value Customers,0
11708,9,604.9122222222222,5444.21,0.75,4.166666666666667,3.0,2.0,0,Occasional Moderate-Value Customers,0
11709,11,759.3445454545455,8352.79,0.9166666666666666,4.363636363636363,2.0,3.0,1,Frequent High-Value Customers,0
11710,8,816.3887500000001,6531.110000000001,0.6666666666666666,3.125,1.0,2.0,0,Occasional Moderate-Value Customers,0
11711,7,961.5771428571428,6731.04,0.5833333333333334,3.8333333333333335,3.0,2.0,0,Occasional Moderate-Value Customers,0
11712,9,712.1922222222222,6409.73,0.75,3.75,3.0,3.0,0,Occasional Moderate-Value Customers,0
11713,7,460.95285714285717,3226.67,0.5833333333333334,3.142857142857143,2.0,3.0,0,Occasional Moderate-Value Customers,0
11714,9,748.2177777777778,6733.96,0.75,3.25,4.0,3.0,0,Occasional Moderate-Value Customers,0
11715,6,535.6366666666667,3213.8199999999997,0.5,4.0,2.0,3.0,0,Occasional Moderate-Value Customers,0
11716,14,871.0042857142856,12194.06,1.1666666666666667,4.363636363636363,2.0,2.0,1,Frequent High-Value Customers,0
11717,8,641.7225,5133.78,0.6666666666666666,3.625,4.0,2.0,0,Occasional Moderate-Value Customers,0
11718,10,773.646,7736.46,0.8333333333333334,3.5,3.0,2.0,0,Occasional Moderate-Value Customers,0
11719,16,613.651875,9818.43,1.3333333333333333,4.1875,5.0,1.0,1,Frequent High-Value Customers,0
11720,14,539.0842857142858,7547.18,1.1666666666666667,3.9285714285714284,6.0,5.0,1,Frequent High-Value Customers,0
11721,10,637.2230000000001,6372.2300000000005,0.8333333333333334,3.6666666666666665,3.0,1.0,0,Occasional Moderate-Value Customers,0
11722,9,729.0955555555555,6561.86,0.75,4.285714285714286,3.0,3.0,0,Occasional Moderate-Value Customers,0
11723,11,552.1109090909091,6073.22,0.9166666666666666,3.4545454545454546,3.0,5.0,1,Frequent High-Value Customers,0
11724,7,443.70142857142855,3105.91,0.5833333333333334,4.0,3.0,2.0,0,Occasional Moderate-Value Customers,0
11725,16,530.90625,8494.5,1.3333333333333333,4.357142857142857,0.0,5.0,1,Frequent High-Value Customers,-1
11726,6,651.005,3906.0299999999997,0.5,3.6,2.0,1.0,0,Occasional Moderate-Value Customers,0
11727,14,655.8764285714286,9182.27,1.1666666666666667,4.3076923076923075,7.0,6.0,1,Frequent High-Value Customers,0
11728,15,455.6633333333333,6834.95,1.25,3.9285714285714284,3.0,4.0,1,Frequent High-Value Customers,0
11729,11,780.7590909090909,8588.35,0.9166666666666666,3.5,3.0,1.0,1,Frequent High-Value Customers,0
11730,11,727.83,8006.13,0.9166666666666666,3.9,2.0,3.0,1,Frequent High-Value Customers,0
11731,8,817.87375,6542.99,0.6666666666666666,3.8333333333333335,0.0,0.0,0,Occasional Moderate-Value Customers,0
11732,5,1062.3560000000002,5311.780000000001,0.4166666666666667,4.5,0.0,3.0,0,Occasional Moderate-Value Customers,-1
11733,14,696.5757142857143,9752.06,1.1666666666666667,4.166666666666667,3.0,2.0,1,Frequent High-Value Customers,0
11734,13,586.4038461538462,7623.25,1.0833333333333333,3.6363636363636362,3.0,3.0,1,Frequent High-Value Customers,0
11735,12,639.1274999999999,7669.53,1.0,4.083333333333333,1.0,3.0,1,Frequent High-Value Customers,0
11736,10,878.8790000000001,8788.79,0.8333333333333334,3.6666666666666665,1.0,7.0,1,Frequent High-Value Customers,-1
11737,7,499.1471428571429,3494.03,0.5833333333333334,4.166666666666667,0.0,0.0,0,Occasional Moderate-Value Customers,0
11738,7,663.8714285714286,4647.1,0.5833333333333334,4.166666666666667,0.0,1.0,0,Occasional Moderate-Value Customers,0
11739,9,689.7922222222222,6208.13,0.75,3.75,5.0,4.0,1,Frequent High-Value Customers,0
11740,8,501.91875,4015.35,0.6666666666666666,3.875,4.0,3.0,0,Occasional Moderate-Value Customers,0
11741,6,380.1483333333333,2280.89,0.5,4.25,1.0,0.0,0,Occasional Moderate-Value Customers,0
11742,14,637.3271428571428,8922.58,1.1666666666666667,3.923076923076923,3.0,3.0,1,Frequent High-Value Customers,0
11743,12,777.6625,9331.95,1.0,3.909090909090909,1.0,4.0,1,Frequent High-Value Customers,0
11744,14,723.4571428571428,10128.4,1.1666666666666667,3.5714285714285716,4.0,3.0,1,Frequent High-Value Customers,0
11745,12,535.0158333333333,6420.19,1.0,3.727272727272727,4.0,3.0,1,Frequent High-Value Customers,0
11746,8,579.82375,4638.59,0.6666666666666666,4.25,2.0,4.0,0,Occasional Moderate-Value Customers,0
11747,5,950.95,4754.75,0.4166666666666667,4.25,0.0,0.0,0,Occasional Moderate-Value Customers,0
11748,19,466.0663157894737,8855.26,1.5833333333333333,4.294117647058823,4.0,6.0,1,Frequent High-Value Customers,-1
11749,8,592.215,4737.72,0.6666666666666666,3.2857142857142856,3.0,1.0,0,Occasional Moderate-Value Customers,0
11750,7,394.05428571428575,2758.38,0.5833333333333334,3.7142857142857144,1.0,2.0,0,Occasional Moderate-Value Customers,0
11751,8,688.5325,5508.26,0.6666666666666666,4.125,1.0,2.0,0,Occasional Moderate-Value Customers,0
11752,23,736.9013043478261,16948.73,1.9166666666666667,3.7142857142857144,5.0,8.0,1,Frequent High-Value Customers,-1
11753,10,661.0989999999999,6610.99,0.8333333333333334,3.375,3.0,4.0,1,Frequent High-Value Customers,0
11754,12,589.085,7069.02,1.0,4.4,6.0,2.0,1,Frequent High-Value Customers,0
11755,10,656.884,6568.84,0.8333333333333334,4.555555555555555,2.0,2.0,0,Occasional Moderate-Value Customers,0
11756,6,451.3983333333333,2708.39,0.5,3.8,2.0,3.0,0,Occasional Moderate-Value Customers,0
11757,6,916.4316666666667,5498.59,0.5,3.5,1.0,3.0,0,Occasional Moderate-Value Customers,0
11758,11,578.32,6361.52,0.9166666666666666,3.7777777777777777,3.0,1.0,0,Occasional Moderate-Value Customers,0
11759,14,717.8307142857142,10049.63,1.1666666666666667,3.6363636363636362,5.0,1.0,1,Frequent High-Value Customers,0
11760,12,681.1808333333333,8174.17,1.0,4.333333333333333,2.0,3.0,1,Frequent High-Value Customers,0
11761,9,586.5433333333334,5278.89,0.75,4.0,1.0,6.0,0,Occasional Moderate-Value Customers,0
11762,12,533.4175,6401.01,1.0,3.6,3.0,3.0,1,Frequent High-Value Customers,0
11763,7,583.2685714285715,4082.88,0.5833333333333334,3.2857142857142856,3.0,1.0,0,Occasional Moderate-Value Customers,0
11764,6,764.1816666666667,4585.09,0.5,3.0,2.0,1.0,0,Occasional Moderate-Value Customers,0
11765,8,988.26,7906.08,0.6666666666666666,4.0,2.0,2.0,0,Occasional Moderate-Value Customers,0
11766,10,760.589,7605.89,0.8333333333333334,4.285714285714286,1.0,2.0,0,Occasional Moderate-Value Customers,0
11767,7,597.6814285714285,4183.7699999999995,0.5833333333333334,3.857142857142857,2.0,1.0,0,Occasional Moderate-Value Customers,0
11768,13,632.1930769230769,8218.51,1.0833333333333333,4.0,6.0,6.0,1,Frequent High-Value Customers,0
11769,10,654.094,6540.9400000000005,0.8333333333333334,3.75,3.0,4.0,1,Frequent High-Value Customers,0
11770,7,454.9585714285714,3184.71,0.5833333333333334,3.857142857142857,3.0,1.0,0,Occasional Moderate-Value Customers,0
11771,9,583.5777777777778,5252.2,0.75,3.875,2.0,3.0,0,Occasional Moderate-Value Customers,0
11772,6,787.9033333333333,4727.42,0.5,4.0,4.0,1.0,0,Occasional Moderate-Value Customers,0
11773,7,887.1728571428572,6210.21,0.5833333333333334,4.666666666666667,1.0,1.0,0,Occasional Moderate-Value Customers,0
11774,5,750.444,3752.22,0.4166666666666667,3.8,2.0,0.0,0,Occasional Moderate-Value Customers,0
11775,14,695.1978571428572,9732.77,1.1666666666666667,3.727272727272727,4.0,1.0,1,Frequent High-Value Customers,0
11776,12,569.2141666666666,6830.57,1.0,4.2,2.0,5.0,1,Frequent High-Value Customers,0
11777,10,627.644,6276.44,0.8333333333333334,3.8,4.0,2.0,0,Occasional Moderate-Value Customers,0
11778,6,1012.3933333333333,6074.36,0.5,4.333333333333333,2.0,2.0,0,Occasional Moderate-Value Customers,0
11779,10,643.668,6436.68,0.8333333333333334,4.0,0.0,3.0,0,Occasional Moderate-Value Customers,0
11780,15,734.7606666666667,11021.41,1.25,3.9,5.0,5.0,1,Frequent High-Value Customers,0
11781,13,1027.0146153846154,13351.19,1.0833333333333333,3.909090909090909,5.0,5.0,1,Frequent High-Value Customers,-1
11782,10,675.371,6753.71,0.8333333333333334,3.6666666666666665,4.0,3.0,1,Frequent High-Value Customers,0
11783,12,751.8408333333333,9022.09,1.0,4.0,4.0,4.0,1,Frequent High-Value Customers,0
11784,8,804.265,6434.12,0.6666666666666666,4.25,3.0,2.0,0,Occasional Moderate-Value Customers,0
11785,9,575.5733333333333,5180.16,0.75,4.375,3.0,3.0,0,Occasional Moderate-Value Customers,0
11786,5,854.976,4274.88,0.4166666666666667,2.8,1.0,0.0,0,Occasional Moderate-Value Customers,0
11787,9,765.1411111111112,6886.27,0.75,4.0,2.0,3.0,0,Occasional Moderate-Value Customers,0
11788,12,825.7266666666666,9908.72,1.0,3.6,3.0,3.0,1,Frequent High-Value Customers,0
11789,10,646.0799999999999,6460.799999999999,0.8333333333333334,4.0,2.0,2.0,0,Occasional Moderate-Value Customers,0
11790,12,780.4108333333334,9364.93,1.0,3.8181818181818183,5.0,2.0,1,Frequent High-Value Customers,0
11791,9,840.7222222222223,7566.500000000001,0.75,3.375,3.0,3.0,0,Occasional Moderate-Value Customers,0
11792,9,587.7466666666666,5289.719999999999,0.75,3.888888888888889,3.0,2.0,0,Occasional Moderate-Value Customers,0
11793,8,595.4425,4763.54,0.6666666666666666,3.7142857142857144,2.0,2.0,0,Occasional Moderate-Value Customers,0
11794,9,673.5455555555556,6061.91,0.75,4.125,4.0,4.0,0,Occasional Moderate-Value Customers,0
11795,8,612.3275,4898.62,0.6666666666666666,4.25,2.0,3.0,0,Occasional Moderate-Value Customers,0
11796,11,502.9809090909091,5532.79,0.9166666666666666,3.8181818181818183,3.0,2.0,0,Occasional Moderate-Value Customers,0
11797,8,593.86875,4750.95,0.6666666666666666,4.142857142857143,2.0,2.0,0,Occasional Moderate-Value Customers,0
11798,11,362.2672727272727,3984.94,0.9166666666666666,3.1,6.0,2.0,0,Occasional Moderate-Value Customers,-1
11799,8,553.77125,4430.17,0.6666666666666666,3.75,3.0,2.0,0,Occasional Moderate-Value Customers,0
11800,16,606.695625,9707.13,1.3333333333333333,3.6,5.0,6.0,1,Frequent High-Value Customers,0
11801,17,647.5541176470588,11008.42,1.4166666666666667,3.7857142857142856,6.0,3.0,1,Frequent High-Value Customers,0
11802,10,707.213,7072.13,0.8333333333333334,3.7,2.0,2.0,0,Occasional Moderate-Value Customers,0
11803,9,766.548888888889,6898.9400000000005,0.75,3.625,4.0,3.0,0,Occasional Moderate-Value Customers,0
11804,11,748.0672727272727,8228.74,0.9166666666666666,4.222222222222222,4.0,2.0,1,Frequent High-Value Customers,0
11805,11,825.7181818181817,9082.9,0.9166666666666666,4.555555555555555,4.0,5.0,1,Frequent High-Value Customers,0
11806,7,547.4785714285714,3832.35,0.5833333333333334,4.2,4.0,2.0,0,Occasional Moderate-Value Customers,0
11807,12,635.9841666666666,7631.8099999999995,1.0,3.4545454545454546,3.0,4.0,1,Frequent High-Value Customers,0
11808,5,598.238,2991.19,0.4166666666666667,3.0,2.0,0.0,0,Occasional Moderate-Value Customers,0
11809,15,908.8313333333333,13632.47,1.25,3.7142857142857144,4.0,2.0,1,Frequent High-Value Customers,0
11810,9,958.6022222222223,8627.42,0.75,4.125,2.0,1.0,0,Occasional Moderate-Value Customers,0
11811,8,585.6800000000001,4685.4400000000005,0.6666666666666666,3.875,3.0,4.0,0,Occasional Moderate-Value Customers,0
11812,8,756.35125,6050.81,0.6666666666666666,4.25,4.0,3.0,0,Occasional Moderate-Value Customers,0
11813,9,831.6388888888889,7484.75,0.75,4.0,2.0,3.0,0,Occasional Moderate-Value Customers,0
11814,11,478.0790909090909,5258.87,0.9166666666666666,3.6,5.0,3.0,1,Frequent High-Value Customers,0
11815,6,909.1149999999999,5454.69,0.5,3.25,1.0,1.0,0,Occasional Moderate-Value Customers,0
11816,7,612.0457142857142,4284.32,0.5833333333333334,4.0,2.0,1.0,0,Occasional Moderate-Value Customers,0
11817,18,708.2872222222222,12749.17,1.5,3.7333333333333334,3.0,8.0,1,Frequent High-Value Customers,-1
11818,17,785.1535294117648,13347.61,1.4166666666666667,3.933333333333333,7.0,5.0,1,Frequent High-Value Customers,0
11819,10,794.323,7943.23,0.8333333333333334,4.1,0.0,1.0,0,Occasional Moderate-Value Customers,0
11820,8,567.98125,4543.85,0.6666666666666666,3.6666666666666665,2.0,1.0,0,Occasional Moderate-Value Customers,0
11821,10,674.422,6744.22,0.8333333333333334,4.0,1.0,0.0,0,Occasional Moderate-Value Customers,0
11822,7,461.6857142857143,3231.8,0.5833333333333334,3.1666666666666665,0.0,0.0,0,Occasional Moderate-Value Customers,0
11823,10,555.442,5554.42,0.8333333333333334,3.4285714285714284,1.0,2.0,0,Occasional Moderate-Value Customers,0
11824,14,755.5521428571428,10577.73,1.1666666666666667,4.0,5.0,3.0,1,Frequent High-Value Customers,0
11825,10,719.121,7191.21,0.8333333333333334,4.0,2.0,2.0,0,Occasional Moderate-Value Customers,0
11826,14,823.3792857142856,11527.31,1.1666666666666667,3.8461538461538463,5.0,4.0,1,Frequent High-Value Customers,0
11827,9,986.9277777777778,8882.35,0.75,3.25,7.0,3.0,1,Frequent High-Value Customers,-1
11828,10,570.359,5703.59,0.8333333333333334,4.25,4.0,4.0,1,Frequent High-Value Customers,0
11829,10,671.806,6718.06,0.8333333333333334,4.0,1.0,5.0,0,Occasional Moderate-Value Customers,0
11830,11,533.2581818181818,5865.84,0.9166666666666666,4.222222222222222,4.0,3.0,1,Frequent High-Value Customers,0
11831,15,706.5133333333334,10597.7,1.25,3.923076923076923,5.0,3.0,1,Frequent High-Value Customers,0
11832,14,763.8678571428571,10694.15,1.1666666666666667,4.25,4.0,2.0,1,Frequent High-Value Customers,0
11833,8,826.575,6612.6,0.6666666666666666,3.857142857142857,3.0,2.0,0,Occasional Moderate-Value Customers,0
11834,8,793.26625,6346.13,0.6666666666666666,4.166666666666667,1.0,1.0,0,Occasional Moderate-Value Customers,0
11835,8,740.8375,5926.7,0.6666666666666666,4.142857142857143,4.0,2.0,0,Occasional Moderate-Value Customers,0
11836,13,716.4892307692309,9314.36,1.0833333333333333,3.3333333333333335,4.0,2.0,1,Frequent High-Value Customers,0
11837,11,900.1909090909091,9902.1,0.9166666666666666,3.7,6.0,2.0,1,Frequent High-Value Customers,0
11838,8,552.2049999999999,4417.639999999999,0.6666666666666666,4.625,2.0,2.0,0,Occasional Moderate-Value Customers,0
11839,12,763.8416666666667,9166.1,1.0,3.909090909090909,4.0,3.0,1,Frequent High-Value Customers,0
11840,11,777.639090909091,8554.03,0.9166666666666666,3.8181818181818183,3.0,4.0,1,Frequent High-Value Customers,0
11841,10,739.346,7393.46,0.8333333333333334,4.428571428571429,3.0,2.0,0,Occasional Moderate-Value Customers,0
11842,9,802.0677777777778,7218.610000000001,0.75,4.333333333333333,4.0,5.0,1,Frequent High-Value Customers,0
11843,14,771.4621428571428,10800.47,1.1666666666666667,3.2,3.0,6.0,1,Frequent High-Value Customers,0
11844,9,635.3611111111111,5718.25,0.75,3.888888888888889,3.0,2.0,0,Occasional Moderate-Value Customers,0
11845,6,800.3466666666667,4802.08,0.5,4.6,2.0,2.0,0,Occasional Moderate-Value Customers,0
11846,9,1010.8499999999999,9097.65,0.75,3.857142857142857,2.0,1.0,0,Occasional Moderate-Value Customers,0
11847,5,806.664,4033.32,0.4166666666666667,4.25,2.0,1.0,0,Occasional Moderate-Value Customers,0
11848,4,915.4775,3661.91,0.3333333333333333,4.5,1.0,3.0,0,Occasional Moderate-Value Customers,-1
11849,11,432.39090909090913,4756.3,0.9166666666666666,4.0,4.0,4.0,1,Frequent High-Value Customers,0
11850,7,527.0657142857143,3689.46,0.5833333333333334,4.166666666666667,2.0,1.0,0,Occasional Moderate-Value Customers,0
11851,5,749.438,3747.19,0.4166666666666667,3.5,2.0,0.0,0,Occasional Moderate-Value Customers,0
11852,11,698.7527272727273,7686.28,0.9166666666666666,4.444444444444445,3.0,3.0,1,Frequent High-Value Customers,0
11853,14,682.6614285714286,9557.26,1.1666666666666667,4.0,8.0,1.0,1,Frequent High-Value Customers,-1
11854,7,564.842857142857,3953.8999999999996,0.5833333333333334,4.5,2.0,3.0,0,Occasional Moderate-Value Customers,0
11855,8,520.74,4165.92,0.6666666666666666,4.285714285714286,2.0,2.0,0,Occasional Moderate-Value Customers,0
11856,10,490.17299999999994,4901.73,0.8333333333333334,4.666666666666667,5.0,2.0,0,Occasional Moderate-Value Customers,0
11857,8,714.0975,5712.78,0.6666666666666666,4.142857142857143,2.0,2.0,0,Occasional Moderate-Value Customers,0
11858,9,611.848888888889,5506.64,0.75,4.0,2.0,3.0,0,Occasional Moderate-Value Customers,0
11859,9,617.5044444444444,5557.54,0.75,3.2222222222222223,2.0,3.0,0,Occasional Moderate-Value Customers,0
11860,11,1149.841818181818,12648.26,0.9166666666666666,4.0,3.0,1.0,1,Frequent High-Value Customers,-1
11861,7,1070.6771428571428,7494.74,0.5833333333333334,3.2,2.0,0.0,0,Occasional Moderate-Value Customers,-1
11862,18,641.07,11539.26,1.5,3.875,10.0,4.0,1,Frequent High-Value Customers,-1
11863,9,682.3233333333333,6140.91,0.75,4.0,4.0,3.0,0,Occasional Moderate-Value Customers,0
11864,9,532.0055555555556,4788.05,0.75,4.222222222222222,1.0,5.0,0,Occasional Moderate-Value Customers,0
11865,7,817.4185714285715,5721.93,0.5833333333333334,4.166666666666667,3.0,2.0,0,Occasional Moderate-Value Customers,0
11866,6,953.5966666666667,5721.58,0.5,3.8333333333333335,5.0,2.0,0,Occasional Moderate-Value Customers,0
11867,12,719.34,8632.08,1.0,3.1,4.0,4.0,1,Frequent High-Value Customers,0
11868,10,967.213,9672.13,0.8333333333333334,3.4,0.0,2.0,0,Occasional Moderate-Value Customers,0
11869,11,638.2972727272728,7021.27,0.9166666666666666,3.5,7.0,2.0,1,Frequent High-Value Customers,0
11870,11,757.8427272727273,8336.27,0.9166666666666666,3.4,3.0,2.0,1,Frequent High-Value Customers,0
11871,12,723.3958333333334,8680.75,1.0,4.2,4.0,2.0,1,Frequent High-Value Customers,0
11872,14,657.9121428571428,9210.77,1.1666666666666667,4.153846153846154,2.0,6.0,1,Frequent High-Value Customers,0
11873,7,928.36,6498.52,0.5833333333333334,3.4,1.0,2.0,0,Occasional Moderate-Value Customers,0
11874,14,424.51071428571424,5943.15,1.1666666666666667,3.8181818181818183,5.0,6.0,1,Frequent High-Value Customers,-1
11875,5,519.4100000000001,2597.05,0.4166666666666667,3.5,3.0,0.0,0,Occasional Moderate-Value Customers,0
11876,13,694.6169230769231,9030.02,1.0833333333333333,3.9166666666666665,4.0,4.0,1,Frequent High-Value Customers,0
11877,5,617.778,3088.8900000000003,0.4166666666666667,3.6,2.0,1.0,0,Occasional Moderate-Value Customers,0
11878,10,616.536,6165.36,0.8333333333333334,3.9,2.0,3.0,0,Occasional Moderate-Value Customers,0
11879,11,742.8081818181818,8170.889999999999,0.9166666666666666,3.6363636363636362,4.0,5.0,1,Frequent High-Value Customers,0
11880,11,655.0272727272727,7205.3,0.9166666666666666,3.625,1.0,2.0,0,Occasional Moderate-Value Customers,0
11881,6,615.4599999999999,3692.7599999999998,0.5,4.0,1.0,2.0,0,Occasional Moderate-Value Customers,0
11882,10,699.458,6994.58,0.8333333333333334,4.2,0.0,3.0,0,Occasional Moderate-Value Customers,0
11883,13,599.0215384615384,7787.28,1.0833333333333333,4.0,5.0,2.0,1,Frequent High-Value Customers,0
11884,11,701.540909090909,7716.95,0.9166666666666666,4.125,1.0,4.0,1,Frequent High-Value Customers,0
11885,10,619.2549999999999,6192.549999999999,0.8333333333333334,4.0,2.0,3.0,0,Occasional Moderate-Value Customers,0
11886,8,685.4449999999999,5483.5599999999995,0.6666666666666666,3.5,2.0,1.0,0,Occasional Moderate-Value Customers,0
11887,6,471.27,2827.62,0.5,3.5,0.0,2.0,0,Occasional Moderate-Value Customers,0
11888,10,636.493,6364.93,0.8333333333333334,3.888888888888889,2.0,1.0,0,Occasional Moderate-Value Customers,0
11889,7,836.5971428571429,5856.18,0.5833333333333334,3.857142857142857,2.0,1.0,0,Occasional Moderate-Value Customers,0
11890,9,652.2277777777778,5870.05,0.75,4.142857142857143,1.0,2.0,0,Occasional Moderate-Value Customers,0
11891,11,450.9027272727273,4959.93,0.9166666666666666,4.222222222222222,4.0,0.0,0,Occasional Moderate-Value Customers,0
11892,7,690.0514285714286,4830.36,0.5833333333333334,4.0,4.0,1.0,0,Occasional Moderate-Value Customers,0
11893,13,598.7461538461538,7783.7,1.0833333333333333,3.8461538461538463,3.0,1.0,1,Frequent High-Value Customers,0
11894,11,697.8709090909091,7676.58,0.9166666666666666,4.3,3.0,4.0,1,Frequent High-Value Customers,0
11895,6,910.5316666666668,5463.1900000000005,0.5,3.5,2.0,1.0,0,Occasional Moderate-Value Customers,0
11896,9,666.9266666666667,6002.34,0.75,4.625,3.0,3.0,0,Occasional Moderate-Value Customers,0
11897,13,639.786923076923,8317.23,1.0833333333333333,3.6666666666666665,2.0,3.0,1,Frequent High-Value Customers,0
11898,13,525.0046153846154,6825.06,1.0833333333333333,4.583333333333333,4.0,4.0,1,Frequent High-Value Customers,0
11899,5,707.9159999999999,3539.58,0.4166666666666667,4.25,3.0,2.0,0,Occasional Moderate-Value Customers,0
11900,12,693.3066666666667,8319.68,1.0,4.363636363636363,4.0,2.0,1,Frequent High-Value Customers,0
11901,10,935.4860000000001,9354.86,0.8333333333333334,3.6666666666666665,1.0,5.0,1,Frequent High-Value Customers,0
11902,8,615.74875,4925.99,0.6666666666666666,4.75,2.0,2.0,0,Occasional Moderate-Value Customers,0
11903,10,720.1659999999999,7201.66,0.8333333333333334,3.6666666666666665,1.0,1.0,0,Occasional Moderate-Value Customers,0
11904,8,637.15875,5097.27,0.6666666666666666,4.125,1.0,5.0,0,Occasional Moderate-Value Customers,0
11905,9,725.0766666666666,6525.69,0.75,4.0,2.0,6.0,1,Frequent High-Value Customers,0
11906,9,582.7277777777778,5244.55,0.75,4.25,2.0,3.0,0,Occasional Moderate-Value Customers,0
11907,13,728.6846153846153,9472.9,1.0833333333333333,3.5,4.0,6.0,1,Frequent High-Value Customers,0
11908,5,461.33599999999996,2306.68,0.4166666666666667,4.5,1.0,3.0,0,Occasional Moderate-Value Customers,0
11909,9,497.0444444444444,4473.4,0.75,4.714285714285714,0.0,3.0,0,Occasional Moderate-Value Customers,-1
11910,7,692.3042857142857,4846.13,0.5833333333333334,3.5,2.0,3.0,0,Occasional Moderate-Value Customers,0
11911,17,769.5117647058823,13081.7,1.4166666666666667,3.875,8.0,4.0,1,Frequent High-Value Customers,0
11912,13,800.3953846153846,10405.14,1.0833333333333333,3.9166666666666665,6.0,3.0,1,Frequent High-Value Customers,0
11913,9,799.5966666666667,7196.37,0.75,4.125,3.0,3.0,0,Occasional Moderate-Value Customers,0
11914,11,618.3954545454545,6802.35,0.9166666666666666,4.111111111111111,4.0,4.0,1,Frequent High-Value Customers,0
11915,10,515.4069999999999,5154.07,0.8333333333333334,3.8,7.0,1.0,0,Occasional Moderate-Value Customers,0
11916,16,586.02,9376.32,1.3333333333333333,3.5,5.0,2.0,1,Frequent High-Value Customers,0
11917,7,842.4271428571428,5896.99,0.5833333333333334,4.142857142857143,1.0,2.0,0,Occasional Moderate-Value Customers,0
11918,6,466.38166666666666,2798.29,0.5,4.0,0.0,2.0,0,Occasional Moderate-Value Customers,0
11919,9,653.7855555555556,5884.07,0.75,3.111111111111111,2.0,3.0,0,Occasional Moderate-Value Customers,0
11920,6,679.4316666666667,4076.59,0.5,3.5,4.0,2.0,0,Occasional Moderate-Value Customers,0
11921,4,411.01,1644.04,0.3333333333333333,4.25,0.0,0.0,0,Occasional Moderate-Value Customers,0
11922,10,663.432,6634.32,0.8333333333333334,3.6666666666666665,3.0,1.0,0,Occasional Moderate-Value Customers,0
11923,10,709.1279999999999,7091.28,0.8333333333333334,3.7,1.0,2.0,0,Occasional Moderate-Value Customers,0
11924,10,741.4010000000001,7414.01,0.8333333333333334,3.75,6.0,4.0,1,Frequent High-Value Customers,0
11925,5,887.6719999999999,4438.36,0.4166666666666667,4.0,1.0,1.0,0,Occasional Moderate-Value Customers,0
11926,9,1187.3233333333333,10685.91,0.75,3.875,3.0,2.0,1,Frequent High-Value Customers,-1
11927,8,672.41125,5379.29,0.6666666666666666,3.875,2.0,1.0,0,Occasional Moderate-Value Customers,0
11928,10,683.975,6839.75,0.8333333333333334,3.6666666666666665,5.0,4.0,1,Frequent High-Value Customers,0
11929,11,699.749090909091,7697.240000000001,0.9166666666666666,3.727272727272727,6.0,2.0,1,Frequent High-Value Customers,0
11930,6,521.9233333333333,3131.54,0.5,4.5,3.0,2.0,0,Occasional Moderate-Value Customers,0
11931,8,729.24125,5833.93,0.6666666666666666,3.375,3.0,2.0,0,Occasional Moderate-Value Customers,0
11932,18,677.7338888888888,12199.21,1.5,4.0,7.0,5.0,1,Frequent High-Value Customers,0
11933,20,834.9975000000001,16699.95,1.6666666666666667,3.6666666666666665,5.0,8.0,1,Frequent High-Value Customers,-1
11934,12,811.7891666666666,9741.47,1.0,3.5454545454545454,4.0,3.0,1,Frequent High-Value Customers,0
11935,10,826.452,8264.52,0.8333333333333334,3.8,3.0,2.0,1,Frequent High-Value Customers,0
11936,13,508.4353846153846,6609.66,1.0833333333333333,4.0,1.0,3.0,1,Frequent High-Value Customers,0
11937,8,1078.80625,8630.45,0.6666666666666666,4.285714285714286,6.0,2.0,1,Frequent High-Value Customers,-1
11938,9,752.3577777777778,6771.22,0.75,4.25,1.0,2.0,0,Occasional Moderate-Value Customers,0
11939,6,380.77666666666664,2284.66,0.5,3.6666666666666665,2.0,1.0,0,Occasional Moderate-Value Customers,0
11940,13,845.5830769230769,10992.58,1.0833333333333333,3.8333333333333335,2.0,2.0,1,Frequent High-Value Customers,0
11941,12,808.8575,9706.289999999999,1.0,3.7142857142857144,3.0,5.0,1,Frequent High-Value Customers,0
11942,4,473.555,1894.22,0.3333333333333333,4.333333333333333,2.0,0.0,0,Occasional Moderate-Value Customers,0
11943,6,662.5266666666666,3975.16,0.5,3.6666666666666665,3.0,4.0,0,Occasional Moderate-Value Customers,0
11944,7,957.9571428571428,6705.7,0.5833333333333334,4.0,2.0,5.0,0,Occasional Moderate-Value Customers,0
11945,10,766.2560000000001,7662.56,0.8333333333333334,3.7777777777777777,2.0,3.0,0,Occasional Moderate-Value Customers,0
11946,9,560.0577777777778,5040.52,0.75,4.444444444444445,3.0,1.0,0,Occasional Moderate-Value Customers,0
11947,11,697.1954545454545,7669.15,0.9166666666666666,3.1818181818181817,2.0,2.0,1,Frequent High-Value Customers,0
11948,6,431.97333333333336,2591.84,0.5,4.166666666666667,0.0,0.0,0,Occasional Moderate-Value Customers,0
11949,9,795.77,7161.93,0.75,3.4285714285714284,2.0,2.0,0,Occasional Moderate-Value Customers,0
11950,7,824.7642857142857,5773.35,0.5833333333333334,4.0,1.0,2.0,0,Occasional Moderate-Value Customers,0
11951,8,592.0075,4736.06,0.6666666666666666,3.7142857142857144,1.0,2.0,0,Occasional Moderate-Value Customers,0
11952,13,583.4730769230769,7585.15,1.0833333333333333,4.3,3.0,3.0,1,Frequent High-Value Customers,0
11953,6,696.43,4178.58,0.5,4.25,1.0,1.0,0,Occasional Moderate-Value Customers,0
11954,12,837.7158333333333,10052.59,1.0,4.363636363636363,3.0,0.0,1,Frequent High-Value Customers,0
11955,7,416.8671428571428,2918.0699999999997,0.5833333333333334,4.285714285714286,2.0,1.0,0,Occasional Moderate-Value Customers,0
11956,6,704.9716666666667,4229.83,0.5,4.2,3.0,4.0,0,Occasional Moderate-Value Customers,0
11957,8,715.015,5720.12,0.6666666666666666,4.285714285714286,2.0,3.0,0,Occasional Moderate-Value Customers,0
11958,10,689.425,6894.25,0.8333333333333334,3.888888888888889,1.0,4.0,0,Occasional Moderate-Value Customers,0
11959,8,518.81125,4150.49,0.6666666666666666,3.2,3.0,2.0,0,Occasional Moderate-Value Customers,0
11960,7,669.84,4688.88,0.5833333333333334,4.571428571428571,4.0,1.0,0,Occasional Moderate-Value Customers,0
11961,9,874.7533333333333,7872.78,0.75,3.0,4.0,3.0,1,Frequent High-Value Customers,0
11962,13,919.536923076923,11953.98,1.0833333333333333,3.5454545454545454,6.0,4.0,1,Frequent High-Value Customers,-1
11963,8,666.3037499999999,5330.429999999999,0.6666666666666666,4.375,1.0,6.0,0,Occasional Moderate-Value Customers,0
11964,8,633.97,5071.76,0.6666666666666666,4.333333333333333,2.0,2.0,0,Occasional Moderate-Value Customers,0
11965,12,697.0358333333334,8364.43,1.0,3.5,2.0,4.0,1,Frequent High-Value Customers,0
11966,6,762.4499999999999,4574.7,0.5,2.8,0.0,1.0,0,Occasional Moderate-Value Customers,0
11967,8,581.62875,4653.03,0.6666666666666666,3.4285714285714284,3.0,1.0,0,Occasional Moderate-Value Customers,0
11968,9,627.6066666666667,5648.46,0.75,3.5555555555555554,4.0,2.0,0,Occasional Moderate-Value Customers,0
11969,10,693.356,6933.5599999999995,0.8333333333333334,3.8,4.0,1.0,0,Occasional Moderate-Value Customers,0
11970,7,552.9185714285715,3870.4300000000003,0.5833333333333334,4.8,4.0,2.0,0,Occasional Moderate-Value Customers,0
11971,7,857.7457142857144,6004.22,0.5833333333333334,4.8,2.0,0.0,0,Occasional Moderate-Value Customers,0
11972,10,651.719,6517.1900000000005,0.8333333333333334,4.25,2.0,2.0,0,Occasional Moderate-Value Customers,0
11973,13,622.0346153846153,8086.45,1.0833333333333333,3.5454545454545454,2.0,2.0,1,Frequent High-Value Customers,0
11974,11,707.5554545454546,7783.110000000001,0.9166666666666666,4.3,4.0,1.0,1,Frequent High-Value Customers,0
11975,18,740.8738888888888,13335.73,1.5,4.2,6.0,1.0,1,Frequent High-Value Customers,-1
11976,6,689.0799999999999,4134.48,0.5,4.0,1.0,0.0,0,Occasional Moderate-Value Customers,0
11977,10,837.393,8373.93,0.8333333333333334,4.2,1.0,6.0,1,Frequent High-Value Customers,0
11978,14,741.7457142857144,10384.44,1.1666666666666667,4.25,3.0,2.0,1,Frequent High-Value Customers,0
11979,9,786.7333333333333,7080.6,0.75,4.333333333333333,1.0,2.0,0,Occasional Moderate-Value Customers,0
11980,8,299.24375,2393.95,0.6666666666666666,2.8333333333333335,0.0,0.0,0,Occasional Moderate-Value Customers,-1
11981,14,888.4378571428572,12438.130000000001,1.1666666666666667,4.5,4.0,2.0,1,Frequent High-Value Customers,0
11982,6,579.87,3479.22,0.5,3.6666666666666665,2.0,1.0,0,Occasional Moderate-Value Customers,0
11983,7,734.8585714285715,5144.01,0.5833333333333334,3.5714285714285716,1.0,2.0,0,Occasional Moderate-Value Customers,0
11984,9,509.72999999999996,4587.57,0.75,4.285714285714286,3.0,0.0,0,Occasional Moderate-Value Customers,0
11985,7,495.5457142857143,3468.82,0.5833333333333334,4.0,2.0,3.0,0,Occasional Moderate-Value Customers,0
11986,10,718.6949999999999,7186.95,0.8333333333333334,4.0,2.0,5.0,1,Frequent High-Value Customers,0
11987,8,553.99375,4431.95,0.6666666666666666,3.875,1.0,0.0,0,Occasional Moderate-Value Customers,0
11988,7,905.5614285714286,6338.93,0.5833333333333334,4.0,2.0,2.0,0,Occasional Moderate-Value Customers,0
11989,8,823.94875,6591.59,0.6666666666666666,4.625,2.0,4.0,0,Occasional Moderate-Value Customers,0
11990,11,972.9754545454545,10702.73,0.9166666666666666,4.777777777777778,3.0,1.0,1,Frequent High-Value Customers,-1
11991,7,765.2628571428571,5356.84,0.5833333333333334,3.7142857142857144,0.0,1.0,0,Occasional Moderate-Value Customers,0
11992,8,563.855,4510.84,0.6666666666666666,4.0,2.0,2.0,0,Occasional Moderate-Value Customers,0
11993,6,451.06166666666667,2706.37,0.5,3.8,2.0,1.0,0,Occasional Moderate-Value Customers,0
11994,13,729.4030769230769,9482.24,1.0833333333333333,4.083333333333333,2.0,5.0,1,Frequent High-Value Customers,0
11995,9,786.09,7074.81,0.75,3.8333333333333335,2.0,5.0,0,Occasional Moderate-Value Customers,0
11996,7,772.9442857142857,5410.61,0.5833333333333334,4.5,2.0,4.0,0,Occasional Moderate-Value Customers,0
11997,12,752.8291666666668,9033.95,1.0,3.8,3.0,3.0,1,Frequent High-Value Customers,0
11998,9,824.5411111111111,7420.87,0.75,4.5,1.0,3.0,0,Occasional Moderate-Value Customers,0
11999,5,796.888,3984.44,0.4166666666666667,3.6666666666666665,1.0,1.0,0,Occasional Moderate-Value Customers,0
12000,11,838.65,9225.15,0.9166666666666666,3.8181818181818183,2.0,2.0,1,Frequent High-Value Customers,0
12001,8,777.89375,6223.15,0.6666666666666666,4.0,3.0,1.0,0,Occasional Moderate-Value Customers,0
12002,11,866.0345454545455,9526.380000000001,0.9166666666666666,3.9,2.0,1.0,1,Frequent High-Value Customers,0
12003,11,829.8372727272728,9128.210000000001,0.9166666666666666,4.1,1.0,3.0,1,Frequent High-Value Customers,0
12004,10,735.5440000000001,7355.4400000000005,0.8333333333333334,4.0,5.0,4.0,1,Frequent High-Value Customers,0
12005,11,845.4427272727272,9299.869999999999,0.9166666666666666,3.6363636363636362,3.0,3.0,1,Frequent High-Value Customers,0
12006,6,591.82,3550.92,0.5,3.8333333333333335,3.0,2.0,0,Occasional Moderate-Value Customers,0
12007,11,818.1245454545456,8999.37,0.9166666666666666,3.5,4.0,3.0,1,Frequent High-Value Customers,0
12008,7,681.85,4772.95,0.5833333333333334,4.142857142857143,1.0,3.0,0,Occasional Moderate-Value Customers,0
12009,10,751.419,7514.19,0.8333333333333334,3.2,1.0,1.0,0,Occasional Moderate-Value Customers,0
12010,10,826.5290000000001,8265.29,0.8333333333333334,3.5555555555555554,2.0,4.0,1,Frequent High-Value Customers,0
12011,12,656.2258333333333,7874.71,1.0,4.0,3.0,3.0,1,Frequent High-Value Customers,0
12012,7,732.26,5125.82,0.5833333333333334,4.285714285714286,2.0,3.0,0,Occasional Moderate-Value Customers,0
12013,11,490.0436363636363,5390.48,0.9166666666666666,3.5454545454545454,2.0,2.0,0,Occasional Moderate-Value Customers,0
12014,16,579.068125,9265.09,1.3333333333333333,4.076923076923077,4.0,4.0,1,Frequent High-Value Customers,0
12015,8,426.91499999999996,3415.3199999999997,0.6666666666666666,3.0,3.0,1.0,0,Occasional Moderate-Value Customers,0
12016,16,623.405625,9974.49,1.3333333333333333,3.933333333333333,6.0,4.0,1,Frequent High-Value Customers,0
12017,12,781.88,9382.56,1.0,3.727272727272727,6.0,4.0,1,Frequent High-Value Customers,0
12018,11,697.5254545454545,7672.78,0.9166666666666666,3.3333333333333335,3.0,4.0,1,Frequent High-Value Customers,0
12019,8,829.1737499999999,6633.389999999999,0.6666666666666666,3.857142857142857,3.0,0.0,0,Occasional Moderate-Value Customers,0
12020,12,746.1008333333333,8953.21,1.0,3.9,1.0,1.0,1,Frequent High-Value Customers,0
12021,12,843.9216666666666,10127.06,1.0,4.4,3.0,1.0,1,Frequent High-Value Customers,0
12022,17,685.3747058823528,11651.369999999999,1.4166666666666667,4.2,6.0,4.0,1,Frequent High-Value Customers,0
12023,8,744.7725,5958.18,0.6666666666666666,3.5714285714285716,6.0,2.0,0,Occasional Moderate-Value Customers,0
12024,9,787.9511111111111,7091.56,0.75,3.7777777777777777,0.0,2.0,0,Occasional Moderate-Value Customers,0
12025,12,540.8525,6490.23,1.0,3.6666666666666665,1.0,2.0,0,Occasional Moderate-Value Customers,0
12026,7,897.4528571428572,6282.17,0.5833333333333334,4.142857142857143,5.0,2.0,0,Occasional Moderate-Value Customers,0
12027,14,706.8249999999999,9895.55,1.1666666666666667,3.5,5.0,3.0,1,Frequent High-Value Customers,0
12028,9,734.4544444444444,6610.09,0.75,3.7777777777777777,2.0,0.0,0,Occasional Moderate-Value Customers,0
12029,7,653.3814285714286,4573.67,0.5833333333333334,2.6,2.0,3.0,0,Occasional Moderate-Value Customers,0
12030,8,830.64625,6645.17,0.6666666666666666,3.8,2.0,2.0,0,Occasional Moderate-Value Customers,0
12031,5,925.6719999999999,4628.36,0.4166666666666667,3.5,0.0,1.0,0,Occasional Moderate-Value Customers,0
12032,9,686.4455555555555,6178.009999999999,0.75,3.6666666666666665,1.0,4.0,0,Occasional Moderate-Value Customers,0
12033,9,992.8166666666667,8935.35,0.75,3.5555555555555554,3.0,3.0,1,Frequent High-Value Customers,0
12034,17,748.3676470588235,12722.25,1.4166666666666667,3.3846153846153846,4.0,5.0,1,Frequent High-Value Customers,-1
12035,5,631.488,3157.44,0.4166666666666667,4.8,1.0,2.0,0,Occasional Moderate-Value Customers,0
12036,13,877.5453846153846,11408.09,1.0833333333333333,3.9166666666666665,5.0,0.0,1,Frequent High-Value Customers,0
12037,11,835.6354545454545,9191.99,0.9166666666666666,3.5555555555555554,4.0,3.0,1,Frequent High-Value Customers,0
12038,9,850.7933333333333,7657.139999999999,0.75,4.5,1.0,3.0,0,Occasional Moderate-Value Customers,0
12039,11,857.5345454545454,9432.88,0.9166666666666666,3.5555555555555554,1.0,3.0,1,Frequent High-Value Customers,0
12040,9,785.411111111111,7068.7,0.75,3.625,5.0,1.0,0,Occasional Moderate-Value Customers,0
12041,5,559.462,2797.31,0.4166666666666667,4.0,2.0,2.0,0,Occasional Moderate-Value Customers,0
12042,17,902.4505882352942,15341.66,1.4166666666666667,4.666666666666667,5.0,3.0,1,Frequent High-Value Customers,-1
12043,6,1006.32,6037.92,0.5,4.5,4.0,1.0,0,Occasional Moderate-Value Customers,0
12044,6,504.09666666666664,3024.58,0.5,3.75,1.0,2.0,0,Occasional Moderate-Value Customers,0
12045,9,700.53,6304.7699999999995,0.75,4.0,5.0,3.0,0,Occasional Moderate-Value Customers,0
12046,8,576.995,4615.96,0.6666666666666666,3.375,3.0,2.0,0,Occasional Moderate-Value Customers,0
12047,6,549.4633333333334,3296.78,0.5,4.166666666666667,2.0,2.0,0,Occasional Moderate-Value Customers,0
12048,6,569.135,3414.81,0.5,4.5,1.0,0.0,0,Occasional Moderate-Value Customers,0
12049,7,638.29,4468.03,0.5833333333333334,3.75,2.0,1.0,0,Occasional Moderate-Value Customers,0
12050,7,768.9871428571429,5382.91,0.5833333333333334,4.166666666666667,3.0,1.0,0,Occasional Moderate-Value Customers,0
12051,14,471.67357142857145,6603.43,1.1666666666666667,3.3846153846153846,2.0,2.0,1,Frequent High-Value Customers,0
12052,13,863.1700000000001,11221.210000000001,1.0833333333333333,4.25,4.0,3.0,1,Frequent High-Value Customers,0
12053,9,646.8477777777778,5821.63,0.75,4.0,1.0,2.0,0,Occasional Moderate-Value Customers,0
12054,8,759.34,6074.72,0.6666666666666666,4.25,2.0,1.0,0,Occasional Moderate-Value Customers,0
12055,8,637.02625,5096.21,0.6666666666666666,3.625,3.0,1.0,0,Occasional Moderate-Value Customers,0
12056,15,620.6693333333334,9310.04,1.25,3.769230769230769,3.0,6.0,1,Frequent High-Value Customers,0
12057,17,707.9364705882354,12034.92,1.4166666666666667,3.9375,5.0,8.0,1,Frequent High-Value Customers,-1
12058,7,631.0442857142856,4417.3099999999995,0.5833333333333334,3.8333333333333335,0.0,3.0,0,Occasional Moderate-Value Customers,0
12059,8,637.5225,5100.18,0.6666666666666666,3.4,4.0,2.0,0,Occasional Moderate-Value Customers,0
12060,8,422.1825,3377.46,0.6666666666666666,3.625,2.0,0.0,0,Occasional Moderate-Value Customers,0
12061,5,894.28,4471.4,0.4166666666666667,3.2,2.0,4.0,0,Occasional Moderate-Value Customers,-1
12062,12,642.1566666666666,7705.88,1.0,4.1,2.0,6.0,1,Frequent High-Value Customers,0
12063,8,669.32875,5354.63,0.6666666666666666,3.3333333333333335,3.0,1.0,0,Occasional Moderate-Value Customers,0
12064,14,628.0307142857143,8792.43,1.1666666666666667,4.0,4.0,3.0,1,Frequent High-Value Customers,0
12065,4,543.5875,2174.35,0.3333333333333333,4.333333333333333,3.0,2.0,0,Occasional Moderate-Value Customers,0
12066,10,608.583,6085.83,0.8333333333333334,3.8,4.0,4.0,1,Frequent High-Value Customers,0
12067,13,592.6146153846154,7703.99,1.0833333333333333,3.4545454545454546,3.0,4.0,1,Frequent High-Value Customers,0
12068,10,784.138,7841.38,0.8333333333333334,3.75,2.0,5.0,1,Frequent High-Value Customers,0
12069,12,869.9225,10439.07,1.0,4.2727272727272725,2.0,4.0,1,Frequent High-Value Customers,0
12070,15,789.6686666666666,11845.029999999999,1.25,3.6153846153846154,6.0,3.0,1,Frequent High-Value Customers,0
12071,13,581.353076923077,7557.59,1.0833333333333333,3.7,3.0,3.0,1,Frequent High-Value Customers,0
12072,6,457.7616666666666,2746.5699999999997,0.5,3.3333333333333335,2.0,1.0,0,Occasional Moderate-Value Customers,0
12073,10,699.899,6998.99,0.8333333333333334,3.625,2.0,3.0,0,Occasional Moderate-Value Customers,0
12074,9,639.6188888888888,5756.57,0.75,4.0,5.0,3.0,0,Occasional Moderate-Value Customers,0
12075,6,539.1083333333333,3234.65,0.5,3.6666666666666665,0.0,2.0,0,Occasional Moderate-Value Customers,0
12076,18,526.3638888888888,9474.55,1.5,4.076923076923077,4.0,5.0,1,Frequent High-Value Customers,1
12077,6,716.9333333333334,4301.6,0.5,3.8333333333333335,0.0,0.0,0,Occasional Moderate-Value Customers,0
12078,11,752.0436363636363,8272.48,0.9166666666666666,4.181818181818182,2.0,3.0,1,Frequent High-Value Customers,0
12079,12,761.09,9133.08,1.0,4.333333333333333,0.0,2.0,1,Frequent High-Value Customers,0
12080,10,671.042,6710.42,0.8333333333333334,4.375,4.0,0.0,0,Occasional Moderate-Value Customers,0
12081,8,437.55625000000003,3500.4500000000003,0.6666666666666666,3.75,0.0,1.0,0,Occasional Moderate-Value Customers,0
12082,11,817.8518181818181,8996.369999999999,0.9166666666666666,3.5,3.0,1.0,1,Frequent High-Value Customers,0
12083,11,765.9263636363637,8425.19,0.9166666666666666,3.2222222222222223,4.0,5.0,1,Frequent High-Value Customers,0
12084,11,540.5063636363636,5945.57,0.9166666666666666,4.111111111111111,2.0,3.0,0,Occasional Moderate-Value Customers,0
12085,10,689.813,6898.13,0.8333333333333334,4.0,2.0,5.0,1,Frequent High-Value Customers,0
12086,7,691.8528571428571,4842.97,0.5833333333333334,4.0,3.0,1.0,0,Occasional Moderate-Value Customers,0
12087,12,550.2216666666667,6602.66,1.0,4.454545454545454,2.0,5.0,1,Frequent High-Value Customers,0
12088,10,660.0530000000001,6600.530000000001,0.8333333333333334,3.875,3.0,2.0,0,Occasional Moderate-Value Customers,0
12089,18,604.661111111111,10883.9,1.5,4.1875,4.0,9.0,1,Frequent High-Value Customers,-1
12090,14,553.3100000000001,7746.34,1.1666666666666667,4.142857142857143,6.0,2.0,1,Frequent High-Value Customers,0
12091,10,807.004,8070.04,0.8333333333333334,4.0,5.0,3.0,1,Frequent High-Value Customers,0
12092,10,568.337,5683.37,0.8333333333333334,3.875,2.0,5.0,0,Occasional Moderate-Value Customers,0
12093,14,740.5992857142857,10368.39,1.1666666666666667,4.071428571428571,3.0,7.0,1,Frequent High-Value Customers,0
12094,12,604.1641666666667,7249.97,1.0,4.0,3.0,4.0,1,Frequent High-Value Customers,0
12095,11,635.040909090909,6985.45,0.9166666666666666,3.875,4.0,2.0,1,Frequent High-Value Customers,0
12096,5,486.34799999999996,2431.74,0.4166666666666667,3.6666666666666665,1.0,1.0,0,Occasional Moderate-Value Customers,0
12097,10,611.626,6116.26,0.8333333333333334,3.4,4.0,4.0,1,Frequent High-Value Customers,0
12098,9,603.7966666666666,5434.17,0.75,4.375,2.0,5.0,0,Occasional Moderate-Value Customers,0
12099,12,647.3183333333333,7767.82,1.0,3.4,5.0,3.0,1,Frequent High-Value Customers,0
12100,10,549.78,5497.8,0.8333333333333334,3.875,2.0,2.0,0,Occasional Moderate-Value Customers,0
12101,4,596.8199999999999,2387.2799999999997,0.3333333333333333,4.5,1.0,1.0,0,Occasional Moderate-Value Customers,0
12102,7,601.0942857142857,4207.66,0.5833333333333334,3.8333333333333335,4.0,1.0,0,Occasional Moderate-Value Customers,0
12103,10,693.569,6935.69,0.8333333333333334,3.6666666666666665,2.0,4.0,0,Occasional Moderate-Value Customers,0
12104,14,854.4985714285714,11962.98,1.1666666666666667,4.083333333333333,5.0,5.0,1,Frequent High-Value Customers,0
12105,8,605.70375,4845.63,0.6666666666666666,3.375,1.0,0.0,0,Occasional Moderate-Value Customers,0
12106,18,638.7561111111112,11497.61,1.5,4.111111111111111,4.0,5.0,1,Frequent High-Value Customers,0
12107,5,409.46,2047.3,0.4166666666666667,4.0,2.0,2.0,0,Occasional Moderate-Value Customers,0
12108,19,875.8321052631579,16640.81,1.5833333333333333,3.823529411764706,7.0,3.0,1,Frequent High-Value Customers,-1
12109,10,918.3100000000001,9183.1,0.8333333333333334,4.0,4.0,3.0,1,Frequent High-Value Customers,0
12110,7,731.03,5117.21,0.5833333333333334,4.0,1.0,2.0,0,Occasional Moderate-Value Customers,0
12111,8,530.155,4241.24,0.6666666666666666,3.857142857142857,1.0,0.0,0,Occasional Moderate-Value Customers,0
12112,11,710.2336363636364,7812.57,0.9166666666666666,2.8,3.0,2.0,1,Frequent High-Value Customers,0
12113,10,653.706,6537.06,0.8333333333333334,4.111111111111111,3.0,2.0,0,Occasional Moderate-Value Customers,0
12114,10,649.08,6490.8,0.8333333333333334,4.333333333333333,1.0,4.0,0,Occasional Moderate-Value Customers,0
12115,5,620.338,3101.69,0.4166666666666667,4.0,0.0,1.0,0,Occasional Moderate-Value Customers,0
12116,7,748.0514285714287,5236.360000000001,0.5833333333333334,2.8333333333333335,2.0,1.0,0,Occasional Moderate-Value Customers,0
12117,10,672.3900000000001,6723.900000000001,0.8333333333333334,4.375,2.0,3.0,0,Occasional Moderate-Value Customers,0
12118,12,615.505,7386.06,1.0,4.166666666666667,1.0,2.0,1,Frequent High-Value Customers,0
12119,10,517.1809999999999,5171.8099999999995,0.8333333333333334,4.444444444444445,2.0,3.0,0,Occasional Moderate-Value Customers,0
12120,15,685.2466666666667,10278.7,1.25,3.923076923076923,2.0,4.0,1,Frequent High-Value Customers,0
12121,9,567.0344444444445,5103.31,0.75,3.7142857142857144,1.0,2.0,0,Occasional Moderate-Value Customers,0
12122,12,692.8149999999999,8313.779999999999,1.0,4.090909090909091,3.0,2.0,1,Frequent High-Value Customers,0
12123,9,749.3411111111111,6744.07,0.75,3.8,2.0,2.0,0,Occasional Moderate-Value Customers,0
12124,8,944.51,7556.08,0.6666666666666666,3.857142857142857,2.0,1.0,0,Occasional Moderate-Value Customers,0
12125,12,678.6033333333334,8143.240000000001,1.0,3.8181818181818183,5.0,3.0,1,Frequent High-Value Customers,0
12126,10,642.417,6424.17,0.8333333333333334,4.111111111111111,4.0,3.0,1,Frequent High-Value Customers,0
12127,11,943.3209090909091,10376.53,0.9166666666666666,4.4,0.0,3.0,1,Frequent High-Value Customers,-1
12128,13,679.4738461538461,8833.16,1.0833333333333333,3.8333333333333335,4.0,3.0,1,Frequent High-Value Customers,0
12129,6,527.8766666666667,3167.26,0.5,3.8,2.0,3.0,0,Occasional Moderate-Value Customers,0
12130,8,845.4200000000001,6763.360000000001,0.6666666666666666,3.8333333333333335,2.0,2.0,0,Occasional Moderate-Value Customers,0
12131,9,505.05777777777774,4545.5199999999995,0.75,3.6666666666666665,2.0,0.0,0,Occasional Moderate-Value Customers,0
12132,9,633.0366666666666,5697.33,0.75,3.5555555555555554,2.0,3.0,0,Occasional Moderate-Value Customers,0
12133,5,716.024,3580.12,0.4166666666666667,3.2,3.0,1.0,0,Occasional Moderate-Value Customers,0
12134,13,665.1823076923077,8647.37,1.0833333333333333,4.090909090909091,3.0,6.0,1,Frequent High-Value Customers,0
12135,11,453.95363636363635,4993.49,0.9166666666666666,3.5,4.0,6.0,1,Frequent High-Value Customers,0
12136,12,921.3691666666667,11056.43,1.0,3.5555555555555554,4.0,4.0,1,Frequent High-Value Customers,0
12137,12,561.85,6742.2,1.0,3.4545454545454546,4.0,4.0,1,Frequent High-Value Customers,0
12138,12,534.4283333333334,6413.14,1.0,4.333333333333333,7.0,7.0,1,Frequent High-Value Customers,-1
12139,5,662.606,3313.0299999999997,0.4166666666666667,3.0,2.0,2.0,0,Occasional Moderate-Value Customers,0
12140,6,456.4166666666667,2738.5,0.5,4.8,1.0,1.0,0,Occasional Moderate-Value Customers,0
12141,7,968.0371428571428,6776.26,0.5833333333333334,3.857142857142857,2.0,0.0,0,Occasional Moderate-Value Customers,0
12142,10,859.0790000000001,8590.79,0.8333333333333334,4.125,3.0,2.0,1,Frequent High-Value Customers,0
12143,5,556.5960000000001,2782.9800000000005,0.4166666666666667,2.4,2.0,1.0,0,Occasional Moderate-Value Customers,-1
12144,9,791.5999999999999,7124.4,0.75,3.5,3.0,1.0,0,Occasional Moderate-Value Customers,0
12145,10,759.726,7597.26,0.8333333333333334,4.0,4.0,2.0,1,Frequent High-Value Customers,0
12146,11,737.7427272727273,8115.17,0.9166666666666666,4.3,2.0,6.0,1,Frequent High-Value Customers,0
12147,8,667.7875,5342.3,0.6666666666666666,4.0,3.0,4.0,0,Occasional Moderate-Value Customers,0
12148,9,527.9522222222222,4751.57,0.75,3.888888888888889,2.0,3.0,0,Occasional Moderate-Value Customers,0
12149,5,385.532,1927.6599999999999,0.4166666666666667,3.6,1.0,2.0,0,Occasional Moderate-Value Customers,0
12150,9,926.3933333333334,8337.54,0.75,4.5,1.0,2.0,0,Occasional Moderate-Value Customers,0
12151,9,405.1822222222222,3646.64,0.75,4.125,3.0,3.0,0,Occasional Moderate-Value Customers,0
12152,11,579.6745454545454,6376.42,0.9166666666666666,3.0,4.0,3.0,1,Frequent High-Value Customers,0
12153,8,436.81375,3494.51,0.6666666666666666,4.0,0.0,2.0,0,Occasional Moderate-Value Customers,0
12154,9,720.281111111111,6482.53,0.75,4.285714285714286,2.0,3.0,0,Occasional Moderate-Value Customers,0
12155,9,704.6577777777778,6341.92,0.75,3.888888888888889,5.0,0.0,0,Occasional Moderate-Value Customers,0
12156,11,461.3054545454545,5074.36,0.9166666666666666,4.2727272727272725,3.0,1.0,0,Occasional Moderate-Value Customers,0
12157,15,663.1906666666667,9947.86,1.25,4.133333333333334,4.0,3.0,1,Frequent High-Value Customers,0
12158,9,672.4722222222222,6052.25,0.75,3.5555555555555554,4.0,3.0,0,Occasional Moderate-Value Customers,0
12159,11,722.570909090909,7948.28,0.9166666666666666,3.8,3.0,3.0,1,Frequent High-Value Customers,0
12160,3,488.46666666666664,1465.3999999999999,0.25,1.0,2.0,1.0,0,Occasional Moderate-Value Customers,-1
12161,12,588.4016666666666,7060.82,1.0,3.4166666666666665,3.0,0.0,0,Occasional Moderate-Value Customers,0
12162,11,609.0454545454545,6699.5,0.9166666666666666,4.333333333333333,3.0,2.0,1,Frequent High-Value Customers,0
12163,12,748.2016666666667,8978.42,1.0,3.9166666666666665,4.0,4.0,1,Frequent High-Value Customers,0
12164,14,716.8557142857143,10035.98,1.1666666666666667,3.8181818181818183,3.0,2.0,1,Frequent High-Value Customers,0
12165,12,733.9941666666667,8807.93,1.0,3.75,3.0,2.0,1,Frequent High-Value Customers,0
12166,6,1046.9566666666667,6281.74,0.5,4.4,1.0,1.0,0,Occasional Moderate-Value Customers,0
12167,12,619.9125,7438.95,1.0,4.3,3.0,6.0,1,Frequent High-Value Customers,0
12168,10,715.204,7152.04,0.8333333333333334,4.0,4.0,3.0,1,Frequent High-Value Customers,0
12169,12,710.8708333333334,8530.45,1.0,4.1,2.0,6.0,1,Frequent High-Value Customers,0
12170,10,717.345,7173.450000000001,0.8333333333333334,4.166666666666667,3.0,3.0,1,Frequent High-Value Customers,0
12171,18,739.8138888888889,13316.65,1.5,3.888888888888889,8.0,7.0,1,Frequent High-Value Customers,-1
12172,14,768.9028571428571,10764.64,1.1666666666666667,3.3846153846153846,3.0,4.0,1,Frequent High-Value Customers,0
12173,8,868.9225,6951.38,0.6666666666666666,4.125,4.0,0.0,0,Occasional Moderate-Value Customers,0
12174,8,787.9525,6303.62,0.6666666666666666,4.0,5.0,3.0,0,Occasional Moderate-Value Customers,0
12175,12,600.8466666666667,7210.16,1.0,3.5454545454545454,3.0,3.0,1,Frequent High-Value Customers,0
12176,16,677.488125,10839.81,1.3333333333333333,3.8,3.0,5.0,1,Frequent High-Value Customers,0
12177,12,1055.0083333333334,12660.1,1.0,3.75,5.0,4.0,1,Frequent High-Value Customers,-1
12178,10,885.9069999999999,8859.07,0.8333333333333334,2.8,6.0,3.0,1,Frequent High-Value Customers,-1
12179,8,790.07125,6320.57,0.6666666666666666,3.5,1.0,1.0,0,Occasional Moderate-Value Customers,0
12180,7,791.5985714285715,5541.1900000000005,0.5833333333333334,4.0,0.0,1.0,0,Occasional Moderate-Value Customers,0
12181,12,693.6558333333334,8323.87,1.0,3.875,4.0,2.0,1,Frequent High-Value Customers,0
12182,8,427.64625,3421.17,0.6666666666666666,3.5714285714285716,1.0,3.0,0,Occasional Moderate-Value Customers,0
12183,16,634.82875,10157.26,1.3333333333333333,4.142857142857143,6.0,4.0,1,Frequent High-Value Customers,0
12184,4,733.0125,2932.05,0.3333333333333333,5.0,1.0,0.0,0,Occasional Moderate-Value Customers,0
12185,7,555.76,3890.3199999999997,0.5833333333333334,4.333333333333333,3.0,0.0,0,Occasional Moderate-Value Customers,0
12186,11,629.8718181818182,6928.59,0.9166666666666666,3.7142857142857144,2.0,3.0,1,Frequent High-Value Customers,0
12187,10,503.47200000000004,5034.72,0.8333333333333334,3.4444444444444446,2.0,6.0,0,Occasional Moderate-Value Customers,0
12188,12,906.6150000000001,10879.380000000001,1.0,4.25,4.0,0.0,1,Frequent High-Value Customers,0
12189,10,724.152,7241.52,0.8333333333333334,3.2857142857142856,5.0,3.0,1,Frequent High-Value Customers,0
12190,15,649.3766666666667,9740.65,1.25,3.8461538461538463,5.0,2.0,1,Frequent High-Value Customers,0
12191,13,903.3184615384615,11743.14,1.0833333333333333,4.333333333333333,3.0,5.0,1,Frequent High-Value Customers,0
12192,10,569.11,5691.1,0.8333333333333334,3.375,1.0,1.0,0,Occasional Moderate-Value Customers,0
12193,8,445.25374999999997,3562.0299999999997,0.6666666666666666,4.0,3.0,1.0,0,Occasional Moderate-Value Customers,0
12194,7,889.6985714285713,6227.889999999999,0.5833333333333334,3.4285714285714284,1.0,4.0,0,Occasional Moderate-Value Customers,0
12195,9,447.6933333333334,4029.2400000000002,0.75,4.0,3.0,3.0,0,Occasional Moderate-Value Customers,0
12196,10,586.309,5863.09,0.8333333333333334,4.1,3.0,3.0,0,Occasional Moderate-Value Customers,0
12197,11,594.2672727272728,6536.9400000000005,0.9166666666666666,3.7,4.0,1.0,0,Occasional Moderate-Value Customers,0
12198,5,832.344,4161.72,0.4166666666666667,3.8,2.0,0.0,0,Occasional Moderate-Value Customers,0
12199,13,695.2676923076923,9038.48,1.0833333333333333,4.0,4.0,4.0,1,Frequent High-Value Customers,0
12200,7,733.8357142857142,5136.849999999999,0.5833333333333334,4.0,2.0,1.0,0,Occasional Moderate-Value Customers,0
12201,8,600.35625,4802.85,0.6666666666666666,3.5,2.0,1.0,0,Occasional Moderate-Value Customers,0
12202,15,498.742,7481.13,1.25,3.2857142857142856,2.0,4.0,1,Frequent High-Value Customers,0
12203,7,857.7085714285714,6003.96,0.5833333333333334,3.6666666666666665,2.0,2.0,0,Occasional Moderate-Value Customers,0
12204,9,516.4277777777778,4647.85,0.75,2.875,3.0,0.0,0,Occasional Moderate-Value Customers,0
12205,14,649.8235714285713,9097.529999999999,1.1666666666666667,3.6,5.0,3.0,1,Frequent High-Value Customers,0
12206,14,839.3514285714285,11750.92,1.1666666666666667,3.75,4.0,3.0,1,Frequent High-Value Customers,0
12207,11,861.6918181818182,9478.61,0.9166666666666666,4.333333333333333,1.0,1.0,1,Frequent High-Value Customers,0
12208,5,609.85,3049.25,0.4166666666666667,3.8,1.0,2.0,0,Occasional Moderate-Value Customers,0
12209,10,591.158,5911.58,0.8333333333333334,3.6,4.0,4.0,1,Frequent High-Value Customers,0
12210,12,911.4616666666667,10937.54,1.0,3.6,4.0,1.0,1,Frequent High-Value Customers,0
12211,17,824.8176470588235,14021.9,1.4166666666666667,4.142857142857143,4.0,4.0,1,Frequent High-Value Customers,0
12212,13,647.1223076923077,8412.59,1.0833333333333333,3.4545454545454546,2.0,5.0,1,Frequent High-Value Customers,0
12213,9,768.1533333333333,6913.38,0.75,4.0,2.0,1.0,0,Occasional Moderate-Value Customers,0
12214,8,664.0225,5312.18,0.6666666666666666,4.125,0.0,0.0,0,Occasional Moderate-Value Customers,0
12215,12,553.7083333333334,6644.5,1.0,3.5833333333333335,5.0,2.0,1,Frequent High-Value Customers,0
12216,11,606.7427272727273,6674.17,0.9166666666666666,3.8181818181818183,7.0,1.0,1,Frequent High-Value Customers,0
12217,16,655.7875,10492.6,1.3333333333333333,4.615384615384615,5.0,6.0,1,Frequent High-Value Customers,0
12218,12,576.8908333333334,6922.6900000000005,1.0,3.5555555555555554,5.0,5.0,1,Frequent High-Value Customers,0
12219,9,870.3233333333333,7832.91,0.75,3.8333333333333335,3.0,2.0,0,Occasional Moderate-Value Customers,0
12220,7,523.0414285714286,3661.29,0.5833333333333334,3.8333333333333335,3.0,1.0,0,Occasional Moderate-Value Customers,0
12221,9,722.8555555555555,6505.7,0.75,3.7142857142857144,3.0,3.0,0,Occasional Moderate-Value Customers,0
12222,10,561.0440000000001,5610.4400000000005,0.8333333333333334,4.0,0.0,2.0,0,Occasional Moderate-Value Customers,0
12223,8,796.01875,6368.15,0.6666666666666666,4.0,3.0,0.0,0,Occasional Moderate-Value Customers,0
12224,4,1015.58,4062.32,0.3333333333333333,3.0,0.0,0.0,0,Occasional Moderate-Value Customers,-1
12225,10,706.399,7063.99,0.8333333333333334,3.625,2.0,4.0,1,Frequent High-Value Customers,0
12226,12,657.0083333333333,7884.1,1.0,3.7,5.0,4.0,1,Frequent High-Value Customers,0
12227,7,777.6114285714285,5443.28,0.5833333333333334,3.5,3.0,4.0,0,Occasional Moderate-Value Customers,0
12228,12,515.4408333333333,6185.29,1.0,3.9166666666666665,2.0,0.0,0,Occasional Moderate-Value Customers,0
12229,14,645.8578571428571,9042.01,1.1666666666666667,3.5,5.0,0.0,1,Frequent High-Value Customers,0
12230,8,792.62625,6341.01,0.6666666666666666,3.6666666666666665,2.0,5.0,0,Occasional Moderate-Value Customers,0
12231,10,766.2700000000001,7662.700000000001,0.8333333333333334,3.2,4.0,2.0,1,Frequent High-Value Customers,0
12232,8,498.95500000000004,3991.6400000000003,0.6666666666666666,3.5,1.0,1.0,0,Occasional Moderate-Value Customers,0
12233,8,765.3712499999999,6122.969999999999,0.6666666666666666,3.375,3.0,3.0,0,Occasional Moderate-Value Customers,0
12234,11,695.0418181818181,7645.46,0.9166666666666666,3.6,8.0,4.0,1,Frequent High-Value Customers,-1
12235,14,490.68142857142857,6869.54,1.1666666666666667,3.4285714285714284,8.0,0.0,1,Frequent High-Value Customers,-1
12236,7,592.0257142857143,4144.18,0.5833333333333334,3.6666666666666665,3.0,3.0,0,Occasional Moderate-Value Customers,0
12237,10,596.3430000000001,5963.43,0.8333333333333334,3.375,4.0,1.0,0,Occasional Moderate-Value Customers,0
12238,11,477.2327272727273,5249.56,0.9166666666666666,3.5,2.0,3.0,0,Occasional Moderate-Value Customers,0
12239,11,782.8763636363636,8611.64,0.9166666666666666,4.0,1.0,2.0,1,Frequent High-Value Customers,0
12240,15,486.68333333333334,7300.25,1.25,3.7333333333333334,9.0,3.0,1,Frequent High-Value Customers,-1
12241,3,529.1833333333333,1587.55,0.25,4.5,0.0,1.0,0,Occasional Moderate-Value Customers,0
12242,14,672.2292857142858,9411.210000000001,1.1666666666666667,3.6666666666666665,3.0,3.0,1,Frequent High-Value Customers,0
12243,5,626.062,3130.31,0.4166666666666667,4.8,0.0,2.0,0,Occasional Moderate-Value Customers,0
12244,8,1079.375,8635.0,0.6666666666666666,3.375,1.0,4.0,0,Occasional Moderate-Value Customers,-1
12245,10,867.211,8672.11,0.8333333333333334,4.111111111111111,3.0,1.0,1,Frequent High-Value Customers,0
12246,11,806.8909090909091,8875.8,0.9166666666666666,4.2,5.0,4.0,1,Frequent High-Value Customers,0
12247,5,465.346,2326.73,0.4166666666666667,3.4,2.0,0.0,0,Occasional Moderate-Value Customers,0
12248,9,638.6244444444444,5747.62,0.75,3.75,2.0,1.0,0,Occasional Moderate-Value Customers,0
12249,6,555.3883333333333,3332.33,0.5,3.8,2.0,4.0,0,Occasional Moderate-Value Customers,0
12250,4,425.10249999999996,1700.4099999999999,0.3333333333333333,3.0,1.0,1.0,0,Occasional Moderate-Value Customers,0
12251,11,727.34,8000.74,0.9166666666666666,3.4545454545454546,3.0,1.0,1,Frequent High-Value Customers,0
12252,7,541.3342857142858,3789.34,0.5833333333333334,3.857142857142857,0.0,1.0,0,Occasional Moderate-Value Customers,0
12253,6,706.79,4240.74,0.5,3.4,3.0,1.0,0,Occasional Moderate-Value Customers,0
12254,10,555.637,5556.37,0.8333333333333334,3.75,2.0,0.0,0,Occasional Moderate-Value Customers,0
12255,8,778.0649999999999,6224.5199999999995,0.6666666666666666,3.875,1.0,2.0,0,Occasional Moderate-Value Customers,0
12256,7,1177.1171428571429,8239.82,0.5833333333333334,4.5,1.0,1.0,0,Occasional Moderate-Value Customers,-1
12257,10,989.9219999999999,9899.22,0.8333333333333334,4.125,5.0,2.0,1,Frequent High-Value Customers,0
12258,13,636.1169230769231,8269.52,1.0833333333333333,3.6666666666666665,5.0,2.0,1,Frequent High-Value Customers,0
12259,11,713.4709090909091,7848.18,0.9166666666666666,3.6363636363636362,2.0,4.0,1,Frequent High-Value Customers,0
12260,9,679.1777777777778,6112.6,0.75,3.875,3.0,6.0,1,Frequent High-Value Customers,0
12261,11,688.3436363636364,7571.78,0.9166666666666666,3.4545454545454546,0.0,2.0,0,Occasional Moderate-Value Customers,0
12262,7,853.472857142857,5974.3099999999995,0.5833333333333334,3.6666666666666665,4.0,2.0,0,Occasional Moderate-Value Customers,0
12263,8,708.2,5665.6,0.6666666666666666,4.166666666666667,2.0,0.0,0,Occasional Moderate-Value Customers,0
12264,12,478.89916666666664,5746.79,1.0,4.222222222222222,2.0,4.0,1,Frequent High-Value Customers,0
12265,11,831.110909090909,9142.22,0.9166666666666666,3.4,7.0,3.0,1,Frequent High-Value Customers,0
12266,11,1050.2763636363636,11553.039999999999,0.9166666666666666,4.0,4.0,4.0,1,Frequent High-Value Customers,0
12267,7,381.3128571428571,2669.19,0.5833333333333334,4.0,4.0,1.0,0,Occasional Moderate-Value Customers,0
12268,13,738.6023076923077,9601.83,1.0833333333333333,3.8333333333333335,2.0,4.0,1,Frequent High-Value Customers,0
12269,11,689.85,7588.35,0.9166666666666666,4.1,5.0,3.0,1,Frequent High-Value Customers,0
12270,12,765.7216666666667,9188.66,1.0,3.3636363636363638,5.0,3.0,1,Frequent High-Value Customers,0
12271,11,976.8827272727272,10745.71,0.9166666666666666,3.3,6.0,3.0,1,Frequent High-Value Customers,0
12272,6,669.4333333333333,4016.6,0.5,4.6,1.0,1.0,0,Occasional Moderate-Value Customers,0
12273,7,780.2985714285714,5462.09,0.5833333333333334,3.8333333333333335,2.0,0.0,0,Occasional Moderate-Value Customers,0
12274,11,746.8118181818182,8214.93,0.9166666666666666,4.181818181818182,2.0,2.0,1,Frequent High-Value Customers,0
12275,9,467.12888888888887,4204.16,0.75,4.666666666666667,2.0,2.0,0,Occasional Moderate-Value Customers,0
12276,14,563.6371428571429,7890.92,1.1666666666666667,3.3846153846153846,7.0,2.0,1,Frequent High-Value Customers,0
12277,11,598.1318181818182,6579.45,0.9166666666666666,4.4,5.0,1.0,1,Frequent High-Value Customers,0
12278,8,681.60125,5452.81,0.6666666666666666,4.166666666666667,4.0,1.0,0,Occasional Moderate-Value Customers,0
12279,10,795.617,7956.17,0.8333333333333334,4.0,4.0,2.0,1,Frequent High-Value Customers,0
12280,8,859.6875,6877.5,0.6666666666666666,3.5,2.0,2.0,0,Occasional Moderate-Value Customers,0
12281,6,920.765,5524.59,0.5,3.4,2.0,1.0,0,Occasional Moderate-Value Customers,0
12282,13,824.0592307692308,10712.77,1.0833333333333333,3.9166666666666665,4.0,2.0,1,Frequent High-Value Customers,0
12283,7,722.7114285714285,5058.98,0.5833333333333334,4.333333333333333,1.0,3.0,0,Occasional Moderate-Value Customers,0
12284,12,630.4191666666667,7565.03,1.0,3.8,2.0,1.0,1,Frequent High-Value Customers,0
12285,13,740.6561538461538,9628.529999999999,1.0833333333333333,3.6,4.0,6.0,1,Frequent High-Value Customers,0
12286,4,1042.245,4168.98,0.3333333333333333,3.6666666666666665,1.0,0.0,0,Occasional Moderate-Value Customers,0
12287,12,655.5108333333334,7866.13,1.0,3.888888888888889,2.0,2.0,1,Frequent High-Value Customers,0
12288,12,707.8866666666667,8494.64,1.0,4.111111111111111,3.0,5.0,1,Frequent High-Value Customers,0
12289,7,645.7842857142857,4520.49,0.5833333333333334,4.333333333333333,2.0,1.0,0,Occasional Moderate-Value Customers,0
12290,10,565.132,5651.32,0.8333333333333334,3.6666666666666665,3.0,4.0,0,Occasional Moderate-Value Customers,0
12291,12,713.2716666666666,8559.26,1.0,4.166666666666667,2.0,5.0,1,Frequent High-Value Customers,0
12292,7,623.62,4365.34,0.5833333333333334,4.333333333333333,1.0,1.0,0,Occasional Moderate-Value Customers,0
12293,12,730.4091666666667,8764.91,1.0,3.727272727272727,1.0,1.0,1,Frequent High-Value Customers,0
12294,6,758.1116666666667,4548.67,0.5,3.2,2.0,0.0,0,Occasional Moderate-Value Customers,0
12295,12,656.3091666666667,7875.71,1.0,3.3,6.0,2.0,1,Frequent High-Value Customers,0
12296,12,574.4158333333334,6892.99,1.0,4.090909090909091,1.0,5.0,1,Frequent High-Value Customers,0
12297,6,483.27833333333336,2899.67,0.5,2.8333333333333335,2.0,0.0,0,Occasional Moderate-Value Customers,0
12298,11,701.5145454545454,7716.66,0.9166666666666666,3.8,3.0,2.0,1,Frequent High-Value Customers,0
12299,9,509.1622222222222,4582.46,0.75,3.8,3.0,2.0,0,Occasional Moderate-Value Customers,0
12300,11,702.4218181818183,7726.64,0.9166666666666666,4.363636363636363,2.0,1.0,0,Occasional Moderate-Value Customers,0
12301,10,687.859,6878.59,0.8333333333333334,2.888888888888889,4.0,3.0,1,Frequent High-Value Customers,0
12302,11,661.0372727272727,7271.41,0.9166666666666666,3.875,3.0,2.0,1,Frequent High-Value Customers,0
12303,14,761.0192857142857,10654.27,1.1666666666666667,4.0,4.0,1.0,1,Frequent High-Value Customers,0
12304,3,530.8566666666667,1592.5700000000002,0.25,5.0,0.0,0.0,0,Occasional Moderate-Value Customers,-1
12305,4,608.335,2433.34,0.3333333333333333,3.6666666666666665,1.0,2.0,0,Occasional Moderate-Value Customers,0
12306,6,643.455,3860.73,0.5,3.8,2.0,0.0,0,Occasional Moderate-Value Customers,0
12307,9,693.4711111111111,6241.24,0.75,4.0,3.0,2.0,0,Occasional Moderate-Value Customers,0
12308,8,830.10375,6640.83,0.6666666666666666,4.166666666666667,2.0,1.0,0,Occasional Moderate-Value Customers,0
12309,11,484.33363636363634,5327.67,0.9166666666666666,4.1,2.0,4.0,0,Occasional Moderate-Value Customers,0
12310,12,629.6983333333333,7556.379999999999,1.0,3.5,6.0,2.0,1,Frequent High-Value Customers,0
12311,7,629.5799999999999,4407.0599999999995,0.5833333333333334,4.285714285714286,1.0,0.0,0,Occasional Moderate-Value Customers,0
12312,7,714.36,5000.52,0.5833333333333334,4.0,0.0,1.0,0,Occasional Moderate-Value Customers,0
12313,4,331.8325,1327.33,0.3333333333333333,3.6666666666666665,1.0,0.0,0,Occasional Moderate-Value Customers,0
12314,10,654.539,6545.389999999999,0.8333333333333334,4.111111111111111,5.0,3.0,1,Frequent High-Value Customers,0
12315,16,922.363125,14757.81,1.3333333333333333,4.125,5.0,5.0,1,Frequent High-Value Customers,0
12316,7,589.3528571428571,4125.47,0.5833333333333334,4.166666666666667,2.0,3.0,0,Occasional Moderate-Value Customers,0
12317,7,795.8171428571429,5570.72,0.5833333333333334,4.166666666666667,1.0,0.0,0,Occasional Moderate-Value Customers,0
12318,12,947.5025,11370.03,1.0,3.4545454545454546,2.0,4.0,1,Frequent High-Value Customers,0
12319,18,690.3522222222223,12426.34,1.5,3.9285714285714284,6.0,5.0,1,Frequent High-Value Customers,0
12320,10,767.659,7676.59,0.8333333333333334,3.6,5.0,2.0,1,Frequent High-Value Customers,0
12321,4,664.875,2659.5,0.3333333333333333,4.333333333333333,0.0,1.0,0,Occasional Moderate-Value Customers,0
12322,9,663.0999999999999,5967.9,0.75,3.4444444444444446,2.0,1.0,0,Occasional Moderate-Value Customers,0
12323,12,797.4141666666666,9568.97,1.0,3.5833333333333335,0.0,3.0,1,Frequent High-Value Customers,0
12324,11,686.9645454545455,7556.610000000001,0.9166666666666666,4.0,4.0,4.0,1,Frequent High-Value Customers,0
12325,6,545.6583333333333,3273.95,0.5,3.6666666666666665,1.0,2.0,0,Occasional Moderate-Value Customers,0
12326,7,509.6271428571428,3567.39,0.5833333333333334,4.2,1.0,3.0,0,Occasional Moderate-Value Customers,0
12327,12,429.87583333333333,5158.51,1.0,4.2,5.0,4.0,1,Frequent High-Value Customers,0
12328,10,725.293,7252.93,0.8333333333333334,4.222222222222222,2.0,4.0,1,Frequent High-Value Customers,0
12329,11,542.7290909090909,5970.02,0.9166666666666666,4.3,4.0,3.0,1,Frequent High-Value Customers,0
12330,12,585.3658333333334,7024.39,1.0,4.0,3.0,4.0,1,Frequent High-Value Customers,0
12331,15,691.6419999999999,10374.63,1.25,4.0,6.0,3.0,1,Frequent High-Value Customers,0
12332,9,441.41555555555556,3972.74,0.75,2.25,1.0,2.0,0,Occasional Moderate-Value Customers,-1
12333,7,687.5085714285715,4812.56,0.5833333333333334,4.714285714285714,0.0,0.0,0,Occasional Moderate-Value Customers,0
12334,11,565.3081818181819,6218.39,0.9166666666666666,4.1,4.0,2.0,1,Frequent High-Value Customers,0
12335,5,794.2239999999999,3971.12,0.4166666666666667,3.75,1.0,1.0,0,Occasional Moderate-Value Customers,0
12336,10,645.537,6455.37,0.8333333333333334,3.75,1.0,4.0,0,Occasional Moderate-Value Customers,0
12337,14,722.5828571428572,10116.16,1.1666666666666667,4.0,3.0,2.0,1,Frequent High-Value Customers,0
12338,12,900.9133333333333,10810.96,1.0,4.0,6.0,2.0,1,Frequent High-Value Customers,0
12339,12,704.1633333333334,8449.960000000001,1.0,4.0,5.0,1.0,1,Frequent High-Value Customers,0
12340,9,706.1844444444445,6355.66,0.75,4.111111111111111,1.0,3.0,0,Occasional Moderate-Value Customers,0
12341,9,816.8955555555556,7352.06,0.75,4.375,2.0,4.0,0,Occasional Moderate-Value Customers,0
12342,14,685.1257142857143,9591.76,1.1666666666666667,4.357142857142857,2.0,3.0,1,Frequent High-Value Customers,0
12343,13,628.1738461538462,8166.26,1.0833333333333333,4.076923076923077,1.0,6.0,1,Frequent High-Value Customers,0
12344,11,757.7927272727272,8335.72,0.9166666666666666,2.9,5.0,8.0,1,Frequent High-Value Customers,-1
12345,8,678.33,5426.64,0.6666666666666666,3.3333333333333335,2.0,2.0,0,Occasional Moderate-Value Customers,0
12346,18,734.781111111111,13226.06,1.5,3.2666666666666666,7.0,4.0,1,Frequent High-Value Customers,-1
12347,9,701.5588888888889,6314.03,0.75,4.5,3.0,2.0,0,Occasional Moderate-Value Customers,0
12348,10,638.446,6384.46,0.8333333333333334,3.25,4.0,2.0,0,Occasional Moderate-Value Customers,0
12349,11,689.2845454545454,7582.13,0.9166666666666666,4.090909090909091,1.0,3.0,1,Frequent High-Value Customers,0
12350,11,463.1036363636363,5094.139999999999,0.9166666666666666,3.6,3.0,4.0,1,Frequent High-Value Customers,0
12351,8,589.75875,4718.07,0.6666666666666666,3.25,2.0,0.0,0,Occasional Moderate-Value Customers,0
12352,9,712.5177777777777,6412.66,0.75,3.6666666666666665,1.0,3.0,0,Occasional Moderate-Value Customers,0
12353,7,517.6285714285714,3623.3999999999996,0.5833333333333334,3.8,1.0,3.0,0,Occasional Moderate-Value Customers,0
12354,10,778.352,7783.5199999999995,0.8333333333333334,3.625,3.0,3.0,1,Frequent High-Value Customers,0
12355,14,574.3328571428572,8040.66,1.1666666666666667,4.636363636363637,5.0,5.0,1,Frequent High-Value Customers,-1
12356,8,619.26625,4954.13,0.6666666666666666,2.857142857142857,2.0,2.0,0,Occasional Moderate-Value Customers,0
12357,13,570.0484615384615,7410.63,1.0833333333333333,4.416666666666667,4.0,2.0,1,Frequent High-Value Customers,0
12358,8,515.6975,4125.58,0.6666666666666666,3.2857142857142856,2.0,3.0,0,Occasional Moderate-Value Customers,0
12359,9,470.74555555555554,4236.71,0.75,3.7777777777777777,4.0,3.0,0,Occasional Moderate-Value Customers,0
12360,15,593.7620000000001,8906.43,1.25,4.214285714285714,3.0,4.0,1,Frequent High-Value Customers,0
12361,18,526.1511111111112,9470.720000000001,1.5,3.5,4.0,5.0,1,Frequent High-Value Customers,-1
12362,8,825.58,6604.64,0.6666666666666666,4.625,0.0,1.0,0,Occasional Moderate-Value Customers,0
12363,12,637.02,7644.24,1.0,4.416666666666667,2.0,6.0,1,Frequent High-Value Customers,0
12364,11,749.3881818181818,8243.27,0.9166666666666666,4.0,3.0,3.0,1,Frequent High-Value Customers,0
12365,15,520.1053333333333,7801.58,1.25,4.428571428571429,2.0,2.0,1,Frequent High-Value Customers,0
12366,6,723.565,4341.39,0.5,4.2,1.0,2.0,0,Occasional Moderate-Value Customers,0
12367,6,479.21000000000004,2875.26,0.5,3.8,0.0,1.0,0,Occasional Moderate-Value Customers,0
12368,11,688.0927272727273,7569.02,0.9166666666666666,4.111111111111111,4.0,6.0,1,Frequent High-Value Customers,0
12369,11,497.7218181818182,5474.9400000000005,0.9166666666666666,4.1,3.0,1.0,0,Occasional Moderate-Value Customers,0
12370,11,634.0772727272727,6974.849999999999,0.9166666666666666,4.0,2.0,1.0,0,Occasional Moderate-Value Customers,0
12371,9,440.12666666666667,3961.14,0.75,3.125,3.0,5.0,0,Occasional Moderate-Value Customers,-1
12372,12,592.7308333333334,7112.77,1.0,4.0,3.0,2.0,1,Frequent High-Value Customers,0
12373,7,506.6685714285714,3546.68,0.5833333333333334,3.1666666666666665,1.0,1.0,0,Occasional Moderate-Value Customers,0
12374,15,688.2520000000001,10323.78,1.25,3.4285714285714284,2.0,2.0,1,Frequent High-Value Customers,0
12375,13,602.7876923076923,7836.24,1.0833333333333333,4.090909090909091,3.0,5.0,1,Frequent High-Value Customers,0
12376,6,923.6883333333334,5542.13,0.5,4.333333333333333,3.0,2.0,0,Occasional Moderate-Value Customers,0
12377,11,727.6290909090909,8003.92,0.9166666666666666,3.9,5.0,2.0,1,Frequent High-Value Customers,0
12378,11,717.0963636363637,7888.06,0.9166666666666666,3.7,3.0,1.0,1,Frequent High-Value Customers,0
12379,12,944.3933333333333,11332.72,1.0,4.363636363636363,7.0,2.0,1,Frequent High-Value Customers,-1
12380,8,584.5387499999999,4676.3099999999995,0.6666666666666666,4.0,1.0,4.0,0,Occasional Moderate-Value Customers,0
12381,15,614.1186666666667,9211.78,1.25,3.8461538461538463,3.0,1.0,1,Frequent High-Value Customers,0
12382,5,439.854,2199.27,0.4166666666666667,3.2,0.0,2.0,0,Occasional Moderate-Value Customers,0
12383,5,583.6139999999999,2918.0699999999997,0.4166666666666667,2.5,0.0,0.0,0,Occasional Moderate-Value Customers,-1
12384,10,717.179,7171.79,0.8333333333333334,4.333333333333333,5.0,1.0,1,Frequent High-Value Customers,0
12385,8,461.315,3690.52,0.6666666666666666,3.5714285714285716,4.0,5.0,0,Occasional Moderate-Value Customers,0
12386,9,671.6088888888888,6044.48,0.75,4.375,3.0,2.0,0,Occasional Moderate-Value Customers,0
12387,10,733.892,7338.92,0.8333333333333334,4.1,2.0,3.0,0,Occasional Moderate-Value Customers,0
12388,5,1186.798,5933.99,0.4166666666666667,3.75,0.0,3.0,0,Occasional Moderate-Value Customers,-1
12389,4,490.1125,1960.45,0.3333333333333333,3.75,1.0,1.0,0,Occasional Moderate-Value Customers,0
12390,9,790.1866666666667,7111.68,0.75,4.0,1.0,0.0,0,Occasional Moderate-Value Customers,0
12391,15,632.3766666666667,9485.65,1.25,3.933333333333333,4.0,4.0,1,Frequent High-Value Customers,0
12392,12,695.4041666666667,8344.85,1.0,4.0,3.0,5.0,1,Frequent High-Value Customers,0
12393,11,600.0245454545455,6600.27,0.9166666666666666,3.727272727272727,4.0,2.0,1,Frequent High-Value Customers,0
12394,6,803.145,4818.87,0.5,3.8,1.0,2.0,0,Occasional Moderate-Value Customers,0
12395,7,511.32142857142856,3579.25,0.5833333333333334,3.8333333333333335,2.0,3.0,0,Occasional Moderate-Value Customers,0
12396,13,785.9692307692308,10217.6,1.0833333333333333,3.5,4.0,5.0,1,Frequent High-Value Customers,0
12397,7,916.6428571428571,6416.5,0.5833333333333334,3.6666666666666665,0.0,2.0,0,Occasional Moderate-Value Customers,0
12398,10,635.894,6358.94,0.8333333333333334,4.4,5.0,4.0,1,Frequent High-Value Customers,0
12399,11,495.6627272727273,5452.29,0.9166666666666666,4.1,3.0,3.0,0,Occasional Moderate-Value Customers,0
12400,8,550.0625,4400.5,0.6666666666666666,3.7142857142857144,1.0,4.0,0,Occasional Moderate-Value Customers,0
12401,6,668.59,4011.54,0.5,3.6666666666666665,2.0,1.0,0,Occasional Moderate-Value Customers,0
12402,3,1035.8366666666666,3107.5099999999998,0.25,3.6666666666666665,0.0,1.0,0,Occasional Moderate-Value Customers,-1
12403,6,276.3883333333333,1658.33,0.5,4.333333333333333,2.0,3.0,0,Occasional Moderate-Value Customers,-1
12404,12,739.8299999999999,8877.96,1.0,3.75,4.0,5.0,1,Frequent High-Value Customers,0
12405,9,631.7677777777777,5685.91,0.75,3.888888888888889,1.0,2.0,0,Occasional Moderate-Value Customers,0
12406,11,619.1927272727272,6811.12,0.9166666666666666,4.2,4.0,3.0,1,Frequent High-Value Customers,0
12407,12,643.6916666666667,7724.3,1.0,3.4166666666666665,5.0,3.0,1,Frequent High-Value Customers,0
12408,12,460.83666666666664,5530.04,1.0,3.5454545454545454,4.0,0.0,0,Occasional Moderate-Value Customers,-1
12409,12,1008.3375,12100.05,1.0,3.7777777777777777,3.0,1.0,1,Frequent High-Value Customers,0
12410,6,929.5433333333334,5577.26,0.5,4.25,0.0,1.0,0,Occasional Moderate-Value Customers,0
12411,8,622.7674999999999,4982.139999999999,0.6666666666666666,4.25,4.0,3.0,0,Occasional Moderate-Value Customers,0
12412,4,723.54,2894.16,0.3333333333333333,3.25,1.0,0.0,0,Occasional Moderate-Value Customers,0
12413,12,518.7308333333333,6224.7699999999995,1.0,4.625,4.0,2.0,1,Frequent High-Value Customers,0
12414,16,714.831875,11437.31,1.3333333333333333,4.357142857142857,5.0,5.0,1,Frequent High-Value Customers,0
12415,7,494.11285714285714,3458.79,0.5833333333333334,3.8333333333333335,0.0,2.0,0,Occasional Moderate-Value Customers,0
12416,8,710.04,5680.32,0.6666666666666666,3.857142857142857,1.0,2.0,0,Occasional Moderate-Value Customers,0
12417,15,644.9639999999999,9674.46,1.25,4.214285714285714,4.0,4.0,1,Frequent High-Value Customers,0
12418,12,761.2808333333332,9135.369999999999,1.0,4.0,6.0,4.0,1,Frequent High-Value Customers,0
12419,20,636.996,12739.92,1.6666666666666667,3.611111111111111,6.0,4.0,1,Frequent High-Value Customers,-1
12420,16,731.010625,11696.17,1.3333333333333333,4.0625,3.0,3.0,1,Frequent High-Value Customers,0
12421,11,562.06,6182.66,0.9166666666666666,4.111111111111111,4.0,3.0,1,Frequent High-Value Customers,0
12422,12,742.9741666666667,8915.69,1.0,3.75,5.0,4.0,1,Frequent High-Value Customers,0
12423,9,641.1011111111111,5769.91,0.75,4.25,3.0,1.0,0,Occasional Moderate-Value Customers,0
12424,14,583.7557142857142,8172.58,1.1666666666666667,3.923076923076923,6.0,3.0,1,Frequent High-Value Customers,0
12425,9,765.2888888888889,6887.6,0.75,3.7777777777777777,1.0,1.0,0,Occasional Moderate-Value Customers,0
12426,11,822.8299999999999,9051.13,0.9166666666666666,3.6363636363636362,3.0,1.0,1,Frequent High-Value Customers,0
12427,5,386.416,1932.08,0.4166666666666667,4.0,2.0,2.0,0,Occasional Moderate-Value Customers,0
12428,7,707.1542857142857,4950.08,0.5833333333333334,3.5714285714285716,1.0,2.0,0,Occasional Moderate-Value Customers,0
12429,16,622.21875,9955.5,1.3333333333333333,4.0,6.0,4.0,1,Frequent High-Value Customers,0
12430,15,494.5466666666667,7418.2,1.25,3.7857142857142856,6.0,6.0,1,Frequent High-Value Customers,0
12431,13,613.71,7978.2300000000005,1.0833333333333333,3.5384615384615383,4.0,3.0,1,Frequent High-Value Customers,0
12432,9,824.3177777777778,7418.86,0.75,3.111111111111111,2.0,2.0,0,Occasional Moderate-Value Customers,0
12433,7,648.8985714285715,4542.29,0.5833333333333334,4.166666666666667,2.0,3.0,0,Occasional Moderate-Value Customers,0
12434,11,750.6027272727272,8256.63,0.9166666666666666,3.875,2.0,5.0,1,Frequent High-Value Customers,0
12435,12,474.7675,5697.21,1.0,3.3333333333333335,2.0,1.0,0,Occasional Moderate-Value Customers,0
12436,9,873.8055555555555,7864.25,0.75,2.375,2.0,0.0,0,Occasional Moderate-Value Customers,-1
12437,6,897.435,5384.61,0.5,3.8,2.0,1.0,0,Occasional Moderate-Value Customers,0
12438,15,850.756,12761.34,1.25,3.8461538461538463,5.0,7.0,1,Frequent High-Value Customers,0
12439,11,731.3627272727273,8044.99,0.9166666666666666,3.7,6.0,1.0,1,Frequent High-Value Customers,0
12440,12,676.5725,8118.87,1.0,4.083333333333333,5.0,4.0,1,Frequent High-Value Customers,0
12441,12,603.8666666666667,7246.400000000001,1.0,4.083333333333333,3.0,2.0,1,Frequent High-Value Customers,0
12442,8,721.4375,5771.5,0.6666666666666666,4.0,1.0,2.0,0,Occasional Moderate-Value Customers,0
12443,8,619.9350000000001,4959.4800000000005,0.6666666666666666,3.5,0.0,2.0,0,Occasional Moderate-Value Customers,0
12444,13,719.8884615384615,9358.55,1.0833333333333333,4.0,4.0,4.0,1,Frequent High-Value Customers,0
12445,9,616.8433333333334,5551.59,0.75,3.6666666666666665,3.0,3.0,0,Occasional Moderate-Value Customers,0
12446,11,824.1327272727272,9065.46,0.9166666666666666,3.6363636363636362,5.0,4.0,1,Frequent High-Value Customers,0
12447,7,1163.6357142857144,8145.45,0.5833333333333334,4.166666666666667,3.0,2.0,0,Occasional Moderate-Value Customers,-1
12448,9,593.4822222222223,5341.34,0.75,3.7777777777777777,2.0,0.0,0,Occasional Moderate-Value Customers,0
12449,10,931.0450000000001,9310.45,0.8333333333333334,4.222222222222222,4.0,2.0,1,Frequent High-Value Customers,0
12450,10,492.985,4929.85,0.8333333333333334,3.888888888888889,5.0,1.0,0,Occasional Moderate-Value Customers,0
12451,13,850.0107692307691,11050.14,1.0833333333333333,3.727272727272727,4.0,4.0,1,Frequent High-Value Customers,0
12452,8,543.2825,4346.26,0.6666666666666666,4.375,1.0,3.0,0,Occasional Moderate-Value Customers,0
12453,11,776.3427272727273,8539.77,0.9166666666666666,4.444444444444445,2.0,3.0,1,Frequent High-Value Customers,0
12454,12,866.6191666666667,10399.43,1.0,3.727272727272727,3.0,4.0,1,Frequent High-Value Customers,0
12455,10,733.621,7336.21,0.8333333333333334,3.888888888888889,6.0,3.0,1,Frequent High-Value Customers,0
12456,5,396.65,1983.25,0.4166666666666667,4.0,1.0,2.0,0,Occasional Moderate-Value Customers,0
12457,9,853.5044444444444,7681.54,0.75,3.142857142857143,0.0,1.0,0,Occasional Moderate-Value Customers,-1
12458,6,743.2333333333332,4459.4,0.5,4.2,1.0,4.0,0,Occasional Moderate-Value Customers,0
12459,12,813.5333333333333,9762.4,1.0,4.583333333333333,6.0,6.0,1,Frequent High-Value Customers,-1
12460,8,900.7887499999999,7206.3099999999995,0.6666666666666666,4.0,3.0,3.0,0,Occasional Moderate-Value Customers,0
12461,11,671.5909090909091,7387.5,0.9166666666666666,4.0,2.0,3.0,1,Frequent High-Value Customers,0
12462,9,552.5333333333333,4972.8,0.75,3.625,5.0,0.0,0,Occasional Moderate-Value Customers,0
12463,8,443.5825,3548.66,0.6666666666666666,4.0,2.0,1.0,0,Occasional Moderate-Value Customers,0
12464,9,660.9211111111111,5948.29,0.75,3.875,1.0,1.0,0,Occasional Moderate-Value Customers,0
12465,13,869.9446153846154,11309.28,1.0833333333333333,3.923076923076923,2.0,2.0,1,Frequent High-Value Customers,0
12466,10,511.078,5110.78,0.8333333333333334,4.666666666666667,3.0,5.0,0,Occasional Moderate-Value Customers,0
12467,13,624.4346153846153,8117.65,1.0833333333333333,4.2727272727272725,2.0,4.0,1,Frequent High-Value Customers,0
12468,11,752.0418181818183,8272.460000000001,0.9166666666666666,3.2222222222222223,2.0,2.0,1,Frequent High-Value Customers,0
12469,14,770.8457142857143,10791.84,1.1666666666666667,4.416666666666667,6.0,2.0,1,Frequent High-Value Customers,0
12470,11,654.6318181818182,7200.95,0.9166666666666666,3.875,4.0,3.0,1,Frequent High-Value Customers,0
12471,14,708.0528571428571,9912.74,1.1666666666666667,3.769230769230769,3.0,5.0,1,Frequent High-Value Customers,0
12472,5,628.254,3141.27,0.4166666666666667,3.6666666666666665,1.0,1.0,0,Occasional Moderate-Value Customers,0
12473,7,839.9857142857143,5879.9,0.5833333333333334,3.2857142857142856,3.0,0.0,0,Occasional Moderate-Value Customers,0
12474,7,801.9657142857143,5613.76,0.5833333333333334,4.285714285714286,1.0,2.0,0,Occasional Moderate-Value Customers,0
12475,7,1016.5542857142857,7115.88,0.5833333333333334,4.166666666666667,0.0,2.0,0,Occasional Moderate-Value Customers,0
12476,11,758.1309090909091,8339.44,0.9166666666666666,3.7777777777777777,5.0,0.0,1,Frequent High-Value Customers,0
12477,11,830.7709090909091,9138.48,0.9166666666666666,4.2727272727272725,2.0,4.0,1,Frequent High-Value Customers,0
12478,7,693.7557142857142,4856.29,0.5833333333333334,3.0,1.0,2.0,0,Occasional Moderate-Value Customers,0
12479,15,544.3,8164.5,1.25,3.857142857142857,2.0,4.0,1,Frequent High-Value Customers,0
12480,17,480.65764705882356,8171.18,1.4166666666666667,4.0625,10.0,1.0,1,Frequent High-Value Customers,-1
12481,5,257.256,1286.28,0.4166666666666667,3.5,3.0,3.0,0,Occasional Moderate-Value Customers,-1
12482,9,855.7177777777778,7701.46,0.75,3.875,3.0,0.0,0,Occasional Moderate-Value Customers,0
12483,8,627.485,5019.88,0.6666666666666666,3.0,1.0,4.0,0,Occasional Moderate-Value Customers,0
12484,7,865.7014285714286,6059.91,0.5833333333333334,3.4285714285714284,1.0,2.0,0,Occasional Moderate-Value Customers,0
12485,6,897.2333333333332,5383.4,0.5,4.5,3.0,1.0,0,Occasional Moderate-Value Customers,0
12486,7,627.8671428571428,4395.07,0.5833333333333334,4.333333333333333,2.0,2.0,0,Occasional Moderate-Value Customers,0
12487,9,669.5955555555556,6026.360000000001,0.75,4.25,3.0,4.0,0,Occasional Moderate-Value Customers,0
12488,7,899.2557142857142,6294.79,0.5833333333333334,3.6666666666666665,0.0,1.0,0,Occasional Moderate-Value Customers,0
12489,9,703.5999999999999,6332.4,0.75,4.0,3.0,0.0,0,Occasional Moderate-Value Customers,0
12490,13,556.42,7233.46,1.0833333333333333,4.3076923076923075,3.0,4.0,1,Frequent High-Value Customers,0
12491,11,715.7709090909091,7873.48,0.9166666666666666,3.8,5.0,4.0,1,Frequent High-Value Customers,0
12492,9,554.4277777777778,4989.85,0.75,3.5,5.0,3.0,0,Occasional Moderate-Value Customers,0
12493,13,688.9476923076923,8956.32,1.0833333333333333,4.090909090909091,2.0,5.0,1,Frequent High-Value Customers,0
12494,10,746.9590000000001,7469.59,0.8333333333333334,4.4,3.0,2.0,0,Occasional Moderate-Value Customers,0
12495,9,642.1844444444445,5779.66,0.75,4.5,2.0,1.0,0,Occasional Moderate-Value Customers,0
12496,6,413.82666666666665,2482.96,0.5,4.0,1.0,2.0,0,Occasional Moderate-Value Customers,0
12497,8,487.77125,3902.17,0.6666666666666666,3.5714285714285716,2.0,2.0,0,Occasional Moderate-Value Customers,0
12498,12,608.3916666666667,7300.7,1.0,4.0,2.0,3.0,1,Frequent High-Value Customers,0
12499,13,555.0592307692307,7215.7699999999995,1.0833333333333333,3.923076923076923,4.0,6.0,1,Frequent High-Value Customers,0
12500,11,763.5981818181818,8399.58,0.9166666666666666,4.181818181818182,5.0,3.0,1,Frequent High-Value Customers,0
12501,13,772.206923076923,10038.689999999999,1.0833333333333333,3.5833333333333335,4.0,2.0,1,Frequent High-Value Customers,0
12502,6,517.1133333333333,3102.6800000000003,0.5,3.3333333333333335,2.0,3.0,0,Occasional Moderate-Value Customers,0
12503,10,435.346,4353.46,0.8333333333333334,3.7777777777777777,1.0,4.0,0,Occasional Moderate-Value Customers,0
12504,20,609.1585,12183.17,1.6666666666666667,3.473684210526316,8.0,2.0,1,Frequent High-Value Customers,-1
12505,4,768.0625,3072.25,0.3333333333333333,3.75,0.0,0.0,0,Occasional Moderate-Value Customers,0
12506,9,606.6144444444445,5459.530000000001,0.75,4.0,1.0,3.0,0,Occasional Moderate-Value Customers,0
12507,16,639.8325,10237.32,1.3333333333333333,3.6,5.0,5.0,1,Frequent High-Value Customers,0
12508,13,616.0176923076923,8008.23,1.0833333333333333,3.9166666666666665,4.0,4.0,1,Frequent High-Value Customers,0
12509,11,629.2618181818182,6921.88,0.9166666666666666,3.8,2.0,3.0,1,Frequent High-Value Customers,0
12510,10,737.977,7379.7699999999995,0.8333333333333334,3.9,6.0,3.0,1,Frequent High-Value Customers,0
12511,5,793.122,3965.6099999999997,0.4166666666666667,4.333333333333333,1.0,1.0,0,Occasional Moderate-Value Customers,0
12512,12,485.0566666666667,5820.68,1.0,3.5833333333333335,4.0,2.0,1,Frequent High-Value Customers,0
12513,11,600.3036363636364,6603.34,0.9166666666666666,3.9,3.0,1.0,0,Occasional Moderate-Value Customers,0
12514,8,618.79625,4950.37,0.6666666666666666,4.375,1.0,1.0,0,Occasional Moderate-Value Customers,0
12515,8,983.30125,7866.41,0.6666666666666666,4.0,2.0,2.0,0,Occasional Moderate-Value Customers,0
12516,13,667.336923076923,8675.38,1.0833333333333333,3.6363636363636362,3.0,2.0,1,Frequent High-Value Customers,0
12517,12,588.1133333333333,7057.36,1.0,3.75,2.0,6.0,1,Frequent High-Value Customers,0
12518,12,691.8183333333333,8301.82,1.0,3.5,3.0,5.0,1,Frequent High-Value Customers,0
12519,5,867.5260000000001,4337.63,0.4166666666666667,4.5,0.0,2.0,0,Occasional Moderate-Value Customers,0
12520,13,801.41,10418.33,1.0833333333333333,4.333333333333333,1.0,5.0,1,Frequent High-Value Customers,0
12521,10,837.223,8372.23,0.8333333333333334,2.888888888888889,3.0,2.0,1,Frequent High-Value Customers,0
12522,7,799.8542857142857,5598.98,0.5833333333333334,4.285714285714286,2.0,0.0,0,Occasional Moderate-Value Customers,0
12523,10,544.5139999999999,5445.139999999999,0.8333333333333334,3.857142857142857,3.0,4.0,0,Occasional Moderate-Value Customers,0
12524,8,807.35375,6458.83,0.6666666666666666,3.75,1.0,2.0,0,Occasional Moderate-Value Customers,0
12525,8,816.0274999999999,6528.219999999999,0.6666666666666666,4.428571428571429,3.0,3.0,0,Occasional Moderate-Value Customers,0
12526,11,608.7381818181818,6696.12,0.9166666666666666,3.9,5.0,1.0,1,Frequent High-Value Customers,0
12527,12,553.4766666666667,6641.72,1.0,3.25,4.0,1.0,1,Frequent High-Value Customers,0
12528,15,739.144,11087.16,1.25,4.0,8.0,5.0,1,Frequent High-Value Customers,0
12529,12,580.5491666666667,6966.59,1.0,3.6666666666666665,2.0,4.0,1,Frequent High-Value Customers,0
12530,14,619.8214285714286,8677.5,1.1666666666666667,3.8,5.0,5.0,1,Frequent High-Value Customers,0
12531,14,669.7757142857143,9376.86,1.1666666666666667,4.0,5.0,7.0,1,Frequent High-Value Customers,0
12532,9,916.691111111111,8250.22,0.75,3.7142857142857144,0.0,1.0,0,Occasional Moderate-Value Customers,0
12533,7,579.4571428571428,4056.2,0.5833333333333334,3.2857142857142856,2.0,1.0,0,Occasional Moderate-Value Customers,0
12534,10,499.687,4996.87,0.8333333333333334,3.857142857142857,6.0,2.0,0,Occasional Moderate-Value Customers,0
12535,5,622.4979999999999,3112.49,0.4166666666666667,4.2,1.0,0.0,0,Occasional Moderate-Value Customers,0
12536,11,779.0836363636364,8569.92,0.9166666666666666,3.111111111111111,3.0,1.0,1,Frequent High-Value Customers,0
12537,4,668.5275,2674.11,0.3333333333333333,3.5,2.0,4.0,0,Occasional Moderate-Value Customers,-1
12538,13,482.9376923076924,6278.1900000000005,1.0833333333333333,3.75,3.0,3.0,1,Frequent High-Value Customers,0
12539,9,539.3122222222223,4853.81,0.75,3.142857142857143,3.0,2.0,0,Occasional Moderate-Value Customers,0
12540,14,779.5200000000001,10913.28,1.1666666666666667,4.076923076923077,4.0,3.0,1,Frequent High-Value Customers,0
12541,9,450.5466666666667,4054.92,0.75,3.888888888888889,2.0,1.0,0,Occasional Moderate-Value Customers,0
12542,10,618.699,6186.99,0.8333333333333334,3.625,2.0,1.0,0,Occasional Moderate-Value Customers,0
12543,11,747.4790909090909,8222.27,0.9166666666666666,3.909090909090909,4.0,5.0,1,Frequent High-Value Customers,0
12544,11,847.72,9324.92,0.9166666666666666,4.181818181818182,3.0,4.0,1,Frequent High-Value Customers,0
12545,13,758.89,9865.57,1.0833333333333333,3.8,2.0,6.0,1,Frequent High-Value Customers,0
12546,11,657.8081818181818,7235.889999999999,0.9166666666666666,3.5454545454545454,3.0,1.0,0,Occasional Moderate-Value Customers,0
12547,15,782.6466666666668,11739.7,1.25,3.357142857142857,5.0,3.0,1,Frequent High-Value Customers,0
12548,11,724.1309090909091,7965.4400000000005,0.9166666666666666,4.0,5.0,4.0,1,Frequent High-Value Customers,0
12549,7,514.0657142857143,3598.46,0.5833333333333334,3.7142857142857144,2.0,3.0,0,Occasional Moderate-Value Customers,0
12550,11,631.13,6942.43,0.9166666666666666,3.6363636363636362,4.0,3.0,1,Frequent High-Value Customers,0
12551,11,888.1745454545454,9769.92,0.9166666666666666,4.0,2.0,4.0,1,Frequent High-Value Customers,0
12552,11,609.7590909090909,6707.35,0.9166666666666666,4.0,2.0,1.0,0,Occasional Moderate-Value Customers,0
12553,9,593.1844444444445,5338.66,0.75,4.222222222222222,2.0,3.0,0,Occasional Moderate-Value Customers,0
12554,7,435.1542857142857,3046.08,0.5833333333333334,4.5,2.0,2.0,0,Occasional Moderate-Value Customers,0
12555,12,993.6233333333333,11923.48,1.0,3.25,2.0,5.0,1,Frequent High-Value Customers,-1
12556,7,538.8328571428572,3771.83,0.5833333333333334,4.4,2.0,0.0,0,Occasional Moderate-Value Customers,0
12557,8,647.86625,5182.93,0.6666666666666666,3.75,1.0,1.0,0,Occasional Moderate-Value Customers,0
12558,7,553.4485714285714,3874.14,0.5833333333333334,3.7142857142857144,2.0,3.0,0,Occasional Moderate-Value Customers,0
12559,13,484.13692307692304,6293.78,1.0833333333333333,3.9,2.0,4.0,1,Frequent High-Value Customers,0
12560,9,750.7422222222223,6756.68,0.75,3.5555555555555554,0.0,1.0,0,Occasional Moderate-Value Customers,0
12561,12,424.79583333333335,5097.55,1.0,3.8181818181818183,4.0,2.0,1,Frequent High-Value Customers,0
12562,10,569.662,5696.62,0.8333333333333334,3.4,5.0,2.0,0,Occasional Moderate-Value Customers,0
12563,16,733.924375,11742.79,1.3333333333333333,3.923076923076923,6.0,5.0,1,Frequent High-Value Customers,0
12564,7,954.3571428571429,6680.5,0.5833333333333334,3.0,3.0,2.0,0,Occasional Moderate-Value Customers,0
12565,14,600.7821428571427,8410.949999999999,1.1666666666666667,4.153846153846154,7.0,2.0,1,Frequent High-Value Customers,0
12566,13,424.04153846153844,5512.54,1.0833333333333333,3.9166666666666665,4.0,4.0,1,Frequent High-Value Customers,0
12567,12,542.3533333333334,6508.24,1.0,4.363636363636363,4.0,3.0,1,Frequent High-Value Customers,0
12568,12,731.2758333333333,8775.31,1.0,4.25,3.0,2.0,1,Frequent High-Value Customers,0
12569,6,607.9399999999999,3647.64,0.5,3.5,0.0,0.0,0,Occasional Moderate-Value Customers,0
12570,12,824.8833333333333,9898.6,1.0,4.1,4.0,5.0,1,Frequent High-Value Customers,0
12571,11,536.3018181818181,5899.32,0.9166666666666666,3.888888888888889,2.0,4.0,1,Frequent High-Value Customers,0
12572,7,815.4214285714286,5707.95,0.5833333333333334,3.8333333333333335,4.0,6.0,0,Occasional Moderate-Value Customers,0
12573,8,675.69875,5405.59,0.6666666666666666,4.5,1.0,1.0,0,Occasional Moderate-Value Customers,0
12574,8,784.50875,6276.07,0.6666666666666666,3.6666666666666665,3.0,3.0,0,Occasional Moderate-Value Customers,0
12575,11,726.7481818181818,7994.23,0.9166666666666666,3.909090909090909,2.0,2.0,1,Frequent High-Value Customers,0
12576,3,784.3466666666667,2353.04,0.25,4.0,0.0,1.0,0,Occasional Moderate-Value Customers,0
12577,9,623.4677777777778,5611.21,0.75,2.4285714285714284,3.0,4.0,0,Occasional Moderate-Value Customers,-1
12578,6,527.235,3163.41,0.5,4.2,1.0,2.0,0,Occasional Moderate-Value Customers,0
12579,9,373.57,3362.13,0.75,4.111111111111111,3.0,4.0,0,Occasional Moderate-Value Customers,0
12580,10,700.266,7002.66,0.8333333333333334,4.0,4.0,3.0,1,Frequent High-Value Customers,0
12581,7,594.85,4163.95,0.5833333333333334,3.6666666666666665,3.0,4.0,0,Occasional Moderate-Value Customers,0
12582,10,883.626,8836.26,0.8333333333333334,4.428571428571429,3.0,2.0,1,Frequent High-Value Customers,0
12583,11,691.6027272727273,7607.63,0.9166666666666666,3.3,2.0,3.0,1,Frequent High-Value Customers,0
12584,12,643.5358333333334,7722.43,1.0,4.222222222222222,5.0,2.0,1,Frequent High-Value Customers,0
12585,6,746.3966666666666,4478.38,0.5,3.8333333333333335,0.0,2.0,0,Occasional Moderate-Value Customers,0
12586,14,542.905,7600.67,1.1666666666666667,4.5,3.0,3.0,1,Frequent High-Value Customers,0
12587,10,374.536,3745.36,0.8333333333333334,3.5555555555555554,3.0,4.0,0,Occasional Moderate-Value Customers,0
12588,9,544.7877777777778,4903.09,0.75,3.5714285714285716,2.0,3.0,0,Occasional Moderate-Value Customers,0
12589,7,453.9542857142857,3177.68,0.5833333333333334,4.285714285714286,3.0,0.0,0,Occasional Moderate-Value Customers,0
12590,5,739.738,3698.69,0.4166666666666667,3.6,3.0,2.0,0,Occasional Moderate-Value Customers,0
12591,11,532.4245454545454,5856.67,0.9166666666666666,4.0,6.0,2.0,1,Frequent High-Value Customers,0
12592,5,874.5840000000001,4372.92,0.4166666666666667,4.2,2.0,1.0,0,Occasional Moderate-Value Customers,0
12593,15,767.4533333333333,11511.8,1.25,3.857142857142857,2.0,1.0,1,Frequent High-Value Customers,0
12594,11,624.5036363636364,6869.54,0.9166666666666666,3.857142857142857,5.0,2.0,1,Frequent High-Value Customers,0
12595,10,719.8610000000001,7198.610000000001,0.8333333333333334,3.7777777777777777,5.0,0.0,0,Occasional Moderate-Value Customers,0
12596,11,797.5554545454546,8773.11,0.9166666666666666,3.2,3.0,2.0,1,Frequent High-Value Customers,0
12597,11,833.1827272727273,9165.01,0.9166666666666666,3.75,4.0,1.0,1,Frequent High-Value Customers,0
12598,7,485.8157142857143,3400.71,0.5833333333333334,4.714285714285714,1.0,2.0,0,Occasional Moderate-Value Customers,0
12599,6,579.4766666666667,3476.86,0.5,3.3333333333333335,2.0,1.0,0,Occasional Moderate-Value Customers,0
12600,7,658.0857142857143,4606.6,0.5833333333333334,3.0,2.0,2.0,0,Occasional Moderate-Value Customers,0
12601,7,494.8314285714286,3463.82,0.5833333333333334,3.5714285714285716,3.0,2.0,0,Occasional Moderate-Value Customers,0
12602,5,556.788,2783.94,0.4166666666666667,3.0,2.0,1.0,0,Occasional Moderate-Value Customers,0
12603,11,513.2509090909091,5645.76,0.9166666666666666,4.222222222222222,3.0,1.0,0,Occasional Moderate-Value Customers,0
12604,11,814.5090909090909,8959.6,0.9166666666666666,4.0,3.0,0.0,1,Frequent High-Value Customers,0
12605,13,860.2976923076924,11183.87,1.0833333333333333,3.75,3.0,2.0,1,Frequent High-Value Customers,0
12606,15,705.1333333333333,10577.0,1.25,4.0,5.0,6.0,1,Frequent High-Value Customers,0
12607,12,878.3208333333333,10539.85,1.0,4.375,2.0,3.0,1,Frequent High-Value Customers,0
12608,10,511.34499999999997,5113.45,0.8333333333333334,4.111111111111111,2.0,4.0,0,Occasional Moderate-Value Customers,0
12609,9,438.57444444444445,3947.17,0.75,3.875,2.0,2.0,0,Occasional Moderate-Value Customers,0
12610,4,430.54499999999996,1722.1799999999998,0.3333333333333333,3.25,3.0,0.0,0,Occasional Moderate-Value Customers,0
12611,11,610.5518181818181,6716.07,0.9166666666666666,3.9,4.0,2.0,1,Frequent High-Value Customers,0
12612,9,771.771111111111,6945.94,0.75,4.285714285714286,0.0,2.0,0,Occasional Moderate-Value Customers,0
12613,15,827.2053333333333,12408.08,1.25,3.3636363636363638,5.0,6.0,1,Frequent High-Value Customers,0
12614,6,672.4116666666667,4034.4700000000003,0.5,4.166666666666667,1.0,1.0,0,Occasional Moderate-Value Customers,0
12615,8,665.18125,5321.45,0.6666666666666666,4.0,4.0,1.0,0,Occasional Moderate-Value Customers,0
12616,8,768.04125,6144.33,0.6666666666666666,4.0,4.0,4.0,0,Occasional Moderate-Value Customers,0
12617,14,567.0207142857142,7938.29,1.1666666666666667,3.6923076923076925,3.0,4.0,1,Frequent High-Value Customers,0
12618,12,595.8408333333333,7150.09,1.0,4.0,2.0,4.0,1,Frequent High-Value Customers,0
12619,10,762.115,7621.15,0.8333333333333334,3.4285714285714284,1.0,2.0,0,Occasional Moderate-Value Customers,0
12620,14,743.8621428571429,10414.07,1.1666666666666667,3.4166666666666665,5.0,6.0,1,Frequent High-Value Customers,0
12621,5,810.7860000000001,4053.9300000000003,0.4166666666666667,4.4,0.0,2.0,0,Occasional Moderate-Value Customers,0
12622,7,660.1957142857143,4621.37,0.5833333333333334,4.714285714285714,3.0,3.0,0,Occasional Moderate-Value Customers,0
12623,9,571.0011111111112,5139.01,0.75,2.7142857142857144,2.0,0.0,0,Occasional Moderate-Value Customers,0
12624,7,459.6742857142857,3217.72,0.5833333333333334,3.6,2.0,1.0,0,Occasional Moderate-Value Customers,0
12625,9,763.2466666666667,6869.22,0.75,3.875,2.0,3.0,0,Occasional Moderate-Value Customers,0
12626,15,667.734,10016.01,1.25,4.071428571428571,5.0,3.0,1,Frequent High-Value Customers,0
12627,18,678.1894444444445,12207.41,1.5,4.3125,7.0,6.0,1,Frequent High-Value Customers,0
12628,16,799.821875,12797.15,1.3333333333333333,4.384615384615385,7.0,4.0,1,Frequent High-Value Customers,0
12629,6,866.91,5201.46,0.5,4.166666666666667,2.0,2.0,0,Occasional Moderate-Value Customers,0
12630,10,691.644,6916.44,0.8333333333333334,4.111111111111111,2.0,4.0,0,Occasional Moderate-Value Customers,0
12631,14,561.1507142857142,7856.11,1.1666666666666667,3.5833333333333335,5.0,5.0,1,Frequent High-Value Customers,0
12632,12,627.0983333333334,7525.18,1.0,4.333333333333333,2.0,5.0,1,Frequent High-Value Customers,0
12633,16,791.709375,12667.35,1.3333333333333333,3.6,2.0,3.0,1,Frequent High-Value Customers,0
12634,14,442.11571428571426,6189.62,1.1666666666666667,4.2727272727272725,5.0,2.0,1,Frequent High-Value Customers,0
12635,13,850.6115384615385,11057.95,1.0833333333333333,4.083333333333333,3.0,5.0,1,Frequent High-Value Customers,0
12636,6,592.8116666666666,3556.87,0.5,4.2,1.0,0.0,0,Occasional Moderate-Value Customers,0
12637,10,789.984,7899.84,0.8333333333333334,3.6,7.0,2.0,1,Frequent High-Value Customers,0
12638,17,693.0794117647059,11782.35,1.4166666666666667,3.9285714285714284,9.0,3.0,1,Frequent High-Value Customers,-1
12639,14,738.09,10333.26,1.1666666666666667,3.8333333333333335,2.0,4.0,1,Frequent High-Value Customers,0
12640,10,657.3,6573.0,0.8333333333333334,3.4285714285714284,4.0,2.0,0,Occasional Moderate-Value Customers,0
12641,12,740.6124999999998,8887.349999999999,1.0,4.2727272727272725,3.0,3.0,1,Frequent High-Value Customers,0
12642,7,607.2571428571429,4250.8,0.5833333333333334,3.857142857142857,2.0,2.0,0,Occasional Moderate-Value Customers,0
12643,6,594.1433333333333,3564.86,0.5,4.0,2.0,0.0,0,Occasional Moderate-Value Customers,0
12644,9,646.5588888888889,5819.03,0.75,4.666666666666667,2.0,1.0,0,Occasional Moderate-Value Customers,0
12645,8,562.36375,4498.91,0.6666666666666666,3.5,1.0,4.0,0,Occasional Moderate-Value Customers,0
12646,14,787.3307142857142,11022.63,1.1666666666666667,3.2142857142857144,5.0,4.0,1,Frequent High-Value Customers,0
12647,12,600.5366666666667,7206.4400000000005,1.0,3.375,2.0,4.0,1,Frequent High-Value Customers,0
12648,16,955.5575,15288.92,1.3333333333333333,4.357142857142857,2.0,2.0,1,Frequent High-Value Customers,-1
12649,9,716.9711111111112,6452.740000000001,0.75,4.0,1.0,1.0,0,Occasional Moderate-Value Customers,0
12650,15,625.8566666666667,9387.85,1.25,3.7857142857142856,7.0,3.0,1,Frequent High-Value Customers,0
12651,9,941.2922222222221,8471.63,0.75,3.6666666666666665,2.0,4.0,1,Frequent High-Value Customers,0
12652,8,531.53625,4252.29,0.6666666666666666,3.7142857142857144,2.0,0.0,0,Occasional Moderate-Value Customers,0
12653,9,668.9244444444444,6020.32,0.75,4.0,2.0,2.0,0,Occasional Moderate-Value Customers,0
12654,12,744.83,8937.960000000001,1.0,4.0,1.0,4.0,1,Frequent High-Value Customers,0
12655,8,665.91125,5327.29,0.6666666666666666,4.571428571428571,1.0,2.0,0,Occasional Moderate-Value Customers,0
12656,9,667.1111111111111,6004.0,0.75,4.285714285714286,2.0,0.0,0,Occasional Moderate-Value Customers,0
12657,9,908.0855555555555,8172.7699999999995,0.75,3.375,0.0,4.0,0,Occasional Moderate-Value Customers,0
12658,13,872.1730769230769,11338.25,1.0833333333333333,3.923076923076923,4.0,4.0,1,Frequent High-Value Customers,0
12659,13,604.2769230769231,7855.6,1.0833333333333333,3.5,4.0,3.0,1,Frequent High-Value Customers,0
12660,7,517.9942857142858,3625.96,0.5833333333333334,3.4285714285714284,1.0,2.0,0,Occasional Moderate-Value Customers,0
12661,6,809.29,4855.74,0.5,3.0,2.0,2.0,0,Occasional Moderate-Value Customers,0
12662,13,840.4123076923078,10925.36,1.0833333333333333,4.3076923076923075,3.0,2.0,1,Frequent High-Value Customers,0
12663,12,750.8458333333333,9010.15,1.0,3.375,4.0,4.0,1,Frequent High-Value Customers,0
12664,10,486.88,4868.8,0.8333333333333334,3.111111111111111,2.0,1.0,0,Occasional Moderate-Value Customers,0
12665,9,773.6433333333333,6962.79,0.75,3.3333333333333335,3.0,2.0,0,Occasional Moderate-Value Customers,0
12666,16,604.286875,9668.59,1.3333333333333333,3.857142857142857,4.0,8.0,1,Frequent High-Value Customers,0
12667,8,522.41875,4179.35,0.6666666666666666,3.5,2.0,4.0,0,Occasional Moderate-Value Customers,0
12668,10,685.527,6855.27,0.8333333333333334,3.5555555555555554,3.0,2.0,0,Occasional Moderate-Value Customers,0
12669,8,862.2887499999999,6898.3099999999995,0.6666666666666666,3.6,4.0,1.0,0,Occasional Moderate-Value Customers,0
12670,7,1152.2242857142858,8065.57,0.5833333333333334,3.3333333333333335,1.0,1.0,0,Occasional Moderate-Value Customers,-1
12671,13,806.12,10479.56,1.0833333333333333,3.8181818181818183,3.0,6.0,1,Frequent High-Value Customers,0
12672,17,660.4823529411765,11228.2,1.4166666666666667,4.133333333333334,5.0,4.0,1,Frequent High-Value Customers,0
12673,11,587.5263636363636,6462.79,0.9166666666666666,3.25,2.0,4.0,1,Frequent High-Value Customers,0
12674,12,813.0266666666666,9756.32,1.0,3.6666666666666665,8.0,2.0,1,Frequent High-Value Customers,0
12675,12,668.9083333333333,8026.9,1.0,3.8333333333333335,6.0,1.0,1,Frequent High-Value Customers,0
12676,5,867.896,4339.48,0.4166666666666667,3.75,0.0,0.0,0,Occasional Moderate-Value Customers,0
12677,11,517.0563636363636,5687.62,0.9166666666666666,4.2,2.0,5.0,1,Frequent High-Value Customers,0
12678,11,605.2936363636363,6658.23,0.9166666666666666,4.125,3.0,4.0,1,Frequent High-Value Customers,0
12679,6,576.5916666666667,3459.55,0.5,2.6666666666666665,4.0,0.0,0,Occasional Moderate-Value Customers,-1
12680,8,566.2725,4530.18,0.6666666666666666,3.4285714285714284,0.0,3.0,0,Occasional Moderate-Value Customers,0
12681,14,600.9292857142857,8413.01,1.1666666666666667,3.7857142857142856,6.0,0.0,1,Frequent High-Value Customers,0
12682,10,728.9970000000001,7289.97,0.8333333333333334,3.8,4.0,2.0,1,Frequent High-Value Customers,0
12683,3,825.1166666666668,2475.3500000000004,0.25,5.0,1.0,1.0,0,Occasional Moderate-Value Customers,0
12684,8,605.38125,4843.05,0.6666666666666666,3.75,4.0,1.0,0,Occasional Moderate-Value Customers,0
12685,12,575.0566666666667,6900.68,1.0,4.0,5.0,4.0,1,Frequent High-Value Customers,0
12686,6,576.9883333333333,3461.93,0.5,4.333333333333333,2.0,0.0,0,Occasional Moderate-Value Customers,0
12687,7,780.6442857142857,5464.51,0.5833333333333334,4.8,0.0,2.0,0,Occasional Moderate-Value Customers,0
12688,6,895.89,5375.34,0.5,4.2,3.0,4.0,0,Occasional Moderate-Value Customers,0
12689,9,797.6066666666667,7178.46,0.75,3.7777777777777777,4.0,3.0,0,Occasional Moderate-Value Customers,0
12690,10,603.8199999999999,6038.2,0.8333333333333334,3.5,3.0,3.0,0,Occasional Moderate-Value Customers,0
12691,8,514.64375,4117.15,0.6666666666666666,3.0,2.0,2.0,0,Occasional Moderate-Value Customers,0
12692,8,609.7275,4877.82,0.6666666666666666,4.4,2.0,3.0,0,Occasional Moderate-Value Customers,0
12693,10,547.7270000000001,5477.27,0.8333333333333334,3.6,3.0,2.0,0,Occasional Moderate-Value Customers,0
12694,14,650.2757142857143,9103.86,1.1666666666666667,3.4615384615384617,6.0,4.0,1,Frequent High-Value Customers,0
12695,9,797.1144444444444,7174.03,0.75,3.888888888888889,2.0,4.0,0,Occasional Moderate-Value Customers,0
12696,12,748.5966666666667,8983.16,1.0,3.6363636363636362,3.0,2.0,1,Frequent High-Value Customers,0
12697,13,645.3307692307692,8389.3,1.0833333333333333,3.6363636363636362,1.0,3.0,1,Frequent High-Value Customers,0
12698,8,629.69625,5037.57,0.6666666666666666,3.857142857142857,4.0,1.0,0,Occasional Moderate-Value Customers,0
12699,6,960.735,5764.41,0.5,3.6666666666666665,2.0,2.0,0,Occasional Moderate-Value Customers,0
12700,15,686.5253333333334,10297.880000000001,1.25,4.133333333333334,7.0,5.0,1,Frequent High-Value Customers,0
12701,7,851.3900000000001,5959.7300000000005,0.5833333333333334,4.714285714285714,1.0,2.0,0,Occasional Moderate-Value Customers,0
12702,12,752.7041666666668,9032.45,1.0,3.090909090909091,5.0,5.0,1,Frequent High-Value Customers,0
12703,13,676.0269230769231,8788.35,1.0833333333333333,3.3076923076923075,5.0,2.0,1,Frequent High-Value Customers,0
12704,13,998.246923076923,12977.21,1.0833333333333333,4.25,5.0,2.0,1,Frequent High-Value Customers,0
12705,7,1023.3628571428571,7163.54,0.5833333333333334,3.0,0.0,2.0,0,Occasional Moderate-Value Customers,-1
12706,11,627.7981818181818,6905.78,0.9166666666666666,4.181818181818182,3.0,1.0,0,Occasional Moderate-Value Customers,0
12707,6,780.4816666666667,4682.89,0.5,2.8333333333333335,3.0,0.0,0,Occasional Moderate-Value Customers,0
12708,11,791.0890909090908,8701.98,0.9166666666666666,3.8,1.0,3.0,1,Frequent High-Value Customers,0
12709,12,930.6591666666667,11167.91,1.0,3.6666666666666665,4.0,1.0,1,Frequent High-Value Customers,0
12710,12,810.475,9725.7,1.0,4.25,3.0,2.0,1,Frequent High-Value Customers,0
12711,6,578.315,3469.8900000000003,0.5,3.5,2.0,1.0,0,Occasional Moderate-Value Customers,0
12712,12,748.7491666666666,8984.99,1.0,4.222222222222222,4.0,2.0,1,Frequent High-Value Customers,0
12713,5,625.722,3128.6099999999997,0.4166666666666667,3.4,2.0,2.0,0,Occasional Moderate-Value Customers,0
12714,9,544.6211111111111,4901.59,0.75,4.125,2.0,2.0,0,Occasional Moderate-Value Customers,0
12715,6,468.595,2811.57,0.5,4.25,3.0,1.0,0,Occasional Moderate-Value Customers,0
12716,14,513.3992857142857,7187.59,1.1666666666666667,3.7,4.0,3.0,1,Frequent High-Value Customers,0
12717,6,1007.1716666666666,6043.03,0.5,3.6666666666666665,1.0,1.0,0,Occasional Moderate-Value Customers,0
12718,8,608.67,4869.36,0.6666666666666666,3.7142857142857144,5.0,1.0,0,Occasional Moderate-Value Customers,0
12719,9,494.7155555555555,4452.44,0.75,3.8333333333333335,1.0,3.0,0,Occasional Moderate-Value Customers,0
12720,16,560.24875,8963.98,1.3333333333333333,4.076923076923077,7.0,3.0,1,Frequent High-Value Customers,0
12721,13,795.0446153846153,10335.58,1.0833333333333333,3.9166666666666665,5.0,1.0,1,Frequent High-Value Customers,0
12722,15,1034.364,15515.46,1.25,4.0,7.0,5.0,1,Frequent High-Value Customers,-1
12723,10,728.62,7286.2,0.8333333333333334,4.571428571428571,2.0,0.0,0,Occasional Moderate-Value Customers,0
12724,11,686.3281818181817,7549.61,0.9166666666666666,3.7777777777777777,1.0,3.0,1,Frequent High-Value Customers,0
12725,9,791.0366666666666,7119.33,0.75,4.428571428571429,1.0,2.0,0,Occasional Moderate-Value Customers,0
12726,9,577.5233333333333,5197.71,0.75,3.888888888888889,1.0,4.0,0,Occasional Moderate-Value Customers,0
12727,11,669.4163636363636,7363.58,0.9166666666666666,3.9,6.0,5.0,1,Frequent High-Value Customers,0
12728,8,489.93375,3919.47,0.6666666666666666,3.5,1.0,4.0,0,Occasional Moderate-Value Customers,0
12729,11,623.6572727272727,6860.23,0.9166666666666666,3.4444444444444446,2.0,3.0,1,Frequent High-Value Customers,0
12730,10,784.682,7846.82,0.8333333333333334,4.0,2.0,1.0,0,Occasional Moderate-Value Customers,0
12731,9,789.7477777777777,7107.73,0.75,3.6666666666666665,2.0,1.0,0,Occasional Moderate-Value Customers,0
12732,5,487.55999999999995,2437.7999999999997,0.4166666666666667,4.333333333333333,2.0,1.0,0,Occasional Moderate-Value Customers,0
12733,13,809.1684615384615,10519.19,1.0833333333333333,3.8461538461538463,4.0,4.0,1,Frequent High-Value Customers,0
12734,11,638.6236363636364,7024.86,0.9166666666666666,3.5555555555555554,2.0,2.0,0,Occasional Moderate-Value Customers,0
12735,8,952.73375,7621.87,0.6666666666666666,3.625,1.0,1.0,0,Occasional Moderate-Value Customers,0
12736,14,609.2921428571428,8530.09,1.1666666666666667,3.230769230769231,5.0,5.0,1,Frequent High-Value Customers,0
12737,8,789.07125,6312.57,0.6666666666666666,4.142857142857143,4.0,1.0,0,Occasional Moderate-Value Customers,0
12738,6,740.1833333333334,4441.1,0.5,3.0,3.0,0.0,0,Occasional Moderate-Value Customers,0
12739,10,722.0899999999999,7220.9,0.8333333333333334,3.9,4.0,2.0,1,Frequent High-Value Customers,0
12740,10,493.178,4931.78,0.8333333333333334,3.4444444444444446,2.0,1.0,0,Occasional Moderate-Value Customers,0
12741,11,690.8381818181819,7599.22,0.9166666666666666,2.9,3.0,1.0,1,Frequent High-Value Customers,0
12742,8,619.675,4957.4,0.6666666666666666,4.375,1.0,1.0,0,Occasional Moderate-Value Customers,0
12743,15,613.7486666666666,9206.23,1.25,3.8,2.0,4.0,1,Frequent High-Value Customers,0
12744,11,628.0745454545454,6908.82,0.9166666666666666,4.090909090909091,4.0,1.0,1,Frequent High-Value Customers,0
12745,11,531.52,5846.72,0.9166666666666666,3.5454545454545454,5.0,5.0,1,Frequent High-Value Customers,0
12746,14,581.5471428571428,8141.66,1.1666666666666667,4.0,2.0,6.0,1,Frequent High-Value Customers,0
12747,12,628.2175,7538.61,1.0,2.7777777777777777,1.0,3.0,1,Frequent High-Value Customers,-1
12748,13,622.1530769230769,8087.99,1.0833333333333333,3.8,6.0,3.0,1,Frequent High-Value Customers,0
12749,13,735.9738461538461,9567.66,1.0833333333333333,4.2727272727272725,5.0,3.0,1,Frequent High-Value Customers,0
12750,20,681.9984999999999,13639.97,1.6666666666666667,3.8947368421052633,8.0,5.0,1,Frequent High-Value Customers,-1
12751,12,420.68,5048.16,1.0,4.363636363636363,2.0,2.0,0,Occasional Moderate-Value Customers,0
12752,15,488.3346666666667,7325.02,1.25,3.857142857142857,4.0,0.0,1,Frequent High-Value Customers,0
12753,14,795.0278571428572,11130.390000000001,1.1666666666666667,3.9285714285714284,4.0,3.0,1,Frequent High-Value Customers,0
12754,9,624.228888888889,5618.06,0.75,3.888888888888889,3.0,2.0,0,Occasional Moderate-Value Customers,0
12755,7,708.8828571428572,4962.18,0.5833333333333334,4.0,0.0,1.0,0,Occasional Moderate-Value Customers,0
12756,10,443.62,4436.2,0.8333333333333334,4.142857142857143,1.0,5.0,0,Occasional Moderate-Value Customers,0
12757,11,929.8045454545455,10227.85,0.9166666666666666,4.1,6.0,4.0,1,Frequent High-Value Customers,0
12758,6,663.7716666666666,3982.63,0.5,4.666666666666667,0.0,0.0,0,Occasional Moderate-Value Customers,0
12759,5,1222.232,6111.16,0.4166666666666667,3.6666666666666665,2.0,2.0,0,Occasional Moderate-Value Customers,-1
12760,11,888.2827272727274,9771.11,0.9166666666666666,4.2,2.0,5.0,1,Frequent High-Value Customers,0
12761,5,704.124,3520.62,0.4166666666666667,4.6,2.0,0.0,0,Occasional Moderate-Value Customers,0
12762,9,862.4055555555556,7761.650000000001,0.75,4.375,3.0,2.0,0,Occasional Moderate-Value Customers,0
12763,10,669.769,6697.6900000000005,0.8333333333333334,3.7,2.0,1.0,0,Occasional Moderate-Value Customers,0
12764,9,745.2322222222223,6707.09,0.75,3.75,1.0,2.0,0,Occasional Moderate-Value Customers,0
12765,9,731.0166666666667,6579.15,0.75,3.2857142857142856,4.0,3.0,0,Occasional Moderate-Value Customers,0
12766,11,542.39,5966.29,0.9166666666666666,2.4285714285714284,1.0,2.0,0,Occasional Moderate-Value Customers,-1
12767,3,363.15000000000003,1089.45,0.25,3.5,1.0,0.0,0,Occasional Moderate-Value Customers,-1
12768,11,766.7709090909091,8434.48,0.9166666666666666,4.222222222222222,5.0,2.0,1,Frequent High-Value Customers,0
12769,9,412.1166666666667,3709.05,0.75,3.5,2.0,3.0,0,Occasional Moderate-Value Customers,0
12770,8,649.09875,5192.79,0.6666666666666666,4.125,1.0,0.0,0,Occasional Moderate-Value Customers,0
12771,6,330.62666666666667,1983.76,0.5,4.5,1.0,2.0,0,Occasional Moderate-Value Customers,0
12772,14,751.9264285714287,10526.970000000001,1.1666666666666667,3.357142857142857,4.0,4.0,1,Frequent High-Value Customers,0
12773,10,832.1229999999999,8321.23,0.8333333333333334,3.8,1.0,2.0,0,Occasional Moderate-Value Customers,0
12774,14,593.1485714285715,8304.08,1.1666666666666667,3.923076923076923,5.0,3.0,1,Frequent High-Value Customers,0
12775,13,736.59,9575.67,1.0833333333333333,4.3,2.0,5.0,1,Frequent High-Value Customers,0
12776,12,584.2358333333333,7010.83,1.0,3.3333333333333335,2.0,3.0,1,Frequent High-Value Customers,0
12777,9,845.281111111111,7607.53,0.75,4.111111111111111,4.0,2.0,0,Occasional Moderate-Value Customers,0
12778,9,556.5300000000001,5008.77,0.75,3.125,3.0,3.0,0,Occasional Moderate-Value Customers,0
12779,8,527.39875,4219.19,0.6666666666666666,4.142857142857143,2.0,2.0,0,Occasional Moderate-Value Customers,0
12780,7,532.8128571428572,3729.69,0.5833333333333334,3.7142857142857144,1.0,1.0,0,Occasional Moderate-Value Customers,0
12781,11,616.3227272727273,6779.55,0.9166666666666666,4.0,6.0,1.0,1,Frequent High-Value Customers,0
12782,16,731.435625,11702.97,1.3333333333333333,3.857142857142857,2.0,2.0,1,Frequent High-Value Customers,0
12783,12,622.9191666666667,7475.030000000001,1.0,4.5,2.0,5.0,1,Frequent High-Value Customers,0
12784,7,498.9142857142857,3492.4,0.5833333333333334,4.166666666666667,2.0,2.0,0,Occasional Moderate-Value Customers,0
12785,12,563.2491666666666,6758.99,1.0,3.8333333333333335,4.0,3.0,1,Frequent High-Value Customers,0
12786,12,1089.8125,13077.75,1.0,3.1,0.0,3.0,1,Frequent High-Value Customers,-1
12787,9,782.8088888888889,7045.28,0.75,3.6666666666666665,2.0,4.0,0,Occasional Moderate-Value Customers,0
12788,11,476.81363636363636,5244.95,0.9166666666666666,4.0,3.0,3.0,0,Occasional Moderate-Value Customers,0
12789,9,714.1077777777778,6426.97,0.75,3.875,2.0,2.0,0,Occasional Moderate-Value Customers,0
12790,16,750.191875,12003.07,1.3333333333333333,3.923076923076923,5.0,5.0,1,Frequent High-Value Customers,0
12791,12,922.4066666666666,11068.88,1.0,3.5833333333333335,4.0,2.0,1,Frequent High-Value Customers,0
12792,8,741.75125,5934.01,0.6666666666666666,3.125,3.0,3.0,0,Occasional Moderate-Value Customers,0
12793,6,613.91,3683.46,0.5,4.666666666666667,2.0,2.0,0,Occasional Moderate-Value Customers,0
12794,7,731.1857142857143,5118.3,0.5833333333333334,4.285714285714286,3.0,2.0,0,Occasional Moderate-Value Customers,0
12795,11,643.81,7081.91,0.9166666666666666,3.7777777777777777,3.0,2.0,1,Frequent High-Value Customers,0
12796,14,470.03285714285715,6580.46,1.1666666666666667,3.857142857142857,2.0,7.0,1,Frequent High-Value Customers,-1
12797,8,747.80875,5982.47,0.6666666666666666,4.285714285714286,2.0,3.0,0,Occasional Moderate-Value Customers,0
12798,11,525.0536363636364,5775.59,0.9166666666666666,3.7,3.0,6.0,1,Frequent High-Value Customers,0
12799,13,663.4076923076923,8624.3,1.0833333333333333,3.923076923076923,4.0,3.0,1,Frequent High-Value Customers,0
12800,10,603.731,6037.31,0.8333333333333334,4.25,3.0,3.0,0,Occasional Moderate-Value Customers,0
12801,8,597.32375,4778.59,0.6666666666666666,3.857142857142857,3.0,2.0,0,Occasional Moderate-Value Customers,0
12802,12,686.6875,8240.25,1.0,3.888888888888889,1.0,2.0,1,Frequent High-Value Customers,0
12803,9,580.0522222222222,5220.47,0.75,3.0,1.0,2.0,0,Occasional Moderate-Value Customers,0
12804,9,633.5188888888889,5701.67,0.75,4.666666666666667,2.0,3.0,0,Occasional Moderate-Value Customers,0
12805,12,792.375,9508.5,1.0,3.888888888888889,2.0,1.0,1,Frequent High-Value Customers,0
12806,11,684.1454545454545,7525.6,0.9166666666666666,3.7777777777777777,5.0,3.0,1,Frequent High-Value Customers,0
12807,11,637.7427272727273,7015.17,0.9166666666666666,4.454545454545454,2.0,3.0,1,Frequent High-Value Customers,0
12808,5,831.492,4157.46,0.4166666666666667,3.0,1.0,3.0,0,Occasional Moderate-Value Customers,0
12809,8,555.4075,4443.26,0.6666666666666666,3.625,1.0,1.0,0,Occasional Moderate-Value Customers,0
12810,12,734.2141666666666,8810.57,1.0,4.3,5.0,4.0,1,Frequent High-Value Customers,0
12811,10,666.708,6667.08,0.8333333333333334,4.5,2.0,3.0,0,Occasional Moderate-Value Customers,0
12812,14,548.8028571428571,7683.24,1.1666666666666667,3.75,3.0,2.0,1,Frequent High-Value Customers,0
12813,13,687.6976923076923,8940.07,1.0833333333333333,4.1,6.0,2.0,1,Frequent High-Value Customers,0
12814,8,833.6999999999999,6669.599999999999,0.6666666666666666,4.125,2.0,0.0,0,Occasional Moderate-Value Customers,0
12815,5,867.6139999999999,4338.07,0.4166666666666667,3.75,0.0,2.0,0,Occasional Moderate-Value Customers,0
12816,8,543.05,4344.4,0.6666666666666666,3.3333333333333335,3.0,1.0,0,Occasional Moderate-Value Customers,0
12817,12,769.055,9228.66,1.0,3.75,7.0,3.0,1,Frequent High-Value Customers,0
12818,11,635.300909090909,6988.3099999999995,0.9166666666666666,3.7,4.0,0.0,0,Occasional Moderate-Value Customers,0
12819,11,586.0627272727272,6446.69,0.9166666666666666,4.4,3.0,1.0,0,Occasional Moderate-Value Customers,0
12820,9,624.3288888888889,5618.96,0.75,4.555555555555555,1.0,1.0,0,Occasional Moderate-Value Customers,0
12821,13,761.8984615384616,9904.68,1.0833333333333333,3.9166666666666665,3.0,1.0,1,Frequent High-Value Customers,0
12822,7,968.6742857142857,6780.72,0.5833333333333334,3.6666666666666665,2.0,5.0,0,Occasional Moderate-Value Customers,0
12823,10,554.99,5549.9,0.8333333333333334,3.625,4.0,1.0,0,Occasional Moderate-Value Customers,0
12824,13,782.6084615384615,10173.91,1.0833333333333333,3.25,6.0,2.0,1,Frequent High-Value Customers,0
12825,11,634.6236363636364,6980.86,0.9166666666666666,4.0,7.0,3.0,1,Frequent High-Value Customers,0
12826,12,586.63,7039.5599999999995,1.0,3.8,2.0,4.0,1,Frequent High-Value Customers,0
12827,7,543.7771428571428,3806.44,0.5833333333333334,4.0,1.0,0.0,0,Occasional Moderate-Value Customers,0
12828,14,819.4714285714286,11472.6,1.1666666666666667,4.384615384615385,7.0,3.0,1,Frequent High-Value Customers,0
12829,17,655.135294117647,11137.3,1.4166666666666667,3.4615384615384617,5.0,3.0,1,Frequent High-Value Customers,0
12830,10,760.691,7606.91,0.8333333333333334,4.5,3.0,6.0,1,Frequent High-Value Customers,0
12831,11,505.53545454545457,5560.89,0.9166666666666666,4.0,3.0,5.0,1,Frequent High-Value Customers,0
12832,10,605.205,6052.05,0.8333333333333334,3.3333333333333335,6.0,2.0,1,Frequent High-Value Customers,0
12833,16,661.91875,10590.7,1.3333333333333333,4.461538461538462,6.0,2.0,1,Frequent High-Value Customers,0
12834,9,685.9388888888889,6173.45,0.75,4.25,1.0,1.0,0,Occasional Moderate-Value Customers,0
12835,13,661.0846153846154,8594.1,1.0833333333333333,4.153846153846154,4.0,4.0,1,Frequent High-Value Customers,0
12836,17,636.5211764705882,10820.86,1.4166666666666667,4.1875,9.0,6.0,1,Frequent High-Value Customers,-1
12837,7,841.1257142857143,5887.88,0.5833333333333334,3.5714285714285716,1.0,1.0,0,Occasional Moderate-Value Customers,0
12838,15,720.8079999999999,10812.119999999999,1.25,3.9166666666666665,6.0,1.0,1,Frequent High-Value Customers,0
12839,14,667.01,9338.14,1.1666666666666667,4.153846153846154,1.0,5.0,1,Frequent High-Value Customers,0
12840,14,596.3807142857142,8349.33,1.1666666666666667,3.6153846153846154,3.0,2.0,1,Frequent High-Value Customers,0
12841,11,408.0845454545455,4488.93,0.9166666666666666,3.5555555555555554,5.0,0.0,0,Occasional Moderate-Value Customers,-1
12842,6,490.56166666666667,2943.37,0.5,4.0,1.0,2.0,0,Occasional Moderate-Value Customers,0
12843,10,689.592,6895.92,0.8333333333333334,3.5,2.0,2.0,0,Occasional Moderate-Value Customers,0
12844,7,620.37,4342.59,0.5833333333333334,4.428571428571429,1.0,1.0,0,Occasional Moderate-Value Customers,0
12845,9,522.4833333333332,4702.349999999999,0.75,4.0,0.0,2.0,0,Occasional Moderate-Value Customers,0
12846,9,744.3144444444445,6698.83,0.75,4.222222222222222,1.0,3.0,0,Occasional Moderate-Value Customers,0
12847,2,834.5550000000001,1669.1100000000001,0.16666666666666666,4.0,1.0,0.0,0,Occasional Moderate-Value Customers,0
12848,12,679.8208333333333,8157.85,1.0,3.4545454545454546,3.0,2.0,1,Frequent High-Value Customers,0
12849,15,728.454,10926.81,1.25,3.642857142857143,2.0,6.0,1,Frequent High-Value Customers,0
12850,11,664.9909090909091,7314.9,0.9166666666666666,4.625,3.0,2.0,1,Frequent High-Value Customers,0
12851,11,878.5100000000001,9663.61,0.9166666666666666,4.125,5.0,4.0,1,Frequent High-Value Customers,0
12852,12,763.9666666666667,9167.6,1.0,3.3,0.0,1.0,1,Frequent High-Value Customers,-1
12853,11,633.5154545454545,6968.67,0.9166666666666666,4.555555555555555,2.0,4.0,1,Frequent High-Value Customers,0
12854,6,553.5966666666667,3321.58,0.5,3.4,2.0,2.0,0,Occasional Moderate-Value Customers,0
12855,15,458.78866666666664,6881.83,1.25,4.466666666666667,7.0,6.0,1,Frequent High-Value Customers,-1
12856,9,580.8444444444444,5227.6,0.75,4.142857142857143,3.0,2.0,0,Occasional Moderate-Value Customers,0
12857,9,600.9566666666666,5408.61,0.75,3.0,3.0,1.0,0,Occasional Moderate-Value Customers,0
12858,11,682.5154545454545,7507.67,0.9166666666666666,3.8,1.0,2.0,0,Occasional Moderate-Value Customers,0
12859,10,710.014,7100.14,0.8333333333333334,4.222222222222222,0.0,0.0,0,Occasional Moderate-Value Customers,0
12860,9,746.5122222222221,6718.61,0.75,4.444444444444445,3.0,2.0,0,Occasional Moderate-Value Customers,0
12861,11,610.2454545454545,6712.7,0.9166666666666666,3.6666666666666665,5.0,2.0,1,Frequent High-Value Customers,0
12862,9,942.1722222222221,8479.55,0.75,3.7142857142857144,1.0,4.0,0,Occasional Moderate-Value Customers,0
12863,5,633.8779999999999,3169.39,0.4166666666666667,4.5,2.0,2.0,0,Occasional Moderate-Value Customers,0
12864,10,797.0110000000001,7970.110000000001,0.8333333333333334,4.0,3.0,4.0,1,Frequent High-Value Customers,0
12865,9,812.8766666666667,7315.89,0.75,3.6666666666666665,4.0,1.0,0,Occasional Moderate-Value Customers,0
12866,12,647.2841666666667,7767.41,1.0,3.727272727272727,4.0,2.0,1,Frequent High-Value Customers,0
12867,11,604.0209090909091,6644.23,0.9166666666666666,4.285714285714286,1.0,5.0,1,Frequent High-Value Customers,0
12868,9,530.7822222222222,4777.04,0.75,4.25,4.0,3.0,0,Occasional Moderate-Value Customers,0
12869,6,621.8716666666667,3731.23,0.5,4.166666666666667,2.0,1.0,0,Occasional Moderate-Value Customers,0
12870,10,747.113,7471.13,0.8333333333333334,3.7,3.0,3.0,1,Frequent High-Value Customers,0
12871,9,947.1722222222221,8524.55,0.75,4.666666666666667,2.0,2.0,0,Occasional Moderate-Value Customers,0
12872,8,755.225,6041.8,0.6666666666666666,4.285714285714286,4.0,2.0,0,Occasional Moderate-Value Customers,0
12873,8,453.02,3624.16,0.6666666666666666,4.571428571428571,1.0,0.0,0,Occasional Moderate-Value Customers,-1
12874,9,519.2855555555556,4673.57,0.75,3.875,3.0,3.0,0,Occasional Moderate-Value Customers,0
12875,12,693.71,8324.52,1.0,4.142857142857143,6.0,3.0,1,Frequent High-Value Customers,0
12876,8,469.23,3753.84,0.6666666666666666,3.625,1.0,3.0,0,Occasional Moderate-Value Customers,0
12877,8,712.92375,5703.39,0.6666666666666666,4.428571428571429,5.0,0.0,0,Occasional Moderate-Value Customers,0
12878,18,810.1161111111111,14582.09,1.5,3.9411764705882355,7.0,8.0,1,Frequent High-Value Customers,-1
12879,3,835.2366666666667,2505.71,0.25,4.333333333333333,0.0,1.0,0,Occasional Moderate-Value Customers,0
12880,7,720.9228571428572,5046.46,0.5833333333333334,4.285714285714286,5.0,2.0,0,Occasional Moderate-Value Customers,0
12881,12,587.1850000000001,7046.22,1.0,3.8,5.0,5.0,1,Frequent High-Value Customers,0
12882,8,549.38625,4395.09,0.6666666666666666,3.6666666666666665,3.0,3.0,0,Occasional Moderate-Value Customers,0
12883,9,783.0777777777778,7047.7,0.75,3.7142857142857144,3.0,3.0,0,Occasional Moderate-Value Customers,0
12884,12,606.3575,7276.29,1.0,4.363636363636363,2.0,3.0,1,Frequent High-Value Customers,0
12885,14,852.2971428571428,11932.16,1.1666666666666667,3.769230769230769,4.0,1.0,1,Frequent High-Value Customers,0
12886,12,592.35,7108.2,1.0,3.6363636363636362,2.0,4.0,1,Frequent High-Value Customers,0
12887,17,680.2335294117647,11563.97,1.4166666666666667,4.266666666666667,4.0,6.0,1,Frequent High-Value Customers,0
12888,13,653.8607692307693,8500.19,1.0833333333333333,4.0,2.0,1.0,1,Frequent High-Value Customers,0
12889,4,825.7425000000001,3302.9700000000003,0.3333333333333333,4.25,0.0,0.0,0,Occasional Moderate-Value Customers,0
12890,8,574.55,4596.4,0.6666666666666666,4.285714285714286,1.0,1.0,0,Occasional Moderate-Value Customers,0
12891,12,781.9391666666667,9383.27,1.0,4.1,5.0,3.0,1,Frequent High-Value Customers,0
12892,8,599.2475000000001,4793.9800000000005,0.6666666666666666,3.375,2.0,4.0,0,Occasional Moderate-Value Customers,0
12893,7,754.8485714285714,5283.94,0.5833333333333334,4.0,3.0,1.0,0,Occasional Moderate-Value Customers,0
12894,7,601.8457142857143,4212.92,0.5833333333333334,3.4285714285714284,3.0,3.0,0,Occasional Moderate-Value Customers,0
12895,9,678.83,6109.47,0.75,4.888888888888889,3.0,0.0,0,Occasional Moderate-Value Customers,0
12896,4,672.1725,2688.69,0.3333333333333333,4.666666666666667,0.0,0.0,0,Occasional Moderate-Value Customers,0
12897,7,844.7228571428572,5913.06,0.5833333333333334,4.285714285714286,0.0,2.0,0,Occasional Moderate-Value Customers,0
12898,16,643.323125,10293.17,1.3333333333333333,3.8666666666666667,3.0,7.0,1,Frequent High-Value Customers,0
12899,5,844.376,4221.88,0.4166666666666667,3.8,3.0,2.0,0,Occasional Moderate-Value Customers,0
12900,15,731.2479999999999,10968.72,1.25,4.454545454545454,5.0,4.0,1,Frequent High-Value Customers,0
12901,11,744.0936363636364,8185.03,0.9166666666666666,4.0,3.0,3.0,1,Frequent High-Value Customers,0
12902,12,797.4383333333334,9569.26,1.0,3.8181818181818183,5.0,5.0,1,Frequent High-Value Customers,0
12903,8,736.5550000000001,5892.4400000000005,0.6666666666666666,4.285714285714286,3.0,4.0,0,Occasional Moderate-Value Customers,0
12904,9,586.0833333333334,5274.75,0.75,4.111111111111111,1.0,3.0,0,Occasional Moderate-Value Customers,0
12905,8,999.345,7994.76,0.6666666666666666,3.875,2.0,1.0,0,Occasional Moderate-Value Customers,0
12906,9,760.968888888889,6848.72,0.75,4.111111111111111,2.0,2.0,0,Occasional Moderate-Value Customers,0
12907,6,740.9783333333334,4445.87,0.5,3.8,0.0,3.0,0,Occasional Moderate-Value Customers,0
12908,18,546.69,9840.42,1.5,3.533333333333333,6.0,6.0,1,Frequent High-Value Customers,-1
12909,8,774.71,6197.68,0.6666666666666666,2.857142857142857,2.0,2.0,0,Occasional Moderate-Value Customers,0
12910,8,453.53999999999996,3628.3199999999997,0.6666666666666666,4.0,3.0,2.0,0,Occasional Moderate-Value Customers,0
12911,14,717.72,10048.08,1.1666666666666667,4.2,4.0,4.0,1,Frequent High-Value Customers,0
12912,15,693.6593333333333,10404.89,1.25,3.7857142857142856,2.0,6.0,1,Frequent High-Value Customers,0
12913,12,1093.5883333333334,13123.06,1.0,4.2,6.0,5.0,1,Frequent High-Value Customers,-1
12914,9,677.5077777777778,6097.570000000001,0.75,3.7777777777777777,4.0,3.0,0,Occasional Moderate-Value Customers,0
12915,7,525.1514285714286,3676.06,0.5833333333333334,4.285714285714286,5.0,1.0,0,Occasional Moderate-Value Customers,0
12916,11,614.919090909091,6764.110000000001,0.9166666666666666,2.9,2.0,2.0,0,Occasional Moderate-Value Customers,0
12917,11,561.5490909090909,6177.04,0.9166666666666666,2.7777777777777777,5.0,0.0,0,Occasional Moderate-Value Customers,-1
12918,7,661.5542857142857,4630.88,0.5833333333333334,4.166666666666667,4.0,2.0,0,Occasional Moderate-Value Customers,0
12919,8,601.06125,4808.49,0.6666666666666666,4.142857142857143,1.0,3.0,0,Occasional Moderate-Value Customers,0
12920,9,683.9522222222222,6155.57,0.75,3.6666666666666665,3.0,0.0,0,Occasional Moderate-Value Customers,0
12921,14,621.3264285714286,8698.57,1.1666666666666667,4.3076923076923075,3.0,2.0,1,Frequent High-Value Customers,0
12922,6,959.9383333333334,5759.63,0.5,3.8333333333333335,1.0,3.0,0,Occasional Moderate-Value Customers,0
12923,13,666.0830769230769,8659.08,1.0833333333333333,4.5,6.0,4.0,1,Frequent High-Value Customers,0
12924,8,622.98125,4983.85,0.6666666666666666,4.0,3.0,1.0,0,Occasional Moderate-Value Customers,0
12925,11,676.9954545454545,7446.95,0.9166666666666666,3.7777777777777777,1.0,2.0,0,Occasional Moderate-Value Customers,0
12926,14,512.28,7171.92,1.1666666666666667,3.5714285714285716,2.0,3.0,1,Frequent High-Value Customers,0
12927,9,741.9522222222222,6677.57,0.75,3.7777777777777777,1.0,2.0,0,Occasional Moderate-Value Customers,0
12928,16,761.12375,12177.98,1.3333333333333333,4.125,7.0,4.0,1,Frequent High-Value Customers,0
12929,9,589.4266666666667,5304.84,0.75,3.5,1.0,3.0,0,Occasional Moderate-Value Customers,0
12930,6,806.1700000000001,4837.02,0.5,4.333333333333333,0.0,1.0,0,Occasional Moderate-Value Customers,0
12931,9,790.5477777777778,7114.93,0.75,4.125,1.0,1.0,0,Occasional Moderate-Value Customers,0
12932,5,628.13,3140.65,0.4166666666666667,4.0,2.0,2.0,0,Occasional Moderate-Value Customers,0
12933,10,573.0229999999999,5730.23,0.8333333333333334,4.0,3.0,1.0,0,Occasional Moderate-Value Customers,0
12934,12,1049.2833333333333,12591.4,1.0,3.25,2.0,3.0,1,Frequent High-Value Customers,-1
12935,9,644.6811111111111,5802.13,0.75,4.0,4.0,2.0,0,Occasional Moderate-Value Customers,0
12936,6,373.28000000000003,2239.6800000000003,0.5,4.166666666666667,2.0,1.0,0,Occasional Moderate-Value Customers,0
12937,8,472.91875,3783.35,0.6666666666666666,3.857142857142857,2.0,2.0,0,Occasional Moderate-Value Customers,0
12938,9,774.1933333333333,6967.74,0.75,3.125,1.0,2.0,0,Occasional Moderate-Value Customers,0
12939,12,759.5133333333333,9114.16,1.0,4.0,5.0,0.0,1,Frequent High-Value Customers,0
12940,9,479.9222222222222,4319.3,0.75,4.125,3.0,3.0,0,Occasional Moderate-Value Customers,0
12941,11,580.0663636363636,6380.73,0.9166666666666666,3.909090909090909,1.0,7.0,1,Frequent High-Value Customers,0
12942,7,538.5028571428571,3769.52,0.5833333333333334,3.857142857142857,1.0,1.0,0,Occasional Moderate-Value Customers,0
12943,12,787.7025,9452.43,1.0,3.5,5.0,4.0,1,Frequent High-Value Customers,0
12944,2,337.545,675.09,0.16666666666666666,4.0,0.0,0.0,0,Occasional Moderate-Value Customers,-1
12945,11,612.0154545454545,6732.17,0.9166666666666666,3.9,2.0,2.0,0,Occasional Moderate-Value Customers,0
12946,13,687.2238461538461,8933.91,1.0833333333333333,4.153846153846154,4.0,0.0,1,Frequent High-Value Customers,0
12947,11,537.8409090909091,5916.25,0.9166666666666666,3.6666666666666665,3.0,4.0,1,Frequent High-Value Customers,0
12948,3,375.93,1127.79,0.25,3.3333333333333335,0.0,0.0,0,Occasional Moderate-Value Customers,-1
12949,12,674.4491666666667,8093.39,1.0,4.090909090909091,2.0,2.0,1,Frequent High-Value Customers,0
12950,16,758.218125,12131.49,1.3333333333333333,3.6666666666666665,6.0,4.0,1,Frequent High-Value Customers,0
12951,10,566.4590000000001,5664.59,0.8333333333333334,3.7777777777777777,3.0,1.0,0,Occasional Moderate-Value Customers,0
12952,8,722.745,5781.96,0.6666666666666666,3.25,1.0,3.0,0,Occasional Moderate-Value Customers,0
12953,8,475.44375,3803.55,0.6666666666666666,4.0,2.0,3.0,0,Occasional Moderate-Value Customers,0
12954,13,769.036923076923,9997.48,1.0833333333333333,3.727272727272727,2.0,0.0,1,Frequent High-Value Customers,0
12955,9,854.4911111111111,7690.42,0.75,3.625,2.0,5.0,1,Frequent High-Value Customers,0
12956,12,733.6491666666666,8803.789999999999,1.0,4.166666666666667,5.0,6.0,1,Frequent High-Value Customers,0
12957,8,593.98375,4751.87,0.6666666666666666,4.625,3.0,3.0,0,Occasional Moderate-Value Customers,0
12958,8,628.2375000000001,5025.900000000001,0.6666666666666666,3.7142857142857144,1.0,0.0,0,Occasional Moderate-Value Customers,0
12959,6,551.4733333333334,3308.84,0.5,3.0,1.0,2.0,0,Occasional Moderate-Value Customers,0
12960,8,712.75625,5702.05,0.6666666666666666,4.5,0.0,1.0,0,Occasional Moderate-Value Customers,0
12961,6,711.69,4270.14,0.5,3.8,2.0,0.0,0,Occasional Moderate-Value Customers,0
12962,13,889.2038461538461,11559.65,1.0833333333333333,3.4,2.0,3.0,1,Frequent High-Value Customers,0
12963,12,655.83,7869.96,1.0,3.75,1.0,2.0,1,Frequent High-Value Customers,0
12964,7,540.5614285714286,3783.9300000000003,0.5833333333333334,3.8,1.0,1.0,0,Occasional Moderate-Value Customers,0
12965,4,1034.37,4137.48,0.3333333333333333,4.5,1.0,1.0,0,Occasional Moderate-Value Customers,-1
12966,9,748.7388888888888,6738.65,0.75,3.25,4.0,1.0,0,Occasional Moderate-Value Customers,0
12967,11,705.9218181818183,7765.14,0.9166666666666666,4.090909090909091,2.0,2.0,1,Frequent High-Value Customers,0
12968,6,445.34499999999997,2672.0699999999997,0.5,3.6666666666666665,1.0,1.0,0,Occasional Moderate-Value Customers,0
12969,8,471.485,3771.88,0.6666666666666666,4.0,3.0,2.0,0,Occasional Moderate-Value Customers,0
12970,15,751.694,11275.41,1.25,4.166666666666667,5.0,1.0,1,Frequent High-Value Customers,0
12971,12,617.6791666666667,7412.15,1.0,4.083333333333333,2.0,3.0,1,Frequent High-Value Customers,0
12972,15,608.2726666666666,9124.09,1.25,4.5,3.0,5.0,1,Frequent High-Value Customers,0
12973,10,726.721,7267.21,0.8333333333333334,3.6666666666666665,1.0,3.0,0,Occasional Moderate-Value Customers,0
12974,8,568.3775,4547.02,0.6666666666666666,3.375,3.0,3.0,0,Occasional Moderate-Value Customers,0
12975,15,718.8486666666666,10782.73,1.25,4.166666666666667,2.0,4.0,1,Frequent High-Value Customers,0
12976,6,642.125,3852.75,0.5,2.3333333333333335,3.0,2.0,0,Occasional Moderate-Value Customers,0
12977,12,538.035,6456.42,1.0,3.25,5.0,4.0,1,Frequent High-Value Customers,0
12978,8,449.935,3599.48,0.6666666666666666,3.142857142857143,4.0,0.0,0,Occasional Moderate-Value Customers,0
12979,8,667.55625,5340.45,0.6666666666666666,4.25,2.0,3.0,0,Occasional Moderate-Value Customers,0
12980,14,727.3357142857142,10182.699999999999,1.1666666666666667,3.5833333333333335,5.0,3.0,1,Frequent High-Value Customers,0
12981,11,875.4163636363636,9629.58,0.9166666666666666,4.375,3.0,4.0,1,Frequent High-Value Customers,0
12982,7,441.71,3091.97,0.5833333333333334,4.0,2.0,0.0,0,Occasional Moderate-Value Customers,0
12983,9,599.6688888888889,5397.02,0.75,4.125,1.0,2.0,0,Occasional Moderate-Value Customers,0
12984,8,549.1725,4393.38,0.6666666666666666,4.125,4.0,0.0,0,Occasional Moderate-Value Customers,0
12985,6,928.82,5572.92,0.5,4.6,1.0,1.0,0,Occasional Moderate-Value Customers,0
12986,7,716.0957142857143,5012.67,0.5833333333333334,2.6666666666666665,1.0,2.0,0,Occasional Moderate-Value Customers,0
12987,20,768.149,15362.98,1.6666666666666667,4.222222222222222,10.0,6.0,1,Frequent High-Value Customers,-1
12988,10,426.37699999999995,4263.7699999999995,0.8333333333333334,3.7777777777777777,2.0,0.0,0,Occasional Moderate-Value Customers,0
12989,12,507.4691666666667,6089.63,1.0,4.222222222222222,0.0,3.0,0,Occasional Moderate-Value Customers,0
12990,8,586.74625,4693.97,0.6666666666666666,4.571428571428571,3.0,2.0,0,Occasional Moderate-Value Customers,0
12991,6,629.4483333333334,3776.69,0.5,3.5,1.0,4.0,0,Occasional Moderate-Value Customers,0
12992,9,412.45000000000005,3712.05,0.75,4.0,4.0,2.0,0,Occasional Moderate-Value Customers,0
12993,16,654.88125,10478.1,1.3333333333333333,3.4,7.0,3.0,1,Frequent High-Value Customers,0
12994,12,603.765,7245.18,1.0,3.7777777777777777,1.0,3.0,1,Frequent High-Value Customers,0
12995,18,643.4938888888888,11582.89,1.5,3.9411764705882355,2.0,9.0,1,Frequent High-Value Customers,-1
12996,5,940.836,4704.18,0.4166666666666667,4.2,2.0,2.0,0,Occasional Moderate-Value Customers,0
12997,11,926.360909090909,10189.97,0.9166666666666666,3.9,6.0,2.0,1,Frequent High-Value Customers,0
12998,11,847.2118181818182,9319.33,0.9166666666666666,3.7,2.0,3.0,1,Frequent High-Value Customers,0
12999,7,777.6514285714286,5443.56,0.5833333333333334,4.833333333333333,2.0,2.0,0,Occasional Moderate-Value Customers,0
13000,19,614.2636842105263,11671.01,1.5833333333333333,3.8947368421052633,3.0,3.0,1,Frequent High-Value Customers,-1
13001,8,675.2325,5401.86,0.6666666666666666,3.857142857142857,3.0,2.0,0,Occasional Moderate-Value Customers,0
13002,8,588.6875,4709.5,0.6666666666666666,3.8333333333333335,3.0,0.0,0,Occasional Moderate-Value Customers,0
13003,11,489.29090909090905,5382.2,0.9166666666666666,3.857142857142857,1.0,2.0,0,Occasional Moderate-Value Customers,0
13004,11,816.31,8979.41,0.9166666666666666,3.4,3.0,4.0,1,Frequent High-Value Customers,0
13005,10,547.177,5471.77,0.8333333333333334,3.5555555555555554,4.0,2.0,0,Occasional Moderate-Value Customers,0
13006,6,791.7383333333333,4750.43,0.5,4.2,1.0,1.0,0,Occasional Moderate-Value Customers,0
13007,6,702.0916666666667,4212.55,0.5,4.333333333333333,2.0,2.0,0,Occasional Moderate-Value Customers,0
13008,13,763.373076923077,9923.85,1.0833333333333333,4.1,6.0,4.0,1,Frequent High-Value Customers,0
13009,11,549.3872727272727,6043.26,0.9166666666666666,3.9,2.0,1.0,0,Occasional Moderate-Value Customers,0
13010,10,727.221,7272.21,0.8333333333333334,3.625,3.0,2.0,0,Occasional Moderate-Value Customers,0
13011,8,517.21375,4137.71,0.6666666666666666,4.333333333333333,2.0,2.0,0,Occasional Moderate-Value Customers,0
13012,14,635.3771428571428,8895.279999999999,1.1666666666666667,3.9,6.0,2.0,1,Frequent High-Value Customers,0
13013,12,760.6533333333333,9127.84,1.0,3.75,5.0,3.0,1,Frequent High-Value Customers,0
13014,4,804.4325,3217.73,0.3333333333333333,3.0,1.0,2.0,0,Occasional Moderate-Value Customers,0
13015,11,594.0263636363636,6534.29,0.9166666666666666,3.7777777777777777,5.0,3.0,1,Frequent High-Value Customers,0
13016,14,518.5957142857143,7260.34,1.1666666666666667,3.6923076923076925,3.0,4.0,1,Frequent High-Value Customers,0
13017,12,625.76,7509.12,1.0,3.4444444444444446,1.0,4.0,1,Frequent High-Value Customers,0
13018,7,815.47,5708.29,0.5833333333333334,3.4285714285714284,1.0,4.0,0,Occasional Moderate-Value Customers,0
13019,9,545.6011111111111,4910.41,0.75,4.125,4.0,2.0,0,Occasional Moderate-Value Customers,0
13020,11,603.8054545454545,6641.86,0.9166666666666666,4.090909090909091,2.0,2.0,0,Occasional Moderate-Value Customers,0
13021,12,663.0458333333333,7956.55,1.0,3.25,3.0,4.0,1,Frequent High-Value Customers,0
13022,12,633.7208333333333,7604.65,1.0,4.25,4.0,2.0,1,Frequent High-Value Customers,0
13023,10,961.092,9610.92,0.8333333333333334,3.6,5.0,4.0,1,Frequent High-Value Customers,0
13024,9,730.74,6576.66,0.75,3.8,2.0,3.0,0,Occasional Moderate-Value Customers,0
13025,6,770.6183333333333,4623.71,0.5,3.4,0.0,3.0,0,Occasional Moderate-Value Customers,0
13026,6,777.8800000000001,4667.280000000001,0.5,4.2,3.0,4.0,0,Occasional Moderate-Value Customers,0
13027,12,1349.1933333333334,16190.32,1.0,3.5454545454545454,6.0,1.0,1,Frequent High-Value Customers,-1
13028,12,900.9399999999999,10811.279999999999,1.0,3.5555555555555554,3.0,2.0,1,Frequent High-Value Customers,0
13029,15,595.4599999999999,8931.9,1.25,3.642857142857143,5.0,2.0,1,Frequent High-Value Customers,0
13030,8,742.3000000000001,5938.400000000001,0.6666666666666666,4.0,3.0,3.0,0,Occasional Moderate-Value Customers,0
13031,13,641.2315384615384,8336.01,1.0833333333333333,3.75,4.0,5.0,1,Frequent High-Value Customers,0
13032,9,685.7644444444445,6171.88,0.75,3.5555555555555554,1.0,2.0,0,Occasional Moderate-Value Customers,0
13033,21,708.7923809523809,14884.64,1.75,3.8333333333333335,4.0,9.0,1,Frequent High-Value Customers,-1
13034,12,574.9283333333334,6899.14,1.0,4.363636363636363,2.0,2.0,1,Frequent High-Value Customers,0
13035,13,590.12,7671.56,1.0833333333333333,4.153846153846154,6.0,6.0,1,Frequent High-Value Customers,0
13036,14,786.2457142857144,11007.44,1.1666666666666667,3.5833333333333335,1.0,2.0,1,Frequent High-Value Customers,0
13037,13,573.6492307692307,7457.44,1.0833333333333333,4.2727272727272725,7.0,4.0,1,Frequent High-Value Customers,-1
13038,13,589.5607692307692,7664.29,1.0833333333333333,3.6666666666666665,3.0,2.0,1,Frequent High-Value Customers,0
13039,9,673.8455555555556,6064.610000000001,0.75,4.125,4.0,1.0,0,Occasional Moderate-Value Customers,0
13040,8,547.4825,4379.86,0.6666666666666666,3.875,2.0,1.0,0,Occasional Moderate-Value Customers,0
13041,8,813.65875,6509.27,0.6666666666666666,4.166666666666667,3.0,4.0,0,Occasional Moderate-Value Customers,0
13042,14,748.655,10481.17,1.1666666666666667,4.0,5.0,4.0,1,Frequent High-Value Customers,0
13043,11,819.3909090909091,9013.3,0.9166666666666666,4.0,3.0,5.0,1,Frequent High-Value Customers,0
13044,9,658.5622222222223,5927.06,0.75,3.375,1.0,1.0,0,Occasional Moderate-Value Customers,0
13045,12,831.8708333333334,9982.45,1.0,4.181818181818182,2.0,2.0,1,Frequent High-Value Customers,0
13046,16,667.22375,10675.58,1.3333333333333333,3.2857142857142856,4.0,2.0,1,Frequent High-Value Customers,0
13047,10,706.5319999999999,7065.32,0.8333333333333334,3.7777777777777777,2.0,1.0,0,Occasional Moderate-Value Customers,0
13048,14,773.5028571428572,10829.04,1.1666666666666667,4.363636363636363,7.0,4.0,1,Frequent High-Value Customers,0
13049,7,709.2285714285715,4964.6,0.5833333333333334,4.5,3.0,0.0,0,Occasional Moderate-Value Customers,0
13050,5,989.76,4948.8,0.4166666666666667,3.8,2.0,1.0,0,Occasional Moderate-Value Customers,0
13051,7,679.9799999999999,4759.86,0.5833333333333334,4.166666666666667,1.0,2.0,0,Occasional Moderate-Value Customers,0
13052,5,931.644,4658.22,0.4166666666666667,4.25,1.0,0.0,0,Occasional Moderate-Value Customers,0
13053,7,776.7814285714286,5437.47,0.5833333333333334,3.4,3.0,1.0,0,Occasional Moderate-Value Customers,0
13054,9,582.088888888889,5238.8,0.75,3.888888888888889,2.0,1.0,0,Occasional Moderate-Value Customers,0
13055,10,530.767,5307.67,0.8333333333333334,3.7777777777777777,3.0,2.0,0,Occasional Moderate-Value Customers,0
13056,15,652.14,9782.1,1.25,3.3333333333333335,2.0,4.0,1,Frequent High-Value Customers,0
13057,7,440.0357142857143,3080.25,0.5833333333333334,3.4,2.0,4.0,0,Occasional Moderate-Value Customers,0
13058,4,379.735,1518.94,0.3333333333333333,4.5,1.0,1.0,0,Occasional Moderate-Value Customers,0
13059,10,434.187,4341.87,0.8333333333333334,4.3,2.0,2.0,0,Occasional Moderate-Value Customers,0
13060,9,495.1711111111111,4456.54,0.75,4.111111111111111,2.0,2.0,0,Occasional Moderate-Value Customers,0
13061,12,457.33,5487.96,1.0,4.181818181818182,6.0,3.0,1,Frequent High-Value Customers,0
13062,13,789.7030769230769,10266.14,1.0833333333333333,4.0,5.0,2.0,1,Frequent High-Value Customers,0
13063,11,738.5754545454546,8124.33,0.9166666666666666,4.1,4.0,5.0,1,Frequent High-Value Customers,0
13064,8,511.495,4091.96,0.6666666666666666,3.75,3.0,0.0,0,Occasional Moderate-Value Customers,0
13065,6,665.9966666666667,3995.98,0.5,3.8,3.0,1.0,0,Occasional Moderate-Value Customers,0
13066,7,546.6614285714286,3826.63,0.5833333333333334,3.0,4.0,3.0,0,Occasional Moderate-Value Customers,0
13067,9,515.9177777777778,4643.26,0.75,3.888888888888889,1.0,4.0,0,Occasional Moderate-Value Customers,0
13068,8,522.96625,4183.73,0.6666666666666666,3.4285714285714284,2.0,4.0,0,Occasional Moderate-Value Customers,0
13069,15,687.4606666666666,10311.91,1.25,3.7857142857142856,4.0,6.0,1,Frequent High-Value Customers,0
13070,12,451.14166666666665,5413.7,1.0,4.363636363636363,3.0,4.0,1,Frequent High-Value Customers,0
13071,12,765.6533333333333,9187.84,1.0,3.8333333333333335,5.0,5.0,1,Frequent High-Value Customers,0
13072,12,663.4025,7960.83,1.0,4.2,3.0,4.0,1,Frequent High-Value Customers,0
13073,11,789.0827272727273,8679.91,0.9166666666666666,4.090909090909091,5.0,2.0,1,Frequent High-Value Customers,0
13074,10,825.4780000000001,8254.78,0.8333333333333334,3.888888888888889,3.0,4.0,1,Frequent High-Value Customers,0
13075,9,621.4922222222223,5593.43,0.75,4.25,1.0,1.0,0,Occasional Moderate-Value Customers,0
13076,11,756.4154545454545,8320.57,0.9166666666666666,3.8181818181818183,4.0,3.0,1,Frequent High-Value Customers,0
13077,6,573.385,3440.31,0.5,4.0,0.0,1.0,0,Occasional Moderate-Value Customers,0
13078,10,541.821,5418.21,0.8333333333333334,4.222222222222222,2.0,1.0,0,Occasional Moderate-Value Customers,0
13079,6,878.8666666666667,5273.2,0.5,4.0,3.0,2.0,0,Occasional Moderate-Value Customers,0
13080,12,799.89,9598.68,1.0,3.7,6.0,5.0,1,Frequent High-Value Customers,0
13081,7,767.1071428571429,5369.75,0.5833333333333334,3.5714285714285716,1.0,0.0,0,Occasional Moderate-Value Customers,0
13082,16,635.75125,10172.02,1.3333333333333333,3.4444444444444446,2.0,2.0,1,Frequent High-Value Customers,0
13083,9,751.3133333333333,6761.82,0.75,4.5,2.0,1.0,0,Occasional Moderate-Value Customers,0
13084,7,617.157142857143,4320.1,0.5833333333333334,3.8333333333333335,3.0,3.0,0,Occasional Moderate-Value Customers,0
13085,7,729.9757142857143,5109.83,0.5833333333333334,3.8333333333333335,2.0,2.0,0,Occasional Moderate-Value Customers,0
13086,13,609.753076923077,7926.79,1.0833333333333333,3.9,1.0,4.0,1,Frequent High-Value Customers,0
13087,9,563.8577777777778,5074.72,0.75,3.625,0.0,2.0,0,Occasional Moderate-Value Customers,0
13088,12,693.1108333333333,8317.33,1.0,4.666666666666667,7.0,4.0,1,Frequent High-Value Customers,-1
13089,9,678.1711111111111,6103.54,0.75,2.375,3.0,1.0,0,Occasional Moderate-Value Customers,-1
13090,7,744.7585714285715,5213.31,0.5833333333333334,4.285714285714286,0.0,1.0,0,Occasional Moderate-Value Customers,0
13091,8,846.92625,6775.41,0.6666666666666666,3.857142857142857,2.0,1.0,0,Occasional Moderate-Value Customers,0
13092,7,801.8985714285715,5613.29,0.5833333333333334,4.0,2.0,2.0,0,Occasional Moderate-Value Customers,0
13093,13,824.4430769230769,10717.76,1.0833333333333333,3.3846153846153846,4.0,1.0,1,Frequent High-Value Customers,0
13094,10,912.1659999999999,9121.66,0.8333333333333334,3.5,3.0,1.0,1,Frequent High-Value Customers,0
13095,16,781.49875,12503.98,1.3333333333333333,3.6666666666666665,4.0,2.0,1,Frequent High-Value Customers,0
13096,11,550.4427272727272,6054.87,0.9166666666666666,4.0,2.0,0.0,0,Occasional Moderate-Value Customers,0
13097,7,724.0514285714287,5068.360000000001,0.5833333333333334,3.4,2.0,1.0,0,Occasional Moderate-Value Customers,0
13098,12,453.4258333333334,5441.110000000001,1.0,4.0,2.0,3.0,1,Frequent High-Value Customers,0
13099,10,443.817,4438.17,0.8333333333333334,4.555555555555555,3.0,2.0,0,Occasional Moderate-Value Customers,0
13100,8,783.69375,6269.55,0.6666666666666666,3.857142857142857,2.0,1.0,0,Occasional Moderate-Value Customers,0
13101,8,745.19625,5961.57,0.6666666666666666,3.8333333333333335,4.0,3.0,0,Occasional Moderate-Value Customers,0
13102,7,622.2742857142857,4355.92,0.5833333333333334,3.7142857142857144,3.0,3.0,0,Occasional Moderate-Value Customers,0
13103,10,881.153,8811.53,0.8333333333333334,4.0,3.0,4.0,1,Frequent High-Value Customers,0
13104,7,766.3228571428572,5364.26,0.5833333333333334,3.7142857142857144,4.0,4.0,0,Occasional Moderate-Value Customers,0
13105,7,566.4442857142857,3965.11,0.5833333333333334,3.4,3.0,0.0,0,Occasional Moderate-Value Customers,0
13106,13,830.0061538461539,10790.08,1.0833333333333333,3.8181818181818183,4.0,4.0,1,Frequent High-Value Customers,0
13107,10,656.644,6566.4400000000005,0.8333333333333334,3.6,2.0,3.0,0,Occasional Moderate-Value Customers,0
13108,13,587.4823076923077,7637.2699999999995,1.0833333333333333,3.25,6.0,2.0,1,Frequent High-Value Customers,0
13109,10,660.211,6602.11,0.8333333333333334,3.888888888888889,1.0,2.0,0,Occasional Moderate-Value Customers,0
13110,9,644.2122222222222,5797.91,0.75,4.0,3.0,5.0,0,Occasional Moderate-Value Customers,0
13111,10,675.76,6757.6,0.8333333333333334,4.333333333333333,3.0,4.0,1,Frequent High-Value Customers,0
13112,13,692.0230769230768,8996.3,1.0833333333333333,3.2,8.0,6.0,1,Frequent High-Value Customers,-1
13113,8,771.18,6169.44,0.6666666666666666,3.6666666666666665,2.0,2.0,0,Occasional Moderate-Value Customers,0
13114,7,493.34285714285716,3453.4,0.5833333333333334,3.5,3.0,3.0,0,Occasional Moderate-Value Customers,0
13115,11,684.78,7532.58,0.9166666666666666,3.6666666666666665,2.0,2.0,1,Frequent High-Value Customers,0
13116,10,495.61100000000005,4956.110000000001,0.8333333333333334,3.5,1.0,4.0,0,Occasional Moderate-Value Customers,0
13117,6,608.1983333333334,3649.19,0.5,4.6,2.0,2.0,0,Occasional Moderate-Value Customers,0
13118,10,722.857,7228.57,0.8333333333333334,3.857142857142857,1.0,1.0,0,Occasional Moderate-Value Customers,0
13119,8,599.98875,4799.91,0.6666666666666666,3.0,1.0,2.0,0,Occasional Moderate-Value Customers,0
13120,12,787.23,9446.76,1.0,3.7,3.0,3.0,1,Frequent High-Value Customers,0
13121,12,554.1083333333333,6649.3,1.0,3.8,5.0,5.0,1,Frequent High-Value Customers,0
13122,12,708.18,8498.16,1.0,3.9,3.0,2.0,1,Frequent High-Value Customers,0
13123,12,582.4458333333333,6989.35,1.0,4.2,3.0,5.0,1,Frequent High-Value Customers,0
13124,11,562.0190909090909,6182.21,0.9166666666666666,3.8,1.0,2.0,0,Occasional Moderate-Value Customers,0
13125,8,767.255,6138.04,0.6666666666666666,3.857142857142857,2.0,1.0,0,Occasional Moderate-Value Customers,0
13126,8,996.1537500000001,7969.2300000000005,0.6666666666666666,4.285714285714286,0.0,2.0,0,Occasional Moderate-Value Customers,0
13127,8,556.285,4450.28,0.6666666666666666,4.375,2.0,1.0,0,Occasional Moderate-Value Customers,0
13128,12,479.33666666666664,5752.04,1.0,3.9166666666666665,1.0,2.0,0,Occasional Moderate-Value Customers,0
13129,9,640.2044444444444,5761.84,0.75,4.0,4.0,2.0,0,Occasional Moderate-Value Customers,0
13130,13,484.6030769230769,6299.84,1.0833333333333333,3.8461538461538463,4.0,4.0,1,Frequent High-Value Customers,0
13131,9,746.3722222222223,6717.35,0.75,4.333333333333333,2.0,2.0,0,Occasional Moderate-Value Customers,0
13132,10,532.951,5329.51,0.8333333333333334,4.4,3.0,2.0,0,Occasional Moderate-Value Customers,0
13133,10,706.5310000000001,7065.31,0.8333333333333334,3.7,2.0,1.0,0,Occasional Moderate-Value Customers,0
13134,10,735.838,7358.38,0.8333333333333334,4.5,3.0,1.0,0,Occasional Moderate-Value Customers,0
13135,5,949.344,4746.72,0.4166666666666667,2.6,2.0,0.0,0,Occasional Moderate-Value Customers,-1
13136,13,646.9761538461539,8410.69,1.0833333333333333,3.727272727272727,2.0,4.0,1,Frequent High-Value Customers,0
13137,6,755.2683333333334,4531.610000000001,0.5,4.6,1.0,1.0,0,Occasional Moderate-Value Customers,0
13138,12,615.3325,7383.99,1.0,3.9166666666666665,6.0,2.0,1,Frequent High-Value Customers,0
13139,5,350.258,1751.29,0.4166666666666667,4.5,0.0,1.0,0,Occasional Moderate-Value Customers,0
13140,14,547.9242857142857,7670.94,1.1666666666666667,4.181818181818182,2.0,5.0,1,Frequent High-Value Customers,0
13141,9,795.5366666666666,7159.83,0.75,4.0,4.0,2.0,0,Occasional Moderate-Value Customers,0
13142,16,645.69625,10331.14,1.3333333333333333,3.625,7.0,3.0,1,Frequent High-Value Customers,0
13143,6,725.8433333333332,4355.0599999999995,0.5,2.6,2.0,2.0,0,Occasional Moderate-Value Customers,0
13144,9,740.2044444444444,6661.84,0.75,3.875,3.0,1.0,0,Occasional Moderate-Value Customers,0
13145,12,634.2508333333334,7611.01,1.0,4.0,3.0,3.0,1,Frequent High-Value Customers,0
13146,14,754.0785714285714,10557.1,1.1666666666666667,3.9166666666666665,3.0,4.0,1,Frequent High-Value Customers,0
13147,11,589.8636363636364,6488.5,0.9166666666666666,3.6666666666666665,4.0,3.0,1,Frequent High-Value Customers,0
13148,11,819.3945454545454,9013.34,0.9166666666666666,4.090909090909091,3.0,4.0,1,Frequent High-Value Customers,0
13149,13,800.84,10410.92,1.0833333333333333,4.083333333333333,3.0,3.0,1,Frequent High-Value Customers,0
13150,12,841.0833333333334,10093.0,1.0,4.416666666666667,4.0,2.0,1,Frequent High-Value Customers,0
13151,13,863.1830769230769,11221.38,1.0833333333333333,3.6666666666666665,3.0,3.0,1,Frequent High-Value Customers,0
13152,14,785.0471428571428,10990.66,1.1666666666666667,3.5714285714285716,3.0,1.0,1,Frequent High-Value Customers,0
13153,12,629.3774999999999,7552.53,1.0,3.6666666666666665,3.0,0.0,1,Frequent High-Value Customers,0
13154,9,815.6433333333333,7340.79,0.75,4.333333333333333,2.0,1.0,0,Occasional Moderate-Value Customers,0
13155,14,703.6621428571428,9851.27,1.1666666666666667,4.357142857142857,3.0,4.0,1,Frequent High-Value Customers,0
13156,14,639.8014285714286,8957.22,1.1666666666666667,3.6153846153846154,4.0,1.0,1,Frequent High-Value Customers,0
13157,8,617.6675,4941.34,0.6666666666666666,4.0,3.0,2.0,0,Occasional Moderate-Value Customers,0
13158,9,798.7566666666667,7188.8099999999995,0.75,3.25,4.0,2.0,0,Occasional Moderate-Value Customers,0
13159,12,752.6541666666667,9031.85,1.0,3.5,3.0,2.0,1,Frequent High-Value Customers,0
13160,10,884.4280000000001,8844.28,0.8333333333333334,3.875,2.0,3.0,1,Frequent High-Value Customers,0
13161,5,915.6120000000001,4578.06,0.4166666666666667,4.8,0.0,2.0,0,Occasional Moderate-Value Customers,0
13162,11,585.8436363636364,6444.28,0.9166666666666666,4.111111111111111,5.0,1.0,1,Frequent High-Value Customers,0
13163,15,694.4173333333333,10416.26,1.25,3.909090909090909,5.0,4.0,1,Frequent High-Value Customers,0
13164,7,553.54,3874.7799999999997,0.5833333333333334,3.0,0.0,3.0,0,Occasional Moderate-Value Customers,0
13165,11,578.9627272727273,6368.59,0.9166666666666666,4.0,2.0,6.0,1,Frequent High-Value Customers,0
13166,13,733.4846153846154,9535.3,1.0833333333333333,4.0,3.0,8.0,1,Frequent High-Value Customers,0
13167,11,718.6018181818182,7904.62,0.9166666666666666,4.0,7.0,1.0,1,Frequent High-Value Customers,0
13168,18,654.3994444444445,11779.19,1.5,4.3125,6.0,5.0,1,Frequent High-Value Customers,0
13169,10,725.659,7256.59,0.8333333333333334,3.4285714285714284,6.0,3.0,1,Frequent High-Value Customers,0
13170,10,836.4630000000001,8364.630000000001,0.8333333333333334,4.666666666666667,5.0,3.0,1,Frequent High-Value Customers,0
13171,12,566.8883333333333,6802.66,1.0,3.2222222222222223,5.0,2.0,1,Frequent High-Value Customers,0
13172,16,606.02125,9696.34,1.3333333333333333,4.076923076923077,4.0,2.0,1,Frequent High-Value Customers,0
13173,12,570.7108333333334,6848.530000000001,1.0,3.8181818181818183,2.0,2.0,1,Frequent High-Value Customers,0
13174,11,832.4872727272727,9157.36,0.9166666666666666,3.875,5.0,4.0,1,Frequent High-Value Customers,0
13175,8,663.1275,5305.02,0.6666666666666666,4.375,3.0,1.0,0,Occasional Moderate-Value Customers,0
13176,9,886.9,7982.099999999999,0.75,3.888888888888889,3.0,6.0,1,Frequent High-Value Customers,-1
13177,11,666.74,7334.14,0.9166666666666666,3.8181818181818183,2.0,2.0,0,Occasional Moderate-Value Customers,0
13178,10,484.22200000000004,4842.22,0.8333333333333334,3.4444444444444446,2.0,4.0,0,Occasional Moderate-Value Customers,0
13179,10,571.631,5716.3099999999995,0.8333333333333334,3.7142857142857144,3.0,0.0,0,Occasional Moderate-Value Customers,0
13180,15,755.2466666666667,11328.7,1.25,3.5833333333333335,4.0,4.0,1,Frequent High-Value Customers,0
13181,11,692.2281818181818,7614.51,0.9166666666666666,3.9,4.0,2.0,1,Frequent High-Value Customers,0
13182,10,655.182,6551.82,0.8333333333333334,3.888888888888889,1.0,2.0,0,Occasional Moderate-Value Customers,0
13183,6,665.9233333333333,3995.54,0.5,2.8333333333333335,2.0,2.0,0,Occasional Moderate-Value Customers,0
13184,10,825.7790000000001,8257.79,0.8333333333333334,3.75,2.0,1.0,0,Occasional Moderate-Value Customers,0
13185,4,901.505,3606.02,0.3333333333333333,3.5,1.0,0.0,0,Occasional Moderate-Value Customers,0
13186,10,773.1569999999999,7731.57,0.8333333333333334,4.125,3.0,4.0,1,Frequent High-Value Customers,0
13187,13,699.4092307692307,9092.32,1.0833333333333333,4.3,5.0,3.0,1,Frequent High-Value Customers,0
13188,10,689.313,6893.13,0.8333333333333334,4.625,3.0,3.0,0,Occasional Moderate-Value Customers,0
13189,16,800.74625,12811.94,1.3333333333333333,3.8125,3.0,2.0,1,Frequent High-Value Customers,0
13190,9,849.9811111111111,7649.83,0.75,4.333333333333333,2.0,2.0,0,Occasional Moderate-Value Customers,0
13191,14,851.1128571428571,11915.58,1.1666666666666667,3.5384615384615383,5.0,3.0,1,Frequent High-Value Customers,0
13192,8,662.98625,5303.89,0.6666666666666666,4.25,2.0,2.0,0,Occasional Moderate-Value Customers,0
13193,6,764.32,4585.92,0.5,3.4,1.0,3.0,0,Occasional Moderate-Value Customers,0
13194,14,725.6085714285715,10158.52,1.1666666666666667,4.230769230769231,7.0,5.0,1,Frequent High-Value Customers,0
13195,15,763.2506666666667,11448.76,1.25,4.083333333333333,2.0,5.0,1,Frequent High-Value Customers,0
13196,7,852.2085714285714,5965.46,0.5833333333333334,4.2,2.0,0.0,0,Occasional Moderate-Value Customers,0
13197,8,565.74,4525.92,0.6666666666666666,3.1666666666666665,3.0,1.0,0,Occasional Moderate-Value Customers,0
13198,4,725.1675,2900.67,0.3333333333333333,4.0,0.0,0.0,0,Occasional Moderate-Value Customers,0
13199,7,543.4314285714286,3804.02,0.5833333333333334,3.5,2.0,2.0,0,Occasional Moderate-Value Customers,0
13200,8,735.01,5880.08,0.6666666666666666,3.142857142857143,2.0,0.0,0,Occasional Moderate-Value Customers,0
13201,7,774.3085714285714,5420.16,0.5833333333333334,4.5,1.0,3.0,0,Occasional Moderate-Value Customers,0
13202,8,616.38125,4931.05,0.6666666666666666,4.428571428571429,2.0,3.0,0,Occasional Moderate-Value Customers,0
13203,12,590.7233333333334,7088.68,1.0,4.090909090909091,4.0,3.0,1,Frequent High-Value Customers,0
13204,9,736.8422222222222,6631.58,0.75,3.7142857142857144,1.0,3.0,0,Occasional Moderate-Value Customers,0
13205,17,642.4688235294117,10921.97,1.4166666666666667,3.8461538461538463,7.0,6.0,1,Frequent High-Value Customers,0
13206,7,600.5042857142856,4203.53,0.5833333333333334,4.285714285714286,3.0,0.0,0,Occasional Moderate-Value Customers,0
13207,11,533.0381818181818,5863.42,0.9166666666666666,4.222222222222222,3.0,3.0,1,Frequent High-Value Customers,0
13208,10,891.1200000000001,8911.2,0.8333333333333334,4.0,2.0,3.0,1,Frequent High-Value Customers,0
13209,11,603.5036363636364,6638.54,0.9166666666666666,3.8,3.0,2.0,0,Occasional Moderate-Value Customers,0
13210,10,561.485,5614.85,0.8333333333333334,4.5,1.0,3.0,0,Occasional Moderate-Value Customers,0
13211,10,673.389,6733.89,0.8333333333333334,3.875,1.0,1.0,0,Occasional Moderate-Value Customers,0
13212,12,851.1408333333333,10213.689999999999,1.0,4.0,3.0,5.0,1,Frequent High-Value Customers,0
13213,8,709.94625,5679.57,0.6666666666666666,4.285714285714286,1.0,1.0,0,Occasional Moderate-Value Customers,0
13214,11,440.52000000000004,4845.72,0.9166666666666666,4.0,2.0,2.0,0,Occasional Moderate-Value Customers,0
13215,16,652.9475,10447.16,1.3333333333333333,3.6,4.0,3.0,1,Frequent High-Value Customers,0
13216,10,752.135,7521.35,0.8333333333333334,4.142857142857143,1.0,5.0,1,Frequent High-Value Customers,0
13217,13,747.2784615384614,9714.619999999999,1.0833333333333333,3.5454545454545454,2.0,6.0,1,Frequent High-Value Customers,0
13218,11,609.6754545454546,6706.43,0.9166666666666666,4.090909090909091,0.0,0.0,0,Occasional Moderate-Value Customers,0
13219,12,626.2825,7515.39,1.0,4.0,3.0,4.0,1,Frequent High-Value Customers,0
13220,6,660.3166666666667,3961.9,0.5,3.8,0.0,0.0,0,Occasional Moderate-Value Customers,0
13221,6,663.9,3983.3999999999996,0.5,3.6,2.0,1.0,0,Occasional Moderate-Value Customers,0
13222,10,830.8030000000001,8308.03,0.8333333333333334,4.3,3.0,1.0,0,Occasional Moderate-Value Customers,0
13223,8,805.23375,6441.87,0.6666666666666666,3.875,2.0,2.0,0,Occasional Moderate-Value Customers,0
13224,13,782.9715384615384,10178.63,1.0833333333333333,4.153846153846154,2.0,2.0,1,Frequent High-Value Customers,0
13225,11,591.4454545454545,6505.9,0.9166666666666666,3.0,4.0,3.0,1,Frequent High-Value Customers,0
13226,8,1057.645,8461.16,0.6666666666666666,3.75,2.0,1.0,0,Occasional Moderate-Value Customers,0
13227,10,753.722,7537.22,0.8333333333333334,4.375,2.0,2.0,0,Occasional Moderate-Value Customers,0
13228,12,718.965,8627.58,1.0,3.5454545454545454,2.0,3.0,1,Frequent High-Value Customers,0
13229,4,700.985,2803.94,0.3333333333333333,4.0,1.0,0.0,0,Occasional Moderate-Value Customers,0
13230,10,688.337,6883.37,0.8333333333333334,4.0,2.0,2.0,0,Occasional Moderate-Value Customers,0
13231,12,677.4483333333334,8129.38,1.0,4.2,4.0,3.0,1,Frequent High-Value Customers,0
13232,7,975.7085714285714,6829.96,0.5833333333333334,4.4,3.0,2.0,0,Occasional Moderate-Value Customers,0
13233,11,635.1663636363636,6986.83,0.9166666666666666,3.4545454545454546,3.0,6.0,1,Frequent High-Value Customers,0
13234,10,547.721,5477.21,0.8333333333333334,3.9,3.0,1.0,0,Occasional Moderate-Value Customers,0
13235,10,634.393,6343.93,0.8333333333333334,3.8,4.0,1.0,0,Occasional Moderate-Value Customers,0
13236,7,771.5157142857144,5400.610000000001,0.5833333333333334,4.0,1.0,2.0,0,Occasional Moderate-Value Customers,0
13237,10,509.602,5096.0199999999995,0.8333333333333334,3.7777777777777777,4.0,1.0,0,Occasional Moderate-Value Customers,0
13238,9,1066.5766666666668,9599.19,0.75,4.25,3.0,3.0,1,Frequent High-Value Customers,2
13239,15,745.4373333333333,11181.56,1.25,3.909090909090909,2.0,2.0,1,Frequent High-Value Customers,0
13240,13,575.5169230769231,7481.72,1.0833333333333333,3.9166666666666665,7.0,3.0,1,Frequent High-Value Customers,0
13241,10,733.49,7334.9,0.8333333333333334,3.888888888888889,3.0,1.0,0,Occasional Moderate-Value Customers,0
13242,11,863.16,9494.76,0.9166666666666666,4.2,3.0,2.0,1,Frequent High-Value Customers,0
13243,10,924.024,9240.24,0.8333333333333334,3.5,2.0,0.0,0,Occasional Moderate-Value Customers,0
13244,12,764.2525,9171.03,1.0,4.0,3.0,3.0,1,Frequent High-Value Customers,0
13245,13,890.286923076923,11573.73,1.0833333333333333,4.333333333333333,1.0,3.0,1,Frequent High-Value Customers,0
13246,10,779.933,7799.33,0.8333333333333334,3.4444444444444446,1.0,1.0,0,Occasional Moderate-Value Customers,0
13247,9,754.5,6790.5,0.75,3.625,3.0,4.0,0,Occasional Moderate-Value Customers,0
13248,15,757.9313333333333,11368.97,1.25,4.214285714285714,4.0,4.0,1,Frequent High-Value Customers,0
13249,13,664.6453846153846,8640.39,1.0833333333333333,4.076923076923077,3.0,3.0,1,Frequent High-Value Customers,0
13250,10,934.083,9340.83,0.8333333333333334,3.7777777777777777,4.0,2.0,1,Frequent High-Value Customers,0
13251,7,888.5171428571429,6219.62,0.5833333333333334,3.6666666666666665,1.0,3.0,0,Occasional Moderate-Value Customers,0
13252,8,904.36875,7234.95,0.6666666666666666,4.142857142857143,2.0,3.0,0,Occasional Moderate-Value Customers,0
13253,10,631.005,6310.05,0.8333333333333334,3.875,3.0,4.0,1,Frequent High-Value Customers,0
13254,9,819.3966666666666,7374.57,0.75,4.5,2.0,2.0,0,Occasional Moderate-Value Customers,0
13255,10,802.858,8028.58,0.8333333333333334,4.3,3.0,2.0,1,Frequent High-Value Customers,0
13256,16,767.946875,12287.15,1.3333333333333333,4.0,5.0,3.0,1,Frequent High-Value Customers,0
13257,12,446.7633333333333,5361.16,1.0,4.375,6.0,5.0,1,Frequent High-Value Customers,0
13258,12,561.1641666666667,6733.97,1.0,4.2727272727272725,2.0,3.0,1,Frequent High-Value Customers,0
13259,9,688.9755555555555,6200.78,0.75,4.5,1.0,3.0,0,Occasional Moderate-Value Customers,0
13260,15,788.3106666666666,11824.66,1.25,4.0,4.0,7.0,1,Frequent High-Value Customers,0
13261,17,628.1411764705882,10678.4,1.4166666666666667,3.3333333333333335,4.0,6.0,1,Frequent High-Value Customers,0
13262,15,707.5766666666666,10613.65,1.25,4.071428571428571,3.0,3.0,1,Frequent High-Value Customers,0
13263,11,732.8609090909091,8061.47,0.9166666666666666,4.1,4.0,4.0,1,Frequent High-Value Customers,0
13264,6,669.3633333333333,4016.18,0.5,3.8,1.0,0.0,0,Occasional Moderate-Value Customers,0
13265,6,855.0316666666668,5130.1900000000005,0.5,3.8333333333333335,2.0,1.0,0,Occasional Moderate-Value Customers,0
13266,6,607.4666666666667,3644.8,0.5,4.8,1.0,0.0,0,Occasional Moderate-Value Customers,0
13267,9,699.9533333333334,6299.58,0.75,4.666666666666667,2.0,0.0,0,Occasional Moderate-Value Customers,0
13268,3,657.9066666666666,1973.72,0.25,3.3333333333333335,0.0,0.0,0,Occasional Moderate-Value Customers,0
13269,16,909.3275,14549.24,1.3333333333333333,3.533333333333333,3.0,4.0,1,Frequent High-Value Customers,-1
13270,5,576.45,2882.25,0.4166666666666667,4.25,1.0,2.0,0,Occasional Moderate-Value Customers,0
13271,4,480.65000000000003,1922.6000000000001,0.3333333333333333,4.0,0.0,0.0,0,Occasional Moderate-Value Customers,0
13272,13,429.54538461538465,5584.09,1.0833333333333333,4.2,4.0,2.0,1,Frequent High-Value Customers,0
13273,13,598.8892307692307,7785.5599999999995,1.0833333333333333,4.0,3.0,2.0,1,Frequent High-Value Customers,0
13274,13,553.1507692307692,7190.96,1.0833333333333333,2.909090909090909,1.0,4.0,1,Frequent High-Value Customers,-1
13275,11,817.5527272727272,8993.08,0.9166666666666666,3.727272727272727,5.0,0.0,1,Frequent High-Value Customers,0
13276,13,735.8215384615385,9565.68,1.0833333333333333,4.1,1.0,1.0,1,Frequent High-Value Customers,0
13277,9,599.338888888889,5394.05,0.75,4.142857142857143,3.0,3.0,0,Occasional Moderate-Value Customers,0
13278,9,742.2622222222222,6680.360000000001,0.75,4.0,2.0,3.0,0,Occasional Moderate-Value Customers,0
13279,9,639.0611111111111,5751.55,0.75,3.6666666666666665,1.0,1.0,0,Occasional Moderate-Value Customers,0
13280,6,706.4050000000001,4238.43,0.5,3.3333333333333335,2.0,1.0,0,Occasional Moderate-Value Customers,0
13281,12,593.8108333333333,7125.73,1.0,4.6,3.0,2.0,1,Frequent High-Value Customers,0
13282,7,544.2857142857143,3810.0,0.5833333333333334,3.5714285714285716,4.0,1.0,0,Occasional Moderate-Value Customers,0
13283,7,979.6128571428571,6857.29,0.5833333333333334,3.7142857142857144,3.0,1.0,0,Occasional Moderate-Value Customers,0
13284,12,744.5716666666667,8934.86,1.0,3.7777777777777777,2.0,4.0,1,Frequent High-Value Customers,0
13285,10,636.175,6361.75,0.8333333333333334,3.5,2.0,6.0,1,Frequent High-Value Customers,0
13286,9,575.9355555555555,5183.42,0.75,3.0,4.0,3.0,0,Occasional Moderate-Value Customers,0
13287,7,788.7328571428571,5521.13,0.5833333333333334,4.4,0.0,1.0,0,Occasional Moderate-Value Customers,0
13288,7,783.0971428571429,5481.68,0.5833333333333334,3.5,1.0,0.0,0,Occasional Moderate-Value Customers,0
13289,10,663.3779999999999,6633.78,0.8333333333333334,3.5555555555555554,5.0,3.0,1,Frequent High-Value Customers,0
13290,11,547.1972727272728,6019.17,0.9166666666666666,3.7,5.0,2.0,1,Frequent High-Value Customers,0
13291,9,432.4888888888889,3892.4,0.75,4.125,0.0,3.0,0,Occasional Moderate-Value Customers,0
13292,11,731.9636363636364,8051.6,0.9166666666666666,4.444444444444445,3.0,2.0,1,Frequent High-Value Customers,0
13293,10,621.278,6212.780000000001,0.8333333333333334,2.888888888888889,2.0,4.0,0,Occasional Moderate-Value Customers,0
13294,10,442.142,4421.42,0.8333333333333334,4.111111111111111,5.0,3.0,0,Occasional Moderate-Value Customers,0
13295,14,642.5792857142858,8996.11,1.1666666666666667,3.7857142857142856,9.0,7.0,1,Frequent High-Value Customers,-1
13296,12,879.7358333333333,10556.83,1.0,4.3,4.0,2.0,1,Frequent High-Value Customers,0
13297,8,519.0425,4152.34,0.6666666666666666,4.0,2.0,2.0,0,Occasional Moderate-Value Customers,0
13298,9,775.7988888888889,6982.19,0.75,4.0,1.0,3.0,0,Occasional Moderate-Value Customers,0
13299,5,506.72599999999994,2533.6299999999997,0.4166666666666667,4.25,1.0,0.0,0,Occasional Moderate-Value Customers,0
13300,7,588.7171428571429,4121.02,0.5833333333333334,3.8333333333333335,2.0,3.0,0,Occasional Moderate-Value Customers,0
13301,12,672.89,8074.68,1.0,3.909090909090909,0.0,3.0,1,Frequent High-Value Customers,0
13302,15,632.4886666666666,9487.33,1.25,3.5,3.0,4.0,1,Frequent High-Value Customers,0
13303,8,693.76125,5550.09,0.6666666666666666,2.7142857142857144,4.0,3.0,0,Occasional Moderate-Value Customers,0
13304,11,659.2672727272728,7251.9400000000005,0.9166666666666666,4.0,3.0,4.0,1,Frequent High-Value Customers,0
13305,10,572.839,5728.39,0.8333333333333334,3.875,4.0,1.0,0,Occasional Moderate-Value Customers,0
13306,12,775.37,9304.44,1.0,3.3636363636363638,2.0,1.0,1,Frequent High-Value Customers,0
13307,3,841.52,2524.56,0.25,4.333333333333333,0.0,1.0,0,Occasional Moderate-Value Customers,0
13308,10,934.628,9346.28,0.8333333333333334,3.6666666666666665,2.0,2.0,1,Frequent High-Value Customers,0
13309,11,661.1345454545454,7272.48,0.9166666666666666,3.625,3.0,4.0,1,Frequent High-Value Customers,0
13310,15,915.2206666666666,13728.31,1.25,4.230769230769231,4.0,3.0,1,Frequent High-Value Customers,-1
13311,10,678.245,6782.45,0.8333333333333334,4.2,4.0,1.0,0,Occasional Moderate-Value Customers,0
13312,13,553.1292307692308,7190.68,1.0833333333333333,3.6153846153846154,2.0,3.0,1,Frequent High-Value Customers,0
13313,14,752.5457142857142,10535.64,1.1666666666666667,3.5,4.0,2.0,1,Frequent High-Value Customers,0
13314,8,473.41125,3787.29,0.6666666666666666,3.7142857142857144,2.0,2.0,0,Occasional Moderate-Value Customers,0
13315,9,618.7344444444444,5568.61,0.75,3.875,0.0,5.0,0,Occasional Moderate-Value Customers,0
13316,13,472.99692307692305,6148.96,1.0833333333333333,3.727272727272727,5.0,1.0,1,Frequent High-Value Customers,0
13317,11,515.4345454545454,5669.78,0.9166666666666666,4.2,3.0,3.0,0,Occasional Moderate-Value Customers,0
13318,15,714.5759999999999,10718.64,1.25,3.6153846153846154,4.0,1.0,1,Frequent High-Value Customers,0
13319,8,522.97625,4183.81,0.6666666666666666,3.5,4.0,3.0,0,Occasional Moderate-Value Customers,0
13320,11,856.9036363636365,9425.94,0.9166666666666666,3.111111111111111,3.0,3.0,1,Frequent High-Value Customers,0
13321,7,716.9785714285715,5018.85,0.5833333333333334,3.4285714285714284,1.0,4.0,0,Occasional Moderate-Value Customers,0
13322,5,585.828,2929.14,0.4166666666666667,3.0,1.0,1.0,0,Occasional Moderate-Value Customers,0
13323,7,810.157142857143,5671.1,0.5833333333333334,3.5,2.0,2.0,0,Occasional Moderate-Value Customers,0
13324,7,388.64285714285717,2720.5,0.5833333333333334,4.333333333333333,2.0,3.0,0,Occasional Moderate-Value Customers,0
13325,10,571.337,5713.37,0.8333333333333334,4.222222222222222,6.0,3.0,1,Frequent High-Value Customers,0
13326,11,854.6090909090909,9400.7,0.9166666666666666,3.4444444444444446,3.0,3.0,1,Frequent High-Value Customers,0
13327,10,659.2969999999999,6592.969999999999,0.8333333333333334,3.5555555555555554,1.0,3.0,0,Occasional Moderate-Value Customers,0
13328,9,758.3933333333333,6825.54,0.75,3.75,2.0,2.0,0,Occasional Moderate-Value Customers,0
13329,11,728.85,8017.35,0.9166666666666666,4.2,1.0,3.0,1,Frequent High-Value Customers,0
13330,9,574.1911111111111,5167.72,0.75,3.5555555555555554,1.0,1.0,0,Occasional Moderate-Value Customers,0
13331,9,604.0222222222222,5436.2,0.75,3.5555555555555554,4.0,2.0,0,Occasional Moderate-Value Customers,0
13332,12,897.5099999999999,10770.119999999999,1.0,3.5454545454545454,7.0,3.0,1,Frequent High-Value Customers,0
13333,9,643.0177777777777,5787.16,0.75,4.0,1.0,0.0,0,Occasional Moderate-Value Customers,0
13334,17,764.1494117647059,12990.539999999999,1.4166666666666667,3.8,5.0,4.0,1,Frequent High-Value Customers,0
13335,12,603.2258333333333,7238.71,1.0,3.5,6.0,3.0,1,Frequent High-Value Customers,0
13336,7,513.1014285714285,3591.71,0.5833333333333334,4.142857142857143,1.0,3.0,0,Occasional Moderate-Value Customers,0
13337,12,575.8491666666666,6910.19,1.0,4.333333333333333,4.0,4.0,1,Frequent High-Value Customers,0
13338,9,636.8,5731.2,0.75,4.0,3.0,3.0,0,Occasional Moderate-Value Customers,0
13339,9,698.5077777777777,6286.57,0.75,3.25,1.0,0.0,0,Occasional Moderate-Value Customers,0
13340,9,487.08444444444444,4383.76,0.75,3.625,1.0,1.0,0,Occasional Moderate-Value Customers,0
13341,7,720.8171428571429,5045.72,0.5833333333333334,4.166666666666667,0.0,2.0,0,Occasional Moderate-Value Customers,0
13342,8,763.75875,6110.07,0.6666666666666666,3.5714285714285716,1.0,2.0,0,Occasional Moderate-Value Customers,0
13343,12,609.4016666666666,7312.82,1.0,4.0,4.0,1.0,1,Frequent High-Value Customers,0
13344,9,611.21,5500.89,0.75,4.75,2.0,5.0,0,Occasional Moderate-Value Customers,0
13345,9,535.9177777777778,4823.26,0.75,4.375,2.0,3.0,0,Occasional Moderate-Value Customers,0
13346,16,780.619375,12489.91,1.3333333333333333,3.8,4.0,7.0,1,Frequent High-Value Customers,0
13347,8,788.9175,6311.34,0.6666666666666666,3.75,2.0,0.0,0,Occasional Moderate-Value Customers,0
13348,5,767.23,3836.15,0.4166666666666667,3.6,2.0,1.0,0,Occasional Moderate-Value Customers,0
13349,9,557.5566666666667,5018.01,0.75,4.285714285714286,4.0,0.0,0,Occasional Moderate-Value Customers,0
13350,11,604.7390909090909,6652.13,0.9166666666666666,4.714285714285714,2.0,4.0,1,Frequent High-Value Customers,0
13351,15,892.4346666666667,13386.52,1.25,3.466666666666667,6.0,3.0,1,Frequent High-Value Customers,0
13352,8,888.9875,7111.9,0.6666666666666666,4.125,2.0,2.0,0,Occasional Moderate-Value Customers,0
13353,12,570.5358333333334,6846.43,1.0,3.4545454545454546,3.0,6.0,1,Frequent High-Value Customers,0
13354,13,675.073846153846,8775.96,1.0833333333333333,3.6363636363636362,3.0,3.0,1,Frequent High-Value Customers,0
13355,13,680.4323076923077,8845.62,1.0833333333333333,3.909090909090909,2.0,4.0,1,Frequent High-Value Customers,0
13356,9,799.9655555555556,7199.6900000000005,0.75,3.625,4.0,3.0,0,Occasional Moderate-Value Customers,0
13357,16,686.074375,10977.19,1.3333333333333333,3.7857142857142856,4.0,2.0,1,Frequent High-Value Customers,0
13358,10,599.4480000000001,5994.4800000000005,0.8333333333333334,3.3,4.0,4.0,1,Frequent High-Value Customers,0
13359,8,681.6625,5453.3,0.6666666666666666,3.857142857142857,2.0,2.0,0,Occasional Moderate-Value Customers,0
13360,15,766.7726666666666,11501.59,1.25,4.0,4.0,5.0,1,Frequent High-Value Customers,0
13361,10,567.3779999999999,5673.78,0.8333333333333334,4.125,5.0,2.0,0,Occasional Moderate-Value Customers,0
13362,8,957.0475,7656.38,0.6666666666666666,4.142857142857143,3.0,2.0,0,Occasional Moderate-Value Customers,0
13363,8,723.605,5788.84,0.6666666666666666,3.142857142857143,2.0,1.0,0,Occasional Moderate-Value Customers,0
13364,12,400.77250000000004,4809.27,1.0,3.9,6.0,3.0,1,Frequent High-Value Customers,0
13365,5,871.894,4359.47,0.4166666666666667,4.75,0.0,1.0,0,Occasional Moderate-Value Customers,0
13366,15,709.8073333333334,10647.11,1.25,3.6923076923076925,5.0,5.0,1,Frequent High-Value Customers,0
13367,12,793.3616666666667,9520.34,1.0,3.2222222222222223,2.0,3.0,1,Frequent High-Value Customers,0
13368,8,827.1925,6617.54,0.6666666666666666,3.125,2.0,1.0,0,Occasional Moderate-Value Customers,0
13369,7,882.1314285714286,6174.92,0.5833333333333334,3.0,1.0,3.0,0,Occasional Moderate-Value Customers,0
13370,9,730.9066666666666,6578.16,0.75,4.25,5.0,2.0,0,Occasional Moderate-Value Customers,0
13371,4,296.54,1186.16,0.3333333333333333,4.333333333333333,0.0,0.0,0,Occasional Moderate-Value Customers,0
13372,5,883.2059999999999,4416.03,0.4166666666666667,4.666666666666667,3.0,2.0,0,Occasional Moderate-Value Customers,0
13373,10,672.354,6723.54,0.8333333333333334,3.7,2.0,1.0,0,Occasional Moderate-Value Customers,0
13374,15,846.0766666666666,12691.15,1.25,3.75,4.0,4.0,1,Frequent High-Value Customers,0
13375,13,610.8338461538461,7940.84,1.0833333333333333,4.3076923076923075,3.0,3.0,1,Frequent High-Value Customers,0
13376,10,830.564,8305.64,0.8333333333333334,3.7142857142857144,3.0,2.0,1,Frequent High-Value Customers,0
13377,9,976.6177777777777,8789.56,0.75,3.875,5.0,0.0,0,Occasional Moderate-Value Customers,0
13378,14,702.782142857143,9838.95,1.1666666666666667,3.4444444444444446,5.0,1.0,1,Frequent High-Value Customers,0
13379,9,824.8544444444445,7423.6900000000005,0.75,3.875,3.0,2.0,0,Occasional Moderate-Value Customers,0
13380,10,803.9770000000001,8039.77,0.8333333333333334,4.0,2.0,3.0,1,Frequent High-Value Customers,0
13381,8,519.4087499999999,4155.2699999999995,0.6666666666666666,4.25,3.0,3.0,0,Occasional Moderate-Value Customers,0
13382,7,975.4557142857142,6828.19,0.5833333333333334,3.8,2.0,4.0,0,Occasional Moderate-Value Customers,0
13383,7,964.7557142857142,6753.29,0.5833333333333334,2.75,3.0,3.0,0,Occasional Moderate-Value Customers,0
13384,4,791.385,3165.54,0.3333333333333333,4.0,1.0,1.0,0,Occasional Moderate-Value Customers,0
13385,10,704.338,7043.38,0.8333333333333334,4.125,2.0,2.0,0,Occasional Moderate-Value Customers,0
13386,5,651.116,3255.58,0.4166666666666667,3.25,0.0,2.0,0,Occasional Moderate-Value Customers,0
13387,5,752.576,3762.88,0.4166666666666667,3.0,3.0,2.0,0,Occasional Moderate-Value Customers,0
13388,15,709.986,10649.789999999999,1.25,3.4615384615384617,5.0,3.0,1,Frequent High-Value Customers,0
13389,11,782.1536363636365,8603.69,0.9166666666666666,3.727272727272727,2.0,1.0,1,Frequent High-Value Customers,0
13390,8,728.095,5824.76,0.6666666666666666,4.0,2.0,2.0,0,Occasional Moderate-Value Customers,0
13391,5,508.07,2540.35,0.4166666666666667,4.6,0.0,0.0,0,Occasional Moderate-Value Customers,0
13392,14,561.8257142857143,7865.56,1.1666666666666667,3.272727272727273,3.0,2.0,1,Frequent High-Value Customers,0
13393,15,700.8646666666666,10512.97,1.25,4.384615384615385,4.0,4.0,1,Frequent High-Value Customers,0
13394,11,760.2918181818183,8363.210000000001,0.9166666666666666,4.181818181818182,1.0,4.0,1,Frequent High-Value Customers,0
13395,9,797.1666666666666,7174.5,0.75,3.875,2.0,1.0,0,Occasional Moderate-Value Customers,0
13396,10,861.9950000000001,8619.95,0.8333333333333334,4.0,1.0,0.0,0,Occasional Moderate-Value Customers,0
13397,11,757.1845454545455,8329.03,0.9166666666666666,3.4,3.0,3.0,1,Frequent High-Value Customers,0
13398,13,468.19153846153847,6086.49,1.0833333333333333,4.166666666666667,6.0,2.0,1,Frequent High-Value Customers,0
13399,15,873.2099999999999,13098.15,1.25,3.7333333333333334,5.0,3.0,1,Frequent High-Value Customers,0
13400,15,654.9733333333334,9824.6,1.25,3.5384615384615383,6.0,3.0,1,Frequent High-Value Customers,0
13401,8,628.645,5029.16,0.6666666666666666,4.375,5.0,1.0,0,Occasional Moderate-Value Customers,0
13402,10,915.6229999999999,9156.23,0.8333333333333334,3.5555555555555554,5.0,2.0,1,Frequent High-Value Customers,0
13403,11,644.75,7092.25,0.9166666666666666,3.909090909090909,1.0,3.0,0,Occasional Moderate-Value Customers,0
13404,12,863.2766666666666,10359.32,1.0,3.909090909090909,2.0,3.0,1,Frequent High-Value Customers,0
13405,12,691.0241666666666,8292.289999999999,1.0,3.5,3.0,3.0,1,Frequent High-Value Customers,0
13406,8,892.165,7137.32,0.6666666666666666,2.857142857142857,2.0,3.0,0,Occasional Moderate-Value Customers,0
13407,10,971.585,9715.85,0.8333333333333334,3.6666666666666665,3.0,1.0,1,Frequent High-Value Customers,0
13408,8,746.23875,5969.91,0.6666666666666666,3.857142857142857,2.0,3.0,0,Occasional Moderate-Value Customers,0
13409,12,573.6999999999999,6884.4,1.0,3.727272727272727,4.0,3.0,1,Frequent High-Value Customers,0
13410,14,678.7471428571428,9502.46,1.1666666666666667,4.076923076923077,4.0,2.0,1,Frequent High-Value Customers,0
13411,12,888.7475,10664.97,1.0,3.7,5.0,5.0,1,Frequent High-Value Customers,0
13412,13,729.3269230769231,9481.25,1.0833333333333333,3.5454545454545454,4.0,2.0,1,Frequent High-Value Customers,0
13413,13,700.4176923076923,9105.43,1.0833333333333333,4.166666666666667,8.0,2.0,1,Frequent High-Value Customers,0
13414,16,721.24375,11539.9,1.3333333333333333,3.75,5.0,4.0,1,Frequent High-Value Customers,0
13415,7,511.25,3578.75,0.5833333333333334,4.142857142857143,0.0,3.0,0,Occasional Moderate-Value Customers,0
13416,7,698.4028571428571,4888.82,0.5833333333333334,4.166666666666667,2.0,2.0,0,Occasional Moderate-Value Customers,0
13417,10,628.86,6288.6,0.8333333333333334,3.4,5.0,2.0,1,Frequent High-Value Customers,0
13418,11,695.1554545454545,7646.71,0.9166666666666666,4.111111111111111,2.0,4.0,1,Frequent High-Value Customers,0
13419,6,461.0733333333333,2766.44,0.5,3.4,3.0,0.0,0,Occasional Moderate-Value Customers,0
13420,9,634.0966666666667,5706.87,0.75,4.625,4.0,3.0,0,Occasional Moderate-Value Customers,0
13421,11,680.13,7481.43,0.9166666666666666,3.888888888888889,4.0,1.0,1,Frequent High-Value Customers,0
13422,13,552.3353846153847,7180.360000000001,1.0833333333333333,3.272727272727273,6.0,4.0,1,Frequent High-Value Customers,0
13423,6,501.07,3006.42,0.5,4.333333333333333,0.0,3.0,0,Occasional Moderate-Value Customers,0
13424,12,479.25083333333333,5751.01,1.0,4.2727272727272725,5.0,4.0,1,Frequent High-Value Customers,0
13425,12,677.6566666666666,8131.88,1.0,4.0,2.0,3.0,1,Frequent High-Value Customers,0
13426,10,498.97299999999996,4989.73,0.8333333333333334,4.75,1.0,0.0,0,Occasional Moderate-Value Customers,-1
13427,13,702.7415384615384,9135.64,1.0833333333333333,3.9166666666666665,1.0,4.0,1,Frequent High-Value Customers,0
13428,11,942.460909090909,10367.07,0.9166666666666666,3.9,7.0,2.0,1,Frequent High-Value Customers,0
13429,17,729.0776470588235,12394.32,1.4166666666666667,4.235294117647059,3.0,5.0,1,Frequent High-Value Customers,0
13430,7,438.49142857142857,3069.44,0.5833333333333334,3.8333333333333335,2.0,0.0,0,Occasional Moderate-Value Customers,0
13431,7,563.4385714285714,3944.07,0.5833333333333334,3.3333333333333335,1.0,1.0,0,Occasional Moderate-Value Customers,0
13432,9,785.6055555555555,7070.45,0.75,4.5,6.0,3.0,1,Frequent High-Value Customers,0
13433,12,805.2016666666667,9662.42,1.0,3.7,4.0,5.0,1,Frequent High-Value Customers,0
13434,13,754.1007692307692,9803.31,1.0833333333333333,3.0,4.0,6.0,1,Frequent High-Value Customers,0
13435,10,592.408,5924.08,0.8333333333333334,4.25,4.0,2.0,0,Occasional Moderate-Value Customers,0
13436,14,616.6628571428572,8633.28,1.1666666666666667,3.9285714285714284,3.0,1.0,1,Frequent High-Value Customers,0
13437,6,359.3316666666667,2155.9900000000002,0.5,3.6666666666666665,3.0,1.0,0,Occasional Moderate-Value Customers,0
13438,6,777.0883333333333,4662.53,0.5,3.4,0.0,0.0,0,Occasional Moderate-Value Customers,0
13439,8,728.20875,5825.67,0.6666666666666666,4.428571428571429,2.0,5.0,0,Occasional Moderate-Value Customers,0
13440,13,388.9015384615385,5055.72,1.0833333333333333,4.166666666666667,3.0,3.0,1,Frequent High-Value Customers,0
13441,11,711.9381818181818,7831.32,0.9166666666666666,4.222222222222222,4.0,1.0,1,Frequent High-Value Customers,0
13442,16,543.326875,8693.23,1.3333333333333333,3.7142857142857144,7.0,2.0,1,Frequent High-Value Customers,0
13443,10,471.554,4715.54,0.8333333333333334,4.142857142857143,0.0,3.0,0,Occasional Moderate-Value Customers,0
13444,10,706.141,7061.41,0.8333333333333334,3.7777777777777777,4.0,4.0,1,Frequent High-Value Customers,0
13445,14,762.5078571428572,10675.11,1.1666666666666667,4.076923076923077,3.0,2.0,1,Frequent High-Value Customers,0
13446,12,570.3016666666666,6843.62,1.0,3.727272727272727,6.0,4.0,1,Frequent High-Value Customers,0
13447,11,633.9281818181818,6973.21,0.9166666666666666,2.8,3.0,2.0,1,Frequent High-Value Customers,0
13448,13,666.7046153846154,8667.16,1.0833333333333333,3.8181818181818183,3.0,2.0,1,Frequent High-Value Customers,0
13449,3,801.5433333333334,2404.63,0.25,4.0,3.0,0.0,0,Occasional Moderate-Value Customers,-1
13450,10,805.601,8056.01,0.8333333333333334,3.111111111111111,6.0,0.0,1,Frequent High-Value Customers,-1
13451,14,658.5014285714286,9219.02,1.1666666666666667,4.142857142857143,4.0,2.0,1,Frequent High-Value Customers,0
13452,10,734.111,7341.11,0.8333333333333334,3.9,1.0,0.0,0,Occasional Moderate-Value Customers,0
13453,10,966.7719999999999,9667.72,0.8333333333333334,3.2222222222222223,1.0,2.0,1,Frequent High-Value Customers,0
13454,8,512.36875,4098.95,0.6666666666666666,3.875,1.0,3.0,0,Occasional Moderate-Value Customers,0
13455,8,595.94125,4767.53,0.6666666666666666,4.5,4.0,3.0,0,Occasional Moderate-Value Customers,0
13456,12,650.9425,7811.3099999999995,1.0,3.3333333333333335,3.0,1.0,1,Frequent High-Value Customers,0
13457,15,660.1306666666666,9901.96,1.25,3.7142857142857144,7.0,7.0,1,Frequent High-Value Customers,0
13458,10,821.076,8210.76,0.8333333333333334,3.625,3.0,1.0,0,Occasional Moderate-Value Customers,0
13459,10,537.191,5371.91,0.8333333333333334,3.7777777777777777,2.0,1.0,0,Occasional Moderate-Value Customers,0
13460,7,605.222857142857,4236.5599999999995,0.5833333333333334,3.3333333333333335,2.0,0.0,0,Occasional Moderate-Value Customers,0
13461,13,674.72,8771.36,1.0833333333333333,3.1538461538461537,3.0,1.0,1,Frequent High-Value Customers,0
13462,10,379.731,3797.31,0.8333333333333334,4.444444444444445,5.0,3.0,0,Occasional Moderate-Value Customers,0
13463,8,609.1175,4872.94,0.6666666666666666,3.8333333333333335,0.0,1.0,0,Occasional Moderate-Value Customers,0
13464,9,750.9766666666667,6758.79,0.75,4.25,4.0,3.0,0,Occasional Moderate-Value Customers,0
13465,9,416.00888888888886,3744.08,0.75,3.625,2.0,1.0,0,Occasional Moderate-Value Customers,0
13466,8,523.52625,4188.21,0.6666666666666666,4.25,0.0,0.0,0,Occasional Moderate-Value Customers,0
13467,7,549.5114285714286,3846.58,0.5833333333333334,3.5714285714285716,2.0,3.0,0,Occasional Moderate-Value Customers,0
13468,7,720.2414285714285,5041.69,0.5833333333333334,4.142857142857143,2.0,2.0,0,Occasional Moderate-Value Customers,0
13469,13,740.3938461538461,9625.119999999999,1.0833333333333333,4.0,3.0,6.0,1,Frequent High-Value Customers,0
13470,8,746.3612499999999,5970.889999999999,0.6666666666666666,4.25,2.0,3.0,0,Occasional Moderate-Value Customers,0
13471,12,700.5941666666666,8407.13,1.0,3.8181818181818183,1.0,4.0,1,Frequent High-Value Customers,0
13472,10,636.861,6368.61,0.8333333333333334,3.7,4.0,2.0,0,Occasional Moderate-Value Customers,0
13473,13,675.3469230769231,8779.51,1.0833333333333333,3.9166666666666665,4.0,3.0,1,Frequent High-Value Customers,0
13474,6,598.145,3588.87,0.5,4.25,1.0,2.0,0,Occasional Moderate-Value Customers,0
13475,8,635.6274999999999,5085.0199999999995,0.6666666666666666,4.0,2.0,0.0,0,Occasional Moderate-Value Customers,0
13476,14,612.9414285714286,8581.18,1.1666666666666667,3.5833333333333335,1.0,2.0,1,Frequent High-Value Customers,0
13477,15,664.048,9960.72,1.25,4.2727272727272725,5.0,5.0,1,Frequent High-Value Customers,0
13478,5,588.1940000000001,2940.9700000000003,0.4166666666666667,3.4,2.0,1.0,0,Occasional Moderate-Value Customers,0
13479,10,706.0600000000001,7060.6,0.8333333333333334,3.625,2.0,3.0,0,Occasional Moderate-Value Customers,0
13480,9,584.19,5257.71,0.75,3.142857142857143,1.0,1.0,0,Occasional Moderate-Value Customers,0
13481,11,616.8509090909091,6785.36,0.9166666666666666,3.5454545454545454,2.0,4.0,1,Frequent High-Value Customers,0
13482,9,759.75,6837.75,0.75,4.142857142857143,1.0,2.0,0,Occasional Moderate-Value Customers,0
13483,12,605.3291666666667,7263.95,1.0,3.9166666666666665,3.0,3.0,1,Frequent High-Value Customers,0
13484,7,690.9857142857143,4836.9,0.5833333333333334,3.8333333333333335,2.0,0.0,0,Occasional Moderate-Value Customers,0
13485,12,676.675,8120.099999999999,1.0,4.181818181818182,2.0,4.0,1,Frequent High-Value Customers,0
13486,12,730.7558333333333,8769.07,1.0,3.9,3.0,1.0,1,Frequent High-Value Customers,0
13487,8,547.38875,4379.11,0.6666666666666666,4.428571428571429,1.0,2.0,0,Occasional Moderate-Value Customers,0
13488,11,654.6136363636364,7200.75,0.9166666666666666,4.3,2.0,3.0,1,Frequent High-Value Customers,0
13489,10,614.494,6144.9400000000005,0.8333333333333334,4.125,4.0,4.0,1,Frequent High-Value Customers,0
13490,5,779.778,3898.8900000000003,0.4166666666666667,3.8,1.0,4.0,0,Occasional Moderate-Value Customers,0
13491,4,703.38,2813.52,0.3333333333333333,4.5,0.0,2.0,0,Occasional Moderate-Value Customers,0
13492,15,750.5433333333333,11258.15,1.25,4.214285714285714,4.0,2.0,1,Frequent High-Value Customers,0
13493,9,567.29,5105.61,0.75,3.4444444444444446,3.0,4.0,0,Occasional Moderate-Value Customers,0
13494,6,711.37,4268.22,0.5,3.5,2.0,3.0,0,Occasional Moderate-Value Customers,0
13495,10,636.3199999999999,6363.2,0.8333333333333334,3.625,1.0,2.0,0,Occasional Moderate-Value Customers,0
13496,14,672.1942857142857,9410.72,1.1666666666666667,3.6363636363636362,9.0,5.0,1,Frequent High-Value Customers,-1
13497,16,802.45875,12839.34,1.3333333333333333,4.066666666666666,4.0,2.0,1,Frequent High-Value Customers,0
13498,12,650.7175000000001,7808.610000000001,1.0,3.5454545454545454,1.0,5.0,1,Frequent High-Value Customers,0
13499,11,819.5218181818182,9014.74,0.9166666666666666,3.909090909090909,3.0,3.0,1,Frequent High-Value Customers,0
13500,10,1095.214,10952.14,0.8333333333333334,3.4,4.0,1.0,1,Frequent High-Value Customers,-1
13501,11,705.78,7763.58,0.9166666666666666,4.111111111111111,2.0,2.0,1,Frequent High-Value Customers,0
13502,7,432.59000000000003,3028.13,0.5833333333333334,4.666666666666667,1.0,2.0,0,Occasional Moderate-Value Customers,0
13503,8,900.02125,7200.17,0.6666666666666666,4.0,3.0,0.0,0,Occasional Moderate-Value Customers,0
13504,8,940.7362499999999,7525.889999999999,0.6666666666666666,3.875,4.0,1.0,0,Occasional Moderate-Value Customers,0
13505,12,878.7125,10544.55,1.0,3.7,5.0,4.0,1,Frequent High-Value Customers,0
13506,14,822.4514285714286,11514.32,1.1666666666666667,3.909090909090909,5.0,4.0,1,Frequent High-Value Customers,0
13507,5,854.7900000000002,4273.950000000001,0.4166666666666667,4.5,1.0,0.0,0,Occasional Moderate-Value Customers,0
13508,7,550.3285714285714,3852.3,0.5833333333333334,3.6666666666666665,0.0,1.0,0,Occasional Moderate-Value Customers,0
13509,7,735.8299999999999,5150.8099999999995,0.5833333333333334,3.5714285714285716,2.0,1.0,0,Occasional Moderate-Value Customers,0
13510,4,271.115,1084.46,0.3333333333333333,3.25,0.0,1.0,0,Occasional Moderate-Value Customers,0
13511,7,810.7414285714285,5675.19,0.5833333333333334,4.571428571428571,2.0,0.0,0,Occasional Moderate-Value Customers,0
13512,19,603.5573684210526,11467.59,1.5833333333333333,4.176470588235294,4.0,3.0,1,Frequent High-Value Customers,0
13513,13,629.9915384615385,8189.89,1.0833333333333333,3.769230769230769,2.0,6.0,1,Frequent High-Value Customers,0
13514,8,736.545,5892.36,0.6666666666666666,4.0,1.0,1.0,0,Occasional Moderate-Value Customers,0
13515,10,665.909,6659.09,0.8333333333333334,4.1,3.0,3.0,0,Occasional Moderate-Value Customers,0
13516,11,626.1609090909092,6887.77,0.9166666666666666,4.181818181818182,3.0,3.0,1,Frequent High-Value Customers,0
13517,7,668.1657142857142,4677.16,0.5833333333333334,3.8333333333333335,2.0,3.0,0,Occasional Moderate-Value Customers,0
13518,20,498.6235,9972.47,1.6666666666666667,3.8666666666666667,5.0,5.0,1,Frequent High-Value Customers,-1
13519,7,977.6885714285715,6843.820000000001,0.5833333333333334,3.6666666666666665,1.0,0.0,0,Occasional Moderate-Value Customers,0
13520,11,805.4354545454546,8859.79,0.9166666666666666,4.090909090909091,3.0,3.0,1,Frequent High-Value Customers,0
13521,15,826.0546666666667,12390.82,1.25,4.0,7.0,1.0,1,Frequent High-Value Customers,-1
13522,7,673.2528571428572,4712.77,0.5833333333333334,4.714285714285714,1.0,3.0,0,Occasional Moderate-Value Customers,0
13523,13,675.5130769230769,8781.67,1.0833333333333333,4.0,2.0,1.0,1,Frequent High-Value Customers,0
13524,11,1060.3436363636365,11663.78,0.9166666666666666,4.333333333333333,3.0,4.0,1,Frequent High-Value Customers,-1
13525,6,766.1466666666666,4596.88,0.5,4.0,1.0,0.0,0,Occasional Moderate-Value Customers,0
13526,13,648.3676923076923,8428.78,1.0833333333333333,3.9166666666666665,2.0,3.0,1,Frequent High-Value Customers,0
13527,16,745.44875,11927.18,1.3333333333333333,3.533333333333333,3.0,6.0,1,Frequent High-Value Customers,0
13528,11,701.0245454545455,7711.27,0.9166666666666666,4.555555555555555,2.0,3.0,1,Frequent High-Value Customers,0
13529,7,697.9457142857143,4885.62,0.5833333333333334,4.285714285714286,0.0,2.0,0,Occasional Moderate-Value Customers,0
13530,8,629.14,5033.12,0.6666666666666666,4.0,2.0,3.0,0,Occasional Moderate-Value Customers,0
13531,13,549.5584615384615,7144.26,1.0833333333333333,4.0,6.0,1.0,1,Frequent High-Value Customers,0
13532,5,513.204,2566.02,0.4166666666666667,3.5,1.0,2.0,0,Occasional Moderate-Value Customers,0
13533,5,723.494,3617.4700000000003,0.4166666666666667,4.75,1.0,2.0,0,Occasional Moderate-Value Customers,0
13534,12,663.3966666666666,7960.76,1.0,3.909090909090909,4.0,5.0,1,Frequent High-Value Customers,0
13535,10,802.39,8023.9,0.8333333333333334,4.0,1.0,5.0,1,Frequent High-Value Customers,0
13536,11,618.86,6807.46,0.9166666666666666,3.875,4.0,2.0,1,Frequent High-Value Customers,0
13537,10,684.392,6843.92,0.8333333333333334,3.5,4.0,1.0,0,Occasional Moderate-Value Customers,0
13538,5,558.036,2790.18,0.4166666666666667,4.5,0.0,0.0,0,Occasional Moderate-Value Customers,0
13539,6,590.695,3544.17,0.5,4.0,2.0,3.0,0,Occasional Moderate-Value Customers,0
13540,6,720.515,4323.09,0.5,4.2,1.0,3.0,0,Occasional Moderate-Value Customers,0
13541,10,864.524,8645.24,0.8333333333333334,4.0,2.0,2.0,1,Frequent High-Value Customers,0
13542,7,793.2314285714285,5552.62,0.5833333333333334,4.0,1.0,1.0,0,Occasional Moderate-Value Customers,0
13543,11,605.6136363636364,6661.75,0.9166666666666666,4.1,5.0,5.0,1,Frequent High-Value Customers,0
13544,9,639.7922222222222,5758.13,0.75,3.75,5.0,2.0,0,Occasional Moderate-Value Customers,0
13545,11,581.9736363636364,6401.71,0.9166666666666666,3.9,4.0,2.0,1,Frequent High-Value Customers,0
13546,11,660.8972727272727,7269.87,0.9166666666666666,4.25,5.0,2.0,1,Frequent High-Value Customers,0
13547,8,622.7275,4981.82,0.6666666666666666,4.25,1.0,4.0,0,Occasional Moderate-Value Customers,0
13548,11,723.3118181818182,7956.43,0.9166666666666666,3.3333333333333335,3.0,4.0,1,Frequent High-Value Customers,0
13549,7,711.2557142857142,4978.79,0.5833333333333334,4.0,2.0,1.0,0,Occasional Moderate-Value Customers,0
13550,8,754.81875,6038.55,0.6666666666666666,4.285714285714286,3.0,1.0,0,Occasional Moderate-Value Customers,0
13551,7,881.3314285714285,6169.32,0.5833333333333334,4.5,1.0,2.0,0,Occasional Moderate-Value Customers,0
13552,11,637.41,7011.51,0.9166666666666666,3.3636363636363638,2.0,1.0,0,Occasional Moderate-Value Customers,0
13553,7,425.0142857142857,2975.1,0.5833333333333334,2.7142857142857144,2.0,0.0,0,Occasional Moderate-Value Customers,-1
13554,9,848.6633333333333,7637.969999999999,0.75,4.5,2.0,1.0,0,Occasional Moderate-Value Customers,0
13555,10,653.557,6535.57,0.8333333333333334,4.0,5.0,2.0,1,Frequent High-Value Customers,0
13556,9,668.8044444444445,6019.24,0.75,3.875,2.0,3.0,0,Occasional Moderate-Value Customers,0
13557,12,701.8208333333333,8421.85,1.0,3.6,2.0,4.0,1,Frequent High-Value Customers,0
13558,6,701.2800000000001,4207.68,0.5,3.5,2.0,1.0,0,Occasional Moderate-Value Customers,0
13559,7,553.4342857142857,3874.04,0.5833333333333334,4.2,1.0,1.0,0,Occasional Moderate-Value Customers,0
13560,9,991.1311111111112,8920.18,0.75,3.857142857142857,0.0,0.0,0,Occasional Moderate-Value Customers,0
13561,13,736.8615384615384,9579.199999999999,1.0833333333333333,3.1818181818181817,3.0,5.0,1,Frequent High-Value Customers,0
13562,10,864.2760000000001,8642.76,0.8333333333333334,4.0,3.0,3.0,1,Frequent High-Value Customers,0
13563,14,865.6228571428571,12118.72,1.1666666666666667,3.25,1.0,4.0,1,Frequent High-Value Customers,0
13564,11,825.0954545454545,9076.05,0.9166666666666666,3.888888888888889,4.0,0.0,1,Frequent High-Value Customers,0
13565,9,629.6088888888889,5666.4800000000005,0.75,3.75,6.0,2.0,0,Occasional Moderate-Value Customers,0
13566,10,662.595,6625.95,0.8333333333333334,4.333333333333333,2.0,0.0,0,Occasional Moderate-Value Customers,0
13567,10,797.3520000000001,7973.52,0.8333333333333334,4.222222222222222,3.0,4.0,1,Frequent High-Value Customers,0
13568,9,673.3144444444445,6059.83,0.75,3.4444444444444446,3.0,1.0,0,Occasional Moderate-Value Customers,0
13569,10,680.452,6804.52,0.8333333333333334,4.222222222222222,2.0,2.0,0,Occasional Moderate-Value Customers,0
13570,9,589.5277777777778,5305.75,0.75,4.0,3.0,4.0,0,Occasional Moderate-Value Customers,0
13571,6,634.6550000000001,3807.9300000000003,0.5,4.6,2.0,2.0,0,Occasional Moderate-Value Customers,0
13572,11,661.1627272727272,7272.79,0.9166666666666666,4.181818181818182,5.0,2.0,1,Frequent High-Value Customers,0
13573,9,701.8622222222223,6316.76,0.75,3.857142857142857,1.0,3.0,0,Occasional Moderate-Value Customers,0
13574,7,615.1685714285715,4306.18,0.5833333333333334,4.6,1.0,2.0,0,Occasional Moderate-Value Customers,0
13575,8,585.2112500000001,4681.6900000000005,0.6666666666666666,4.428571428571429,0.0,4.0,0,Occasional Moderate-Value Customers,0
13576,16,573.24625,9171.94,1.3333333333333333,3.909090909090909,5.0,5.0,1,Frequent High-Value Customers,0
13577,11,674.7345454545455,7422.08,0.9166666666666666,3.7,3.0,3.0,1,Frequent High-Value Customers,0
13578,9,809.3688888888889,7284.320000000001,0.75,2.75,2.0,2.0,0,Occasional Moderate-Value Customers,0
13579,10,667.8219999999999,6678.219999999999,0.8333333333333334,3.7777777777777777,1.0,3.0,0,Occasional Moderate-Value Customers,0
13580,9,658.3288888888889,5924.96,0.75,3.5714285714285716,4.0,1.0,0,Occasional Moderate-Value Customers,0
13581,7,812.1985714285714,5685.39,0.5833333333333334,3.5,2.0,2.0,0,Occasional Moderate-Value Customers,0
13582,13,888.9592307692308,11556.47,1.0833333333333333,3.4166666666666665,4.0,3.0,1,Frequent High-Value Customers,0
13583,12,810.6166666666667,9727.4,1.0,3.6,3.0,1.0,1,Frequent High-Value Customers,0
13584,11,612.0981818181818,6733.08,0.9166666666666666,3.4,5.0,3.0,1,Frequent High-Value Customers,0
13585,13,837.5,10887.5,1.0833333333333333,3.5,3.0,4.0,1,Frequent High-Value Customers,0
13586,11,742.14,8163.54,0.9166666666666666,4.2,1.0,5.0,1,Frequent High-Value Customers,0
13587,12,725.5166666666668,8706.2,1.0,4.222222222222222,5.0,2.0,1,Frequent High-Value Customers,0
13588,15,711.6826666666667,10675.24,1.25,4.0,4.0,9.0,1,Frequent High-Value Customers,-1
13589,9,680.7055555555555,6126.349999999999,0.75,3.875,3.0,1.0,0,Occasional Moderate-Value Customers,0
13590,10,657.1899999999999,6571.9,0.8333333333333334,4.0,2.0,1.0,0,Occasional Moderate-Value Customers,0
13591,10,780.2900000000001,7802.900000000001,0.8333333333333334,3.9,4.0,1.0,0,Occasional Moderate-Value Customers,0
13592,11,912.2118181818182,10034.33,0.9166666666666666,3.5555555555555554,1.0,1.0,1,Frequent High-Value Customers,0
13593,9,688.6888888888889,6198.2,0.75,4.0,1.0,3.0,0,Occasional Moderate-Value Customers,0
13594,15,550.3013333333333,8254.52,1.25,3.6363636363636362,7.0,2.0,1,Frequent High-Value Customers,0
13595,11,636.0172727272727,6996.19,0.9166666666666666,3.4,2.0,2.0,0,Occasional Moderate-Value Customers,0
13596,11,610.5827272727273,6716.41,0.9166666666666666,4.0,5.0,3.0,1,Frequent High-Value Customers,0
13597,6,547.035,3282.21,0.5,4.333333333333333,4.0,3.0,0,Occasional Moderate-Value Customers,0
13598,10,895.0020000000001,8950.02,0.8333333333333334,3.5,4.0,2.0,1,Frequent High-Value Customers,0
13599,13,570.2476923076923,7413.22,1.0833333333333333,3.5555555555555554,3.0,5.0,1,Frequent High-Value Customers,0
13600,11,665.7236363636364,7322.96,0.9166666666666666,4.2,5.0,4.0,1,Frequent High-Value Customers,0
13601,6,521.6683333333334,3130.01,0.5,4.25,0.0,3.0,0,Occasional Moderate-Value Customers,0
13602,15,765.7173333333334,11485.76,1.25,3.8,3.0,2.0,1,Frequent High-Value Customers,0
13603,6,847.04,5082.24,0.5,4.0,2.0,1.0,0,Occasional Moderate-Value Customers,0
13604,9,524.5811111111111,4721.2300000000005,0.75,4.0,4.0,0.0,0,Occasional Moderate-Value Customers,0
13605,10,606.402,6064.02,0.8333333333333334,3.4,2.0,0.0,0,Occasional Moderate-Value Customers,0
13606,14,734.1414285714285,10277.98,1.1666666666666667,4.0,6.0,3.0,1,Frequent High-Value Customers,0
13607,9,754.31,6788.79,0.75,3.875,3.0,1.0,0,Occasional Moderate-Value Customers,0
13608,12,602.2283333333334,7226.74,1.0,4.5,7.0,5.0,1,Frequent High-Value Customers,-1
13609,7,753.3542857142857,5273.48,0.5833333333333334,4.285714285714286,1.0,4.0,0,Occasional Moderate-Value Customers,0
13610,7,554.6128571428571,3882.29,0.5833333333333334,4.0,1.0,4.0,0,Occasional Moderate-Value Customers,0
13611,17,664.135294117647,11290.3,1.4166666666666667,3.875,6.0,5.0,1,Frequent High-Value Customers,0
13612,11,559.8690909090909,6158.56,0.9166666666666666,3.8181818181818183,3.0,3.0,1,Frequent High-Value Customers,0
13613,10,511.593,5115.93,0.8333333333333334,4.3,1.0,2.0,0,Occasional Moderate-Value Customers,0
13614,10,598.367,5983.67,0.8333333333333334,4.2,4.0,4.0,1,Frequent High-Value Customers,0
13615,9,561.3955555555555,5052.5599999999995,0.75,4.0,4.0,0.0,0,Occasional Moderate-Value Customers,0
13616,11,502.19272727272727,5524.12,0.9166666666666666,3.9,2.0,3.0,0,Occasional Moderate-Value Customers,0
13617,12,1009.0575,12108.69,1.0,3.8333333333333335,3.0,3.0,1,Frequent High-Value Customers,0
13618,10,1022.5889999999999,10225.89,0.8333333333333334,3.5,8.0,2.0,1,Frequent High-Value Customers,-1
13619,9,607.1366666666667,5464.23,0.75,3.5555555555555554,2.0,3.0,0,Occasional Moderate-Value Customers,0
13620,13,741.2038461538461,9635.65,1.0833333333333333,3.9166666666666665,1.0,4.0,1,Frequent High-Value Customers,0
13621,10,683.612,6836.12,0.8333333333333334,3.7,3.0,2.0,0,Occasional Moderate-Value Customers,0
13622,11,792.07,8712.77,0.9166666666666666,3.5,5.0,1.0,1,Frequent High-Value Customers,0
13623,7,592.0471428571428,4144.33,0.5833333333333334,4.0,2.0,1.0,0,Occasional Moderate-Value Customers,0
13624,11,541.8254545454546,5960.08,0.9166666666666666,4.0,3.0,5.0,1,Frequent High-Value Customers,0
13625,10,611.096,6110.96,0.8333333333333334,3.625,4.0,3.0,0,Occasional Moderate-Value Customers,0
13626,8,790.385,6323.08,0.6666666666666666,4.428571428571429,2.0,1.0,0,Occasional Moderate-Value Customers,0
13627,9,649.1855555555555,5842.67,0.75,3.75,4.0,3.0,0,Occasional Moderate-Value Customers,0
13628,7,881.1214285714286,6167.85,0.5833333333333334,4.571428571428571,1.0,2.0,0,Occasional Moderate-Value Customers,0
13629,7,646.8042857142857,4527.63,0.5833333333333334,3.5714285714285716,4.0,2.0,0,Occasional Moderate-Value Customers,0
13630,7,700.0757142857143,4900.53,0.5833333333333334,4.142857142857143,0.0,2.0,0,Occasional Moderate-Value Customers,0
13631,12,622.2866666666667,7467.4400000000005,1.0,4.0,3.0,1.0,1,Frequent High-Value Customers,0
13632,10,686.754,6867.54,0.8333333333333334,3.6,1.0,0.0,0,Occasional Moderate-Value Customers,0
13633,6,573.1,3438.6,0.5,4.0,2.0,0.0,0,Occasional Moderate-Value Customers,0
13634,10,987.409,9874.09,0.8333333333333334,3.5555555555555554,3.0,3.0,1,Frequent High-Value Customers,0
13635,12,750.1,9001.2,1.0,3.4545454545454546,4.0,0.0,1,Frequent High-Value Customers,0
13636,10,675.4010000000001,6754.01,0.8333333333333334,4.111111111111111,1.0,2.0,0,Occasional Moderate-Value Customers,0
13637,10,945.592,9455.92,0.8333333333333334,4.4,1.0,1.0,0,Occasional Moderate-Value Customers,0
13638,7,600.1057142857143,4200.74,0.5833333333333334,3.8333333333333335,0.0,2.0,0,Occasional Moderate-Value Customers,0
13639,12,483.805,5805.66,1.0,3.2,5.0,2.0,1,Frequent High-Value Customers,0
13640,9,587.4488888888889,5287.04,0.75,4.0,4.0,2.0,0,Occasional Moderate-Value Customers,0
13641,6,775.195,4651.17,0.5,3.1666666666666665,1.0,2.0,0,Occasional Moderate-Value Customers,0
13642,15,623.5740000000001,9353.61,1.25,4.142857142857143,5.0,8.0,1,Frequent High-Value Customers,0
13643,20,656.4655,13129.31,1.6666666666666667,3.9,4.0,8.0,1,Frequent High-Value Customers,-1
13644,10,536.293,5362.93,0.8333333333333334,3.75,2.0,4.0,0,Occasional Moderate-Value Customers,0
13645,13,819.9584615384615,10659.46,1.0833333333333333,4.2727272727272725,4.0,4.0,1,Frequent High-Value Customers,0
13646,14,485.69928571428574,6799.79,1.1666666666666667,4.0,5.0,2.0,1,Frequent High-Value Customers,0
13647,10,774.781,7747.8099999999995,0.8333333333333334,4.1,1.0,1.0,0,Occasional Moderate-Value Customers,0
13648,9,515.3377777777778,4638.04,0.75,3.5714285714285716,3.0,0.0,0,Occasional Moderate-Value Customers,0
13649,7,861.157142857143,6028.1,0.5833333333333334,4.5,2.0,2.0,0,Occasional Moderate-Value Customers,0
13650,11,1118.4881818181818,12303.37,0.9166666666666666,3.3636363636363638,4.0,2.0,1,Frequent High-Value Customers,-1
13651,9,601.1866666666667,5410.68,0.75,3.857142857142857,4.0,1.0,0,Occasional Moderate-Value Customers,0
13652,9,956.4522222222222,8608.07,0.75,4.285714285714286,3.0,2.0,0,Occasional Moderate-Value Customers,0
13653,8,662.42875,5299.43,0.6666666666666666,3.625,4.0,4.0,0,Occasional Moderate-Value Customers,0
13654,12,697.295,8367.539999999999,1.0,3.909090909090909,7.0,2.0,1,Frequent High-Value Customers,0
13655,9,646.9355555555555,5822.42,0.75,4.222222222222222,5.0,1.0,0,Occasional Moderate-Value Customers,0
13656,12,768.0883333333333,9217.06,1.0,4.25,5.0,2.0,1,Frequent High-Value Customers,0
13657,9,638.2122222222222,5743.91,0.75,3.111111111111111,4.0,0.0,0,Occasional Moderate-Value Customers,0
13658,17,889.4735294117646,15121.05,1.4166666666666667,3.75,8.0,4.0,1,Frequent High-Value Customers,-1
13659,4,454.19,1816.76,0.3333333333333333,5.0,2.0,2.0,0,Occasional Moderate-Value Customers,-1
13660,13,531.9315384615385,6915.11,1.0833333333333333,3.25,6.0,4.0,1,Frequent High-Value Customers,0
13661,10,776.853,7768.53,0.8333333333333334,3.2,4.0,3.0,1,Frequent High-Value Customers,0
13662,9,723.7288888888888,6513.5599999999995,0.75,4.285714285714286,1.0,3.0,0,Occasional Moderate-Value Customers,0
13663,4,753.725,3014.9,0.3333333333333333,2.6666666666666665,2.0,1.0,0,Occasional Moderate-Value Customers,0
13664,15,732.78,10991.699999999999,1.25,4.0,3.0,3.0,1,Frequent High-Value Customers,0
13665,14,645.3135714285714,9034.39,1.1666666666666667,4.333333333333333,4.0,3.0,1,Frequent High-Value Customers,0
13666,9,611.6944444444445,5505.25,0.75,4.0,2.0,3.0,0,Occasional Moderate-Value Customers,0
13667,13,775.86,10086.18,1.0833333333333333,3.75,4.0,5.0,1,Frequent High-Value Customers,0
13668,11,690.7154545454546,7597.87,0.9166666666666666,4.5,1.0,3.0,1,Frequent High-Value Customers,0
13669,12,552.1891666666667,6626.27,1.0,4.111111111111111,4.0,1.0,1,Frequent High-Value Customers,0
13670,8,945.85375,7566.83,0.6666666666666666,4.571428571428571,2.0,2.0,0,Occasional Moderate-Value Customers,0
13671,13,559.3830769230769,7271.98,1.0833333333333333,3.727272727272727,4.0,3.0,1,Frequent High-Value Customers,0
13672,9,894.7388888888888,8052.65,0.75,3.888888888888889,3.0,1.0,0,Occasional Moderate-Value Customers,0
13673,10,542.378,5423.780000000001,0.8333333333333334,3.3333333333333335,3.0,4.0,0,Occasional Moderate-Value Customers,0
13674,13,736.6384615384615,9576.3,1.0833333333333333,4.0,2.0,5.0,1,Frequent High-Value Customers,0
13675,9,885.8877777777777,7972.99,0.75,4.0,1.0,1.0,0,Occasional Moderate-Value Customers,0
13676,7,1107.4414285714286,7752.09,0.5833333333333334,3.857142857142857,2.0,3.0,0,Occasional Moderate-Value Customers,0
13677,11,760.7481818181818,8368.23,0.9166666666666666,3.272727272727273,3.0,0.0,1,Frequent High-Value Customers,0
13678,18,670.2744444444445,12064.94,1.5,3.533333333333333,7.0,7.0,1,Frequent High-Value Customers,-1
13679,11,794.5727272727272,8740.3,0.9166666666666666,3.8181818181818183,1.0,2.0,1,Frequent High-Value Customers,0
13680,9,716.1577777777778,6445.42,0.75,3.875,3.0,6.0,1,Frequent High-Value Customers,0
13681,13,620.4430769230769,8065.76,1.0833333333333333,4.333333333333333,3.0,5.0,1,Frequent High-Value Customers,0
13682,12,703.2175000000001,8438.61,1.0,4.333333333333333,2.0,5.0,1,Frequent High-Value Customers,0
13683,9,792.9877777777779,7136.89,0.75,2.8333333333333335,1.0,2.0,0,Occasional Moderate-Value Customers,0
13684,6,556.8866666666667,3341.32,0.5,3.6,1.0,0.0,0,Occasional Moderate-Value Customers,0
13685,11,886.5563636363636,9752.119999999999,0.9166666666666666,3.6,4.0,1.0,1,Frequent High-Value Customers,0
13686,15,640.448,9606.72,1.25,3.0,5.0,3.0,1,Frequent High-Value Customers,-1
13687,5,630.4300000000001,3152.15,0.4166666666666667,3.0,3.0,0.0,0,Occasional Moderate-Value Customers,0
13688,13,626.7684615384616,8147.99,1.0833333333333333,4.090909090909091,1.0,6.0,1,Frequent High-Value Customers,0
13689,7,646.6285714285714,4526.4,0.5833333333333334,4.428571428571429,3.0,0.0,0,Occasional Moderate-Value Customers,0
13690,9,884.2388888888888,7958.15,0.75,3.8333333333333335,4.0,3.0,1,Frequent High-Value Customers,0
13691,9,648.0788888888889,5832.71,0.75,4.222222222222222,6.0,3.0,1,Frequent High-Value Customers,0
13692,4,885.0350000000001,3540.1400000000003,0.3333333333333333,2.75,3.0,0.0,0,Occasional Moderate-Value Customers,-1
13693,6,582.9616666666667,3497.77,0.5,3.5,2.0,2.0,0,Occasional Moderate-Value Customers,0
13694,13,616.1669230769231,8010.17,1.0833333333333333,4.0,3.0,4.0,1,Frequent High-Value Customers,0
13695,5,676.92,3384.6,0.4166666666666667,4.0,3.0,2.0,0,Occasional Moderate-Value Customers,0
13696,9,722.4733333333334,6502.26,0.75,4.333333333333333,3.0,2.0,0,Occasional Moderate-Value Customers,0
13697,9,796.8766666666667,7171.89,0.75,4.285714285714286,1.0,3.0,0,Occasional Moderate-Value Customers,0
13698,12,560.1433333333333,6721.72,1.0,3.9,6.0,3.0,1,Frequent High-Value Customers,0
13699,15,743.194,11147.91,1.25,3.6,2.0,2.0,1,Frequent High-Value Customers,0
13700,11,658.5063636363637,7243.570000000001,0.9166666666666666,3.625,5.0,0.0,1,Frequent High-Value Customers,0
13701,10,553.176,5531.76,0.8333333333333334,3.4,2.0,0.0,0,Occasional Moderate-Value Customers,0
13702,6,971.0133333333333,5826.08,0.5,4.0,1.0,2.0,0,Occasional Moderate-Value Customers,0
13703,4,797.2925,3189.17,0.3333333333333333,3.25,1.0,0.0,0,Occasional Moderate-Value Customers,0
13704,11,786.9209090909092,8656.130000000001,0.9166666666666666,3.3636363636363638,3.0,2.0,1,Frequent High-Value Customers,0
13705,9,612.0011111111112,5508.01,0.75,3.7777777777777777,2.0,3.0,0,Occasional Moderate-Value Customers,0
13706,10,457.604,4576.04,0.8333333333333334,4.0,3.0,3.0,0,Occasional Moderate-Value Customers,0
13707,6,592.68,3556.08,0.5,4.4,2.0,2.0,0,Occasional Moderate-Value Customers,0
13708,7,889.5014285714286,6226.51,0.5833333333333334,4.2,3.0,2.0,0,Occasional Moderate-Value Customers,0
13709,12,648.3725000000001,7780.47,1.0,4.1,6.0,4.0,1,Frequent High-Value Customers,0
13710,7,533.6071428571429,3735.25,0.5833333333333334,3.857142857142857,0.0,3.0,0,Occasional Moderate-Value Customers,0
13711,12,581.9783333333334,6983.74,1.0,3.6363636363636362,6.0,5.0,1,Frequent High-Value Customers,0
13712,7,858.6099999999999,6010.2699999999995,0.5833333333333334,4.166666666666667,3.0,3.0,0,Occasional Moderate-Value Customers,0
13713,19,650.3615789473685,12356.87,1.5833333333333333,4.0,3.0,5.0,1,Frequent High-Value Customers,0
13714,11,684.1890909090909,7526.08,0.9166666666666666,3.7777777777777777,1.0,2.0,0,Occasional Moderate-Value Customers,0
13715,11,695.0909090909091,7646.0,0.9166666666666666,3.5,4.0,1.0,1,Frequent High-Value Customers,0
13716,9,640.1522222222222,5761.37,0.75,4.0,5.0,0.0,0,Occasional Moderate-Value Customers,0
13717,8,485.8375,3886.7,0.6666666666666666,3.857142857142857,4.0,4.0,0,Occasional Moderate-Value Customers,0
13718,12,650.2216666666667,7802.66,1.0,3.3333333333333335,3.0,3.0,1,Frequent High-Value Customers,0
13719,7,795.9085714285713,5571.36,0.5833333333333334,4.4,4.0,2.0,0,Occasional Moderate-Value Customers,0
13720,7,649.12,4543.84,0.5833333333333334,3.8333333333333335,0.0,1.0,0,Occasional Moderate-Value Customers,0
13721,10,518.729,5187.29,0.8333333333333334,4.333333333333333,4.0,2.0,0,Occasional Moderate-Value Customers,0
13722,12,705.96,8471.52,1.0,4.545454545454546,6.0,6.0,1,Frequent High-Value Customers,0
13723,4,430.315,1721.26,0.3333333333333333,4.0,0.0,0.0,0,Occasional Moderate-Value Customers,0
13724,13,498.7476923076923,6483.72,1.0833333333333333,3.6666666666666665,2.0,4.0,1,Frequent High-Value Customers,0
13725,8,638.9875,5111.9,0.6666666666666666,3.125,0.0,2.0,0,Occasional Moderate-Value Customers,0
13726,9,736.9077777777778,6632.17,0.75,4.5,5.0,2.0,0,Occasional Moderate-Value Customers,0
13727,10,493.81800000000004,4938.18,0.8333333333333334,3.142857142857143,2.0,3.0,0,Occasional Moderate-Value Customers,0
13728,9,1026.6888888888889,9240.2,0.75,3.857142857142857,2.0,2.0,0,Occasional Moderate-Value Customers,0
13729,9,603.8122222222222,5434.3099999999995,0.75,3.75,4.0,1.0,0,Occasional Moderate-Value Customers,0
13730,12,963.7691666666666,11565.23,1.0,3.25,4.0,2.0,1,Frequent High-Value Customers,0
13731,9,740.3811111111112,6663.43,0.75,3.7142857142857144,3.0,2.0,0,Occasional Moderate-Value Customers,0
13732,6,752.9783333333334,4517.87,0.5,4.0,2.0,0.0,0,Occasional Moderate-Value Customers,0
13733,9,912.5933333333334,8213.34,0.75,4.25,4.0,3.0,1,Frequent High-Value Customers,0
13734,3,471.56,1414.68,0.25,5.0,2.0,1.0,0,Occasional Moderate-Value Customers,-1
13735,13,569.0561538461538,7397.73,1.0833333333333333,3.909090909090909,3.0,3.0,1,Frequent High-Value Customers,0
13736,12,805.1625,9661.95,1.0,4.0,3.0,1.0,1,Frequent High-Value Customers,0
13737,12,779.1383333333333,9349.66,1.0,4.2,3.0,2.0,1,Frequent High-Value Customers,0
13738,12,798.8491666666667,9586.19,1.0,3.6363636363636362,3.0,2.0,1,Frequent High-Value Customers,0
13739,12,656.0333333333333,7872.4,1.0,3.25,1.0,4.0,1,Frequent High-Value Customers,0
13740,6,632.3066666666667,3793.84,0.5,3.0,2.0,1.0,0,Occasional Moderate-Value Customers,0
13741,7,919.8985714285715,6439.29,0.5833333333333334,4.142857142857143,1.0,2.0,0,Occasional Moderate-Value Customers,0
13742,6,614.98,3689.88,0.5,3.0,0.0,2.0,0,Occasional Moderate-Value Customers,0
13743,8,905.01,7240.08,0.6666666666666666,4.0,1.0,2.0,0,Occasional Moderate-Value Customers,0
13744,8,514.2262499999999,4113.8099999999995,0.6666666666666666,3.4285714285714284,3.0,1.0,0,Occasional Moderate-Value Customers,0
13745,9,696.5755555555556,6269.18,0.75,3.5555555555555554,2.0,4.0,0,Occasional Moderate-Value Customers,0
13746,6,1014.9416666666666,6089.65,0.5,4.0,3.0,2.0,0,Occasional Moderate-Value Customers,0
13747,5,664.1899999999999,3320.95,0.4166666666666667,4.0,1.0,3.0,0,Occasional Moderate-Value Customers,0
13748,11,659.1945454545455,7251.14,0.9166666666666666,3.5555555555555554,1.0,2.0,0,Occasional Moderate-Value Customers,0
13749,10,496.21899999999994,4962.19,0.8333333333333334,3.2,2.0,2.0,0,Occasional Moderate-Value Customers,0
13750,11,823.5090909090909,9058.6,0.9166666666666666,4.375,3.0,4.0,1,Frequent High-Value Customers,0
13751,10,845.4190000000001,8454.19,0.8333333333333334,3.5,2.0,3.0,1,Frequent High-Value Customers,0
13752,5,430.35599999999994,2151.7799999999997,0.4166666666666667,4.25,0.0,1.0,0,Occasional Moderate-Value Customers,0
13753,9,746.05,6714.45,0.75,3.111111111111111,2.0,0.0,0,Occasional Moderate-Value Customers,0
13754,8,635.7937499999999,5086.349999999999,0.6666666666666666,3.1666666666666665,3.0,0.0,0,Occasional Moderate-Value Customers,0
13755,11,936.8036363636364,10304.84,0.9166666666666666,3.875,3.0,1.0,1,Frequent High-Value Customers,0
13756,8,519.025,4152.2,0.6666666666666666,3.5714285714285716,1.0,0.0,0,Occasional Moderate-Value Customers,0
13757,8,696.73625,5573.89,0.6666666666666666,3.875,2.0,3.0,0,Occasional Moderate-Value Customers,0
13758,20,679.8935,13597.87,1.6666666666666667,4.0,8.0,0.0,1,Frequent High-Value Customers,-1
13759,17,630.0023529411765,10710.039999999999,1.4166666666666667,3.823529411764706,5.0,5.0,1,Frequent High-Value Customers,0
13760,12,673.2108333333334,8078.530000000001,1.0,3.888888888888889,3.0,6.0,1,Frequent High-Value Customers,0
13761,12,659.3183333333333,7911.82,1.0,3.3333333333333335,3.0,3.0,1,Frequent High-Value Customers,0
13762,7,893.7857142857143,6256.5,0.5833333333333334,3.4,1.0,2.0,0,Occasional Moderate-Value Customers,0
13763,8,619.28125,4954.25,0.6666666666666666,3.625,2.0,2.0,0,Occasional Moderate-Value Customers,0
13764,10,747.811,7478.110000000001,0.8333333333333334,4.4,3.0,0.0,0,Occasional Moderate-Value Customers,0
13765,8,703.51625,5628.13,0.6666666666666666,3.857142857142857,4.0,0.0,0,Occasional Moderate-Value Customers,0
13766,4,733.425,2933.7,0.3333333333333333,4.0,3.0,0.0,0,Occasional Moderate-Value Customers,0
13767,8,713.015,5704.12,0.6666666666666666,4.0,1.0,1.0,0,Occasional Moderate-Value Customers,0
13768,11,876.3445454545454,9639.789999999999,0.9166666666666666,4.3,1.0,4.0,1,Frequent High-Value Customers,0
13769,14,671.6578571428571,9403.21,1.1666666666666667,3.857142857142857,3.0,2.0,1,Frequent High-Value Customers,0
13770,13,790.5576923076923,10277.25,1.0833333333333333,3.8461538461538463,3.0,4.0,1,Frequent High-Value Customers,0
13771,4,889.7075,3558.83,0.3333333333333333,4.0,1.0,2.0,0,Occasional Moderate-Value Customers,0
13772,12,599.3225,7191.87,1.0,3.727272727272727,4.0,1.0,1,Frequent High-Value Customers,0
13773,10,949.162,9491.62,0.8333333333333334,3.4444444444444446,5.0,1.0,1,Frequent High-Value Customers,0
13774,6,653.8449999999999,3923.0699999999997,0.5,3.0,1.0,1.0,0,Occasional Moderate-Value Customers,0
13775,5,688.012,3440.06,0.4166666666666667,4.2,1.0,1.0,0,Occasional Moderate-Value Customers,0
13776,6,720.44,4322.64,0.5,4.0,1.0,2.0,0,Occasional Moderate-Value Customers,0
13777,6,402.6566666666667,2415.94,0.5,4.2,0.0,3.0,0,Occasional Moderate-Value Customers,0
13778,13,514.0246153846153,6682.32,1.0833333333333333,3.6363636363636362,2.0,4.0,1,Frequent High-Value Customers,0
13779,10,763.79,7637.9,0.8333333333333334,4.1,2.0,4.0,1,Frequent High-Value Customers,0
13780,14,722.7078571428572,10117.91,1.1666666666666667,4.0,5.0,3.0,1,Frequent High-Value Customers,0
13781,7,764.5871428571429,5352.110000000001,0.5833333333333334,2.8333333333333335,2.0,2.0,0,Occasional Moderate-Value Customers,0
13782,9,642.7744444444445,5784.97,0.75,4.444444444444445,2.0,1.0,0,Occasional Moderate-Value Customers,0
13783,10,504.06899999999996,5040.69,0.8333333333333334,3.7142857142857144,2.0,4.0,0,Occasional Moderate-Value Customers,0
13784,16,571.799375,9148.79,1.3333333333333333,3.3125,6.0,5.0,1,Frequent High-Value Customers,0
13785,6,712.5733333333334,4275.4400000000005,0.5,4.666666666666667,0.0,2.0,0,Occasional Moderate-Value Customers,0
13786,15,501.23066666666665,7518.46,1.25,4.0,6.0,4.0,1,Frequent High-Value Customers,0
13787,6,818.9616666666667,4913.77,0.5,4.2,3.0,1.0,0,Occasional Moderate-Value Customers,0
13788,6,603.0883333333333,3618.5299999999997,0.5,4.0,0.0,1.0,0,Occasional Moderate-Value Customers,0
13789,10,673.386,6733.86,0.8333333333333334,4.333333333333333,3.0,3.0,0,Occasional Moderate-Value Customers,0
13790,7,585.7928571428572,4100.55,0.5833333333333334,3.7142857142857144,2.0,2.0,0,Occasional Moderate-Value Customers,0
13791,11,797.7218181818182,8774.94,0.9166666666666666,4.454545454545454,3.0,3.0,1,Frequent High-Value Customers,0
13792,9,545.8711111111111,4912.84,0.75,4.0,1.0,3.0,0,Occasional Moderate-Value Customers,0
13793,6,607.3433333333334,3644.06,0.5,4.166666666666667,1.0,0.0,0,Occasional Moderate-Value Customers,0
13794,12,822.43,9869.16,1.0,3.8333333333333335,6.0,2.0,1,Frequent High-Value Customers,0
13795,8,827.28125,6618.25,0.6666666666666666,3.7142857142857144,4.0,1.0,0,Occasional Moderate-Value Customers,0
13796,8,869.75125,6958.01,0.6666666666666666,3.25,5.0,4.0,1,Frequent High-Value Customers,0
13797,9,1093.161111111111,9838.449999999999,0.75,4.125,0.0,3.0,0,Occasional Moderate-Value Customers,-1
13798,10,570.395,5703.95,0.8333333333333334,3.7142857142857144,2.0,1.0,0,Occasional Moderate-Value Customers,0
13799,13,825.5623076923076,10732.31,1.0833333333333333,4.230769230769231,6.0,5.0,1,Frequent High-Value Customers,0
13800,9,714.7077777777778,6432.37,0.75,4.0,2.0,1.0,0,Occasional Moderate-Value Customers,0
13801,12,491.5516666666667,5898.62,1.0,4.2727272727272725,5.0,3.0,1,Frequent High-Value Customers,0
13802,10,532.534,5325.34,0.8333333333333334,4.444444444444445,1.0,3.0,0,Occasional Moderate-Value Customers,0
13803,12,543.5841666666666,6523.01,1.0,3.8181818181818183,3.0,2.0,1,Frequent High-Value Customers,0
13804,11,684.3790909090909,7528.17,0.9166666666666666,3.9,3.0,3.0,1,Frequent High-Value Customers,0
13805,7,669.6357142857142,4687.45,0.5833333333333334,3.142857142857143,4.0,0.0,0,Occasional Moderate-Value Customers,0
13806,9,987.1266666666666,8884.14,0.75,4.222222222222222,3.0,0.0,0,Occasional Moderate-Value Customers,0
13807,13,537.786923076923,6991.23,1.0833333333333333,3.7,4.0,3.0,1,Frequent High-Value Customers,0
13808,14,667.4585714285714,9344.42,1.1666666666666667,3.3846153846153846,3.0,4.0,1,Frequent High-Value Customers,0
13809,8,567.035,4536.28,0.6666666666666666,4.125,1.0,2.0,0,Occasional Moderate-Value Customers,0
13810,3,743.2933333333334,2229.88,0.25,4.666666666666667,1.0,1.0,0,Occasional Moderate-Value Customers,0
13811,10,668.687,6686.87,0.8333333333333334,3.625,5.0,1.0,0,Occasional Moderate-Value Customers,0
13812,10,628.8770000000001,6288.77,0.8333333333333334,3.75,4.0,3.0,1,Frequent High-Value Customers,0
13813,14,896.782142857143,12554.95,1.1666666666666667,4.615384615384615,5.0,3.0,1,Frequent High-Value Customers,0
13814,8,607.49125,4859.93,0.6666666666666666,3.25,1.0,3.0,0,Occasional Moderate-Value Customers,0
13815,16,647.04625,10352.74,1.3333333333333333,3.3076923076923075,4.0,4.0,1,Frequent High-Value Customers,0
13816,9,608.9366666666667,5480.43,0.75,3.7777777777777777,6.0,3.0,0,Occasional Moderate-Value Customers,0
13817,15,630.8693333333334,9463.04,1.25,3.6,5.0,6.0,1,Frequent High-Value Customers,0
13818,8,942.38875,7539.11,0.6666666666666666,3.625,2.0,3.0,0,Occasional Moderate-Value Customers,0
13819,12,896.0433333333334,10752.52,1.0,3.4,5.0,3.0,1,Frequent High-Value Customers,0
13820,23,706.3830434782609,16246.81,1.9166666666666667,4.0,3.0,5.0,1,Frequent High-Value Customers,-1
13821,10,561.202,5612.02,0.8333333333333334,3.6666666666666665,3.0,4.0,0,Occasional Moderate-Value Customers,0
13822,11,873.8127272727273,9611.94,0.9166666666666666,4.1,4.0,5.0,1,Frequent High-Value Customers,0
13823,8,746.67625,5973.41,0.6666666666666666,3.7142857142857144,1.0,2.0,0,Occasional Moderate-Value Customers,0
13824,6,781.5266666666666,4689.16,0.5,4.333333333333333,2.0,3.0,0,Occasional Moderate-Value Customers,0
13825,14,734.1392857142857,10277.95,1.1666666666666667,4.363636363636363,7.0,1.0,1,Frequent High-Value Customers,0
13826,11,517.3618181818182,5690.98,0.9166666666666666,4.222222222222222,2.0,5.0,1,Frequent High-Value Customers,0
13827,9,759.8255555555556,6838.43,0.75,4.428571428571429,2.0,1.0,0,Occasional Moderate-Value Customers,0
13828,10,345.82399999999996,3458.24,0.8333333333333334,3.9,3.0,2.0,0,Occasional Moderate-Value Customers,0
13829,15,614.9786666666666,9224.68,1.25,4.142857142857143,5.0,3.0,1,Frequent High-Value Customers,0
13830,5,852.8300000000002,4264.150000000001,0.4166666666666667,3.8,2.0,2.0,0,Occasional Moderate-Value Customers,0
13831,8,539.45375,4315.63,0.6666666666666666,3.857142857142857,3.0,2.0,0,Occasional Moderate-Value Customers,0
13832,9,534.1888888888889,4807.7,0.75,3.857142857142857,4.0,3.0,0,Occasional Moderate-Value Customers,0
13833,11,606.2472727272726,6668.719999999999,0.9166666666666666,4.333333333333333,5.0,3.0,1,Frequent High-Value Customers,0
13834,9,657.5633333333333,5918.07,0.75,3.7777777777777777,0.0,2.0,0,Occasional Moderate-Value Customers,0
13835,10,832.177,8321.77,0.8333333333333334,4.0,3.0,4.0,1,Frequent High-Value Customers,0
13836,9,884.678888888889,7962.110000000001,0.75,4.777777777777778,2.0,1.0,0,Occasional Moderate-Value Customers,0
13837,9,718.6322222222221,6467.69,0.75,3.2222222222222223,3.0,4.0,0,Occasional Moderate-Value Customers,0
13838,8,442.2975,3538.38,0.6666666666666666,3.6,1.0,2.0,0,Occasional Moderate-Value Customers,0
13839,14,798.7285714285715,11182.2,1.1666666666666667,4.0,6.0,3.0,1,Frequent High-Value Customers,0
13840,13,625.3276923076924,8129.26,1.0833333333333333,4.0,6.0,1.0,1,Frequent High-Value Customers,0
13841,11,648.4709090909091,7133.18,0.9166666666666666,3.7,2.0,3.0,1,Frequent High-Value Customers,0
13842,9,632.6988888888889,5694.29,0.75,4.333333333333333,1.0,3.0,0,Occasional Moderate-Value Customers,0
13843,12,695.87,8350.44,1.0,3.9166666666666665,3.0,5.0,1,Frequent High-Value Customers,0
13844,10,691.7850000000001,6917.85,0.8333333333333334,3.7777777777777777,2.0,2.0,0,Occasional Moderate-Value Customers,0
13845,13,715.176923076923,9297.3,1.0833333333333333,3.75,4.0,5.0,1,Frequent High-Value Customers,0
13846,9,929.5533333333333,8365.98,0.75,3.6666666666666665,4.0,4.0,1,Frequent High-Value Customers,0
13847,8,384.97875,3079.83,0.6666666666666666,3.142857142857143,3.0,1.0,0,Occasional Moderate-Value Customers,-1
13848,6,550.5016666666667,3303.01,0.5,3.0,1.0,1.0,0,Occasional Moderate-Value Customers,0
13849,10,756.2149999999999,7562.15,0.8333333333333334,3.111111111111111,1.0,3.0,0,Occasional Moderate-Value Customers,0
13850,9,671.2177777777778,6040.96,0.75,3.875,3.0,3.0,0,Occasional Moderate-Value Customers,0
13851,15,723.9913333333334,10859.87,1.25,3.9166666666666665,4.0,2.0,1,Frequent High-Value Customers,0
13852,11,505.86454545454546,5564.51,0.9166666666666666,4.0,1.0,2.0,0,Occasional Moderate-Value Customers,0
13853,11,756.2654545454545,8318.92,0.9166666666666666,4.181818181818182,0.0,2.0,0,Occasional Moderate-Value Customers,0
13854,13,736.1038461538462,9569.35,1.0833333333333333,3.909090909090909,0.0,6.0,1,Frequent High-Value Customers,-1
13855,8,502.77375,4022.19,0.6666666666666666,4.0,1.0,2.0,0,Occasional Moderate-Value Customers,0
13856,6,691.3416666666667,4148.05,0.5,3.6,3.0,3.0,0,Occasional Moderate-Value Customers,0
13857,10,474.75,4747.5,0.8333333333333334,3.6,3.0,2.0,0,Occasional Moderate-Value Customers,0
13858,8,486.03,3888.24,0.6666666666666666,4.0,1.0,2.0,0,Occasional Moderate-Value Customers,0
13859,10,1006.908,10069.08,0.8333333333333334,3.9,2.0,2.0,1,Frequent High-Value Customers,0
13860,13,739.9153846153846,9618.9,1.0833333333333333,4.090909090909091,4.0,3.0,1,Frequent High-Value Customers,0
13861,10,626.847,6268.47,0.8333333333333334,4.25,4.0,2.0,0,Occasional Moderate-Value Customers,0
13862,14,678.9457142857143,9505.24,1.1666666666666667,4.0,4.0,3.0,1,Frequent High-Value Customers,0
13863,13,759.5407692307692,9874.03,1.0833333333333333,3.6923076923076925,3.0,2.0,1,Frequent High-Value Customers,0
13864,8,665.215,5321.72,0.6666666666666666,4.333333333333333,2.0,1.0,0,Occasional Moderate-Value Customers,0
13865,9,635.33,5717.97,0.75,4.0,0.0,4.0,0,Occasional Moderate-Value Customers,0
13866,10,953.075,9530.75,0.8333333333333334,4.0,4.0,2.0,1,Frequent High-Value Customers,0
13867,12,634.1750000000001,7610.1,1.0,4.181818181818182,5.0,1.0,1,Frequent High-Value Customers,0
13868,6,508.6716666666667,3052.03,0.5,4.25,0.0,1.0,0,Occasional Moderate-Value Customers,0
13869,7,657.5828571428572,4603.08,0.5833333333333334,3.6,4.0,1.0,0,Occasional Moderate-Value Customers,0
13870,10,738.671,7386.71,0.8333333333333334,4.571428571428571,3.0,3.0,1,Frequent High-Value Customers,0
13871,10,357.448,3574.48,0.8333333333333334,3.7,2.0,0.0,0,Occasional Moderate-Value Customers,0
13872,5,497.62199999999996,2488.1099999999997,0.4166666666666667,3.4,1.0,1.0,0,Occasional Moderate-Value Customers,0
13873,16,909.7218750000001,14555.550000000001,1.3333333333333333,4.1875,5.0,7.0,1,Frequent High-Value Customers,-1
13874,15,747.3586666666666,11210.38,1.25,3.4285714285714284,4.0,4.0,1,Frequent High-Value Customers,0
13875,8,912.2875,7298.3,0.6666666666666666,4.125,3.0,1.0,0,Occasional Moderate-Value Customers,0
13876,10,702.8140000000001,7028.14,0.8333333333333334,4.3,4.0,2.0,1,Frequent High-Value Customers,0
13877,6,418.25499999999994,2509.5299999999997,0.5,4.0,2.0,1.0,0,Occasional Moderate-Value Customers,0
13878,12,826.1533333333333,9913.84,1.0,4.1,2.0,1.0,1,Frequent High-Value Customers,0
13879,19,514.8210526315789,9781.6,1.5833333333333333,4.0,4.0,3.0,1,Frequent High-Value Customers,-1
13880,9,653.0766666666667,5877.6900000000005,0.75,3.25,1.0,2.0,0,Occasional Moderate-Value Customers,0
13881,6,575.0383333333333,3450.23,0.5,3.3333333333333335,1.0,1.0,0,Occasional Moderate-Value Customers,0
13882,8,792.69625,6341.57,0.6666666666666666,3.75,2.0,3.0,0,Occasional Moderate-Value Customers,0
13883,9,998.6155555555556,8987.54,0.75,4.0,4.0,1.0,1,Frequent High-Value Customers,0
13884,6,749.2233333333334,4495.34,0.5,3.8,2.0,1.0,0,Occasional Moderate-Value Customers,0
13885,12,767.5608333333333,9210.73,1.0,4.444444444444445,1.0,4.0,1,Frequent High-Value Customers,0
13886,13,775.573846153846,10082.46,1.0833333333333333,4.166666666666667,4.0,5.0,1,Frequent High-Value Customers,0
13887,8,614.8937500000001,4919.150000000001,0.6666666666666666,3.75,2.0,2.0,0,Occasional Moderate-Value Customers,0
13888,12,701.9283333333333,8423.14,1.0,3.9,3.0,7.0,1,Frequent High-Value Customers,0
13889,6,597.5416666666666,3585.25,0.5,3.0,2.0,3.0,0,Occasional Moderate-Value Customers,0
13890,15,688.6353333333334,10329.53,1.25,4.071428571428571,5.0,3.0,1,Frequent High-Value Customers,0
13891,14,639.1835714285714,8948.57,1.1666666666666667,4.0,6.0,3.0,1,Frequent High-Value Customers,0
13892,9,803.2611111111112,7229.35,0.75,4.0,2.0,1.0,0,Occasional Moderate-Value Customers,0
13893,11,633.8772727272727,6972.650000000001,0.9166666666666666,4.333333333333333,3.0,5.0,1,Frequent High-Value Customers,0
13894,14,675.5364285714286,9457.51,1.1666666666666667,4.384615384615385,7.0,2.0,1,Frequent High-Value Customers,0
13895,9,728.9655555555555,6560.69,0.75,4.285714285714286,3.0,4.0,0,Occasional Moderate-Value Customers,0
13896,13,757.0784615384616,9842.02,1.0833333333333333,4.181818181818182,5.0,3.0,1,Frequent High-Value Customers,0
13897,9,765.2077777777778,6886.87,0.75,3.875,3.0,3.0,0,Occasional Moderate-Value Customers,0
13898,12,626.9558333333333,7523.47,1.0,4.25,2.0,0.0,0,Occasional Moderate-Value Customers,0
13899,12,626.6066666666667,7519.28,1.0,3.6666666666666665,1.0,3.0,1,Frequent High-Value Customers,0
13900,7,671.3842857142857,4699.6900000000005,0.5833333333333334,4.5,3.0,4.0,0,Occasional Moderate-Value Customers,0
13901,10,616.793,6167.93,0.8333333333333334,3.6666666666666665,2.0,1.0,0,Occasional Moderate-Value Customers,0
13902,10,750.803,7508.03,0.8333333333333334,4.1,3.0,4.0,1,Frequent High-Value Customers,0
13903,4,719.0625,2876.25,0.3333333333333333,4.0,1.0,2.0,0,Occasional Moderate-Value Customers,0
13904,5,642.2139999999999,3211.0699999999997,0.4166666666666667,4.5,2.0,0.0,0,Occasional Moderate-Value Customers,0
13905,15,611.7006666666667,9175.51,1.25,4.071428571428571,3.0,4.0,1,Frequent High-Value Customers,0
13906,15,829.5213333333334,12442.82,1.25,3.5384615384615383,3.0,3.0,1,Frequent High-Value Customers,0
13907,12,814.6550000000001,9775.86,1.0,3.3333333333333335,5.0,1.0,1,Frequent High-Value Customers,0
13908,11,741.3690909090909,8155.06,0.9166666666666666,3.111111111111111,2.0,2.0,1,Frequent High-Value Customers,0
13909,6,588.855,3533.13,0.5,3.8333333333333335,1.0,4.0,0,Occasional Moderate-Value Customers,0
13910,8,657.71625,5261.73,0.6666666666666666,4.25,3.0,1.0,0,Occasional Moderate-Value Customers,0
13911,13,751.2223076923076,9765.89,1.0833333333333333,4.222222222222222,3.0,2.0,1,Frequent High-Value Customers,0
13912,9,629.9311111111111,5669.38,0.75,4.0,1.0,2.0,0,Occasional Moderate-Value Customers,0
13913,7,985.2657142857144,6896.860000000001,0.5833333333333334,3.0,2.0,3.0,0,Occasional Moderate-Value Customers,0
13914,12,916.7758333333333,11001.31,1.0,3.8333333333333335,5.0,2.0,1,Frequent High-Value Customers,0
13915,9,565.5400000000001,5089.860000000001,0.75,3.7777777777777777,6.0,3.0,0,Occasional Moderate-Value Customers,0
13916,5,712.1139999999999,3560.5699999999997,0.4166666666666667,4.0,0.0,1.0,0,Occasional Moderate-Value Customers,0
13917,11,682.9718181818182,7512.6900000000005,0.9166666666666666,3.4545454545454546,2.0,3.0,1,Frequent High-Value Customers,0
13918,20,516.9305,10338.61,1.6666666666666667,3.823529411764706,8.0,5.0,1,Frequent High-Value Customers,-1
13919,5,809.222,4046.11,0.4166666666666667,2.6666666666666665,2.0,1.0,0,Occasional Moderate-Value Customers,0
13920,14,551.6271428571429,7722.78,1.1666666666666667,3.75,6.0,7.0,1,Frequent High-Value Customers,0
13921,8,928.87375,7430.99,0.6666666666666666,4.571428571428571,3.0,1.0,0,Occasional Moderate-Value Customers,0
13922,11,548.4418181818181,6032.86,0.9166666666666666,3.625,4.0,3.0,1,Frequent High-Value Customers,0
13923,12,517.3791666666667,6208.55,1.0,3.7,2.0,4.0,1,Frequent High-Value Customers,0
13924,12,668.3466666666667,8020.16,1.0,3.9166666666666665,3.0,1.0,1,Frequent High-Value Customers,0
13925,6,993.18,5959.08,0.5,3.8333333333333335,1.0,2.0,0,Occasional Moderate-Value Customers,0
13926,8,544.5625,4356.5,0.6666666666666666,3.7142857142857144,2.0,2.0,0,Occasional Moderate-Value Customers,0
13927,8,871.34625,6970.77,0.6666666666666666,3.875,3.0,0.0,0,Occasional Moderate-Value Customers,0
13928,9,553.5377777777778,4981.84,0.75,3.6666666666666665,3.0,3.0,0,Occasional Moderate-Value Customers,0
13929,13,637.3023076923077,8284.93,1.0833333333333333,3.5,4.0,4.0,1,Frequent High-Value Customers,0
13930,8,968.6475,7749.18,0.6666666666666666,4.285714285714286,1.0,1.0,0,Occasional Moderate-Value Customers,0
13931,15,922.9013333333334,13843.52,1.25,3.769230769230769,3.0,5.0,1,Frequent High-Value Customers,0
13932,7,461.5614285714286,3230.9300000000003,0.5833333333333334,4.333333333333333,3.0,1.0,0,Occasional Moderate-Value Customers,0
13933,10,723.2239999999999,7232.24,0.8333333333333334,3.5,4.0,1.0,0,Occasional Moderate-Value Customers,0
13934,10,726.909,7269.09,0.8333333333333334,3.8,3.0,5.0,1,Frequent High-Value Customers,0
13935,8,548.86375,4390.91,0.6666666666666666,3.375,3.0,2.0,0,Occasional Moderate-Value Customers,0
13936,9,857.4977777777777,7717.48,0.75,4.0,3.0,3.0,0,Occasional Moderate-Value Customers,0
13937,9,725.9033333333333,6533.13,0.75,4.285714285714286,0.0,3.0,0,Occasional Moderate-Value Customers,0
13938,13,633.4684615384615,8235.09,1.0833333333333333,3.7777777777777777,1.0,3.0,1,Frequent High-Value Customers,0
13939,11,618.9327272727273,6808.26,0.9166666666666666,3.090909090909091,9.0,5.0,1,Frequent High-Value Customers,-1
13940,9,1041.7555555555555,9375.8,0.75,3.2857142857142856,2.0,2.0,0,Occasional Moderate-Value Customers,0
13941,17,785.9394117647059,13360.970000000001,1.4166666666666667,3.5714285714285716,6.0,3.0,1,Frequent High-Value Customers,0
13942,10,765.861,7658.61,0.8333333333333334,4.125,0.0,2.0,0,Occasional Moderate-Value Customers,0
13943,11,876.2627272727273,9638.89,0.9166666666666666,4.5,4.0,5.0,1,Frequent High-Value Customers,0
13944,10,766.111,7661.11,0.8333333333333334,4.333333333333333,3.0,4.0,1,Frequent High-Value Customers,0
13945,10,832.732,8327.32,0.8333333333333334,4.3,1.0,3.0,0,Occasional Moderate-Value Customers,0
13946,15,763.368,11450.52,1.25,3.5,5.0,4.0,1,Frequent High-Value Customers,0
13947,8,766.9675,6135.74,0.6666666666666666,3.5,0.0,0.0,0,Occasional Moderate-Value Customers,0
13948,6,604.5733333333333,3627.4399999999996,0.5,3.6666666666666665,2.0,2.0,0,Occasional Moderate-Value Customers,0
13949,9,801.2588888888889,7211.33,0.75,3.4285714285714284,4.0,0.0,0,Occasional Moderate-Value Customers,0
13950,7,877.2357142857143,6140.65,0.5833333333333334,3.4,4.0,3.0,0,Occasional Moderate-Value Customers,0
13951,8,498.72625,3989.81,0.6666666666666666,4.0,3.0,5.0,0,Occasional Moderate-Value Customers,0
13952,9,743.1577777777778,6688.42,0.75,4.0,2.0,2.0,0,Occasional Moderate-Value Customers,0
13953,6,814.5566666666667,4887.34,0.5,4.0,1.0,0.0,0,Occasional Moderate-Value Customers,0
13954,11,769.049090909091,8459.54,0.9166666666666666,3.9,3.0,5.0,1,Frequent High-Value Customers,0
13955,15,518.828,7782.42,1.25,3.230769230769231,7.0,3.0,1,Frequent High-Value Customers,0
13956,7,501.9771428571429,3513.84,0.5833333333333334,3.4,1.0,1.0,0,Occasional Moderate-Value Customers,0
13957,9,963.4144444444444,8670.73,0.75,3.625,2.0,2.0,0,Occasional Moderate-Value Customers,0
13958,7,765.8771428571428,5361.139999999999,0.5833333333333334,4.666666666666667,2.0,1.0,0,Occasional Moderate-Value Customers,0
13959,11,562.069090909091,6182.76,0.9166666666666666,4.1,2.0,3.0,0,Occasional Moderate-Value Customers,0
13960,14,840.8421428571429,11771.79,1.1666666666666667,3.857142857142857,3.0,4.0,1,Frequent High-Value Customers,0
13961,4,530.1575,2120.63,0.3333333333333333,3.0,1.0,1.0,0,Occasional Moderate-Value Customers,0
13962,12,652.8791666666667,7834.55,1.0,4.2727272727272725,4.0,1.0,1,Frequent High-Value Customers,0
13963,7,587.3142857142858,4111.200000000001,0.5833333333333334,4.142857142857143,2.0,2.0,0,Occasional Moderate-Value Customers,0
13964,10,562.817,5628.17,0.8333333333333334,4.625,1.0,2.0,0,Occasional Moderate-Value Customers,0
13965,7,591.6999999999999,4141.9,0.5833333333333334,3.5714285714285716,1.0,1.0,0,Occasional Moderate-Value Customers,0
13966,12,497.7191666666667,5972.63,1.0,4.0,2.0,5.0,1,Frequent High-Value Customers,0
13967,11,683.7345454545455,7521.08,0.9166666666666666,3.75,3.0,3.0,1,Frequent High-Value Customers,0
13968,14,673.7328571428571,9432.26,1.1666666666666667,4.0,3.0,2.0,1,Frequent High-Value Customers,0
13969,11,578.0536363636364,6358.59,0.9166666666666666,4.3,5.0,4.0,1,Frequent High-Value Customers,0
13970,6,555.4899999999999,3332.9399999999996,0.5,3.8333333333333335,2.0,2.0,0,Occasional Moderate-Value Customers,0
13971,10,726.988,7269.88,0.8333333333333334,4.5,2.0,3.0,0,Occasional Moderate-Value Customers,0
13972,7,702.4614285714285,4917.23,0.5833333333333334,4.333333333333333,3.0,2.0,0,Occasional Moderate-Value Customers,0
13973,12,704.4666666666667,8453.6,1.0,3.857142857142857,6.0,4.0,1,Frequent High-Value Customers,0
13974,10,775.816,7758.16,0.8333333333333334,3.7,3.0,3.0,1,Frequent High-Value Customers,0
13975,9,902.37,8121.33,0.75,3.625,5.0,0.0,0,Occasional Moderate-Value Customers,0
13976,8,820.7325,6565.86,0.6666666666666666,4.25,3.0,1.0,0,Occasional Moderate-Value Customers,0
13977,12,629.7566666666667,7557.08,1.0,4.0,6.0,2.0,1,Frequent High-Value Customers,0
13978,5,745.49,3727.45,0.4166666666666667,3.8,0.0,2.0,0,Occasional Moderate-Value Customers,0
13979,10,453.003,4530.03,0.8333333333333334,4.1,2.0,2.0,0,Occasional Moderate-Value Customers,0
13980,8,710.0275,5680.22,0.6666666666666666,4.285714285714286,4.0,2.0,0,Occasional Moderate-Value Customers,0
13981,8,572.85,4582.8,0.6666666666666666,3.2857142857142856,1.0,3.0,0,Occasional Moderate-Value Customers,0
13982,8,729.33875,5834.71,0.6666666666666666,4.571428571428571,3.0,4.0,0,Occasional Moderate-Value Customers,0
13983,12,853.4891666666667,10241.87,1.0,4.125,5.0,3.0,1,Frequent High-Value Customers,0
13984,8,625.2925,5002.34,0.6666666666666666,3.2857142857142856,4.0,1.0,0,Occasional Moderate-Value Customers,0
13985,12,721.7566666666667,8661.08,1.0,4.25,2.0,2.0,1,Frequent High-Value Customers,0
13986,12,519.15,6229.8,1.0,3.7,4.0,4.0,1,Frequent High-Value Customers,0
13987,9,676.8255555555556,6091.43,0.75,3.4444444444444446,3.0,3.0,0,Occasional Moderate-Value Customers,0
13988,12,588.2508333333334,7059.01,1.0,3.9166666666666665,5.0,2.0,1,Frequent High-Value Customers,0
13989,12,498.9666666666667,5987.6,1.0,4.0,6.0,4.0,1,Frequent High-Value Customers,0
13990,13,830.1899999999999,10792.47,1.0833333333333333,3.888888888888889,6.0,4.0,1,Frequent High-Value Customers,0
13991,10,747.875,7478.75,0.8333333333333334,3.857142857142857,2.0,2.0,0,Occasional Moderate-Value Customers,0
13992,9,647.2622222222222,5825.360000000001,0.75,4.25,1.0,2.0,0,Occasional Moderate-Value Customers,0
13993,13,681.3307692307692,8857.3,1.0833333333333333,4.0,2.0,3.0,1,Frequent High-Value Customers,0
13994,11,681.8509090909091,7500.36,0.9166666666666666,4.0,4.0,3.0,1,Frequent High-Value Customers,0
13995,12,529.2916666666666,6351.5,1.0,3.6666666666666665,3.0,1.0,1,Frequent High-Value Customers,0
13996,8,890.18875,7121.51,0.6666666666666666,3.6666666666666665,2.0,1.0,0,Occasional Moderate-Value Customers,0
13997,8,948.46375,7587.71,0.6666666666666666,3.875,3.0,1.0,0,Occasional Moderate-Value Customers,0
13998,7,940.3271428571428,6582.29,0.5833333333333334,4.5,1.0,0.0,0,Occasional Moderate-Value Customers,0
13999,10,657.62,6576.2,0.8333333333333334,4.111111111111111,3.0,0.0,0,Occasional Moderate-Value Customers,0
14000,7,893.6,6255.2,0.5833333333333334,3.8,0.0,1.0,0,Occasional Moderate-Value Customers,0
14001,11,740.3518181818182,8143.87,0.9166666666666666,4.0,2.0,3.0,1,Frequent High-Value Customers,0
14002,7,866.1671428571428,6063.17,0.5833333333333334,4.2,4.0,2.0,0,Occasional Moderate-Value Customers,0
14003,11,826.080909090909,9086.89,0.9166666666666666,3.3333333333333335,5.0,1.0,1,Frequent High-Value Customers,0
14004,4,937.41,3749.64,0.3333333333333333,4.0,0.0,0.0,0,Occasional Moderate-Value Customers,0
14005,13,763.0361538461538,9919.47,1.0833333333333333,3.727272727272727,3.0,3.0,1,Frequent High-Value Customers,0
14006,10,788.044,7880.44,0.8333333333333334,4.333333333333333,1.0,1.0,0,Occasional Moderate-Value Customers,0
14007,10,724.978,7249.78,0.8333333333333334,4.111111111111111,3.0,5.0,1,Frequent High-Value Customers,0
14008,14,554.5028571428571,7763.04,1.1666666666666667,4.230769230769231,9.0,5.0,1,Frequent High-Value Customers,-1
14009,9,1094.6999999999998,9852.3,0.75,3.75,5.0,5.0,1,Frequent High-Value Customers,-1
14010,11,769.3572727272727,8462.93,0.9166666666666666,3.8,1.0,2.0,1,Frequent High-Value Customers,0
14011,20,722.0285,14440.57,1.6666666666666667,4.2,10.0,4.0,1,Frequent High-Value Customers,-1
14012,15,905.1706666666666,13577.56,1.25,3.3846153846153846,4.0,3.0,1,Frequent High-Value Customers,-1
14013,9,598.4344444444445,5385.91,0.75,3.625,3.0,3.0,0,Occasional Moderate-Value Customers,0
14014,7,569.74,3988.18,0.5833333333333334,3.5,3.0,3.0,0,Occasional Moderate-Value Customers,0
14015,11,931.6409090909091,10248.05,0.9166666666666666,4.0,3.0,4.0,1,Frequent High-Value Customers,0
14016,8,485.18499999999995,3881.4799999999996,0.6666666666666666,3.625,5.0,3.0,0,Occasional Moderate-Value Customers,0
14017,12,694.0891666666666,8329.07,1.0,4.181818181818182,4.0,3.0,1,Frequent High-Value Customers,0
14018,7,842.4614285714287,5897.2300000000005,0.5833333333333334,4.5,6.0,1.0,0,Occasional Moderate-Value Customers,-1
14019,12,764.5841666666666,9175.01,1.0,3.727272727272727,2.0,3.0,1,Frequent High-Value Customers,0
14020,6,1012.9933333333333,6077.96,0.5,3.75,0.0,0.0,0,Occasional Moderate-Value Customers,0
14021,4,635.095,2540.38,0.3333333333333333,4.5,1.0,0.0,0,Occasional Moderate-Value Customers,0
14022,9,833.1144444444444,7498.03,0.75,3.5714285714285716,1.0,4.0,0,Occasional Moderate-Value Customers,0
14023,11,547.1845454545454,6019.03,0.9166666666666666,2.2857142857142856,5.0,0.0,0,Occasional Moderate-Value Customers,-1
14024,12,759.4916666666667,9113.9,1.0,4.454545454545454,5.0,3.0,1,Frequent High-Value Customers,0
14025,6,1051.53,6309.18,0.5,4.0,2.0,0.0,0,Occasional Moderate-Value Customers,0
14026,11,850.2445454545455,9352.69,0.9166666666666666,3.8181818181818183,5.0,2.0,1,Frequent High-Value Customers,0
14027,5,954.1540000000001,4770.77,0.4166666666666667,3.4,1.0,1.0,0,Occasional Moderate-Value Customers,0
14028,11,656.1718181818181,7217.889999999999,0.9166666666666666,4.181818181818182,3.0,4.0,1,Frequent High-Value Customers,0
14029,6,576.9366666666666,3461.62,0.5,4.6,0.0,1.0,0,Occasional Moderate-Value Customers,0
14030,14,865.6735714285714,12119.43,1.1666666666666667,4.1,1.0,5.0,1,Frequent High-Value Customers,-1
14031,6,457.8866666666666,2747.3199999999997,0.5,3.3333333333333335,3.0,0.0,0,Occasional Moderate-Value Customers,0
14032,9,564.6266666666667,5081.64,0.75,3.625,3.0,2.0,0,Occasional Moderate-Value Customers,0
14033,14,541.5792857142857,7582.11,1.1666666666666667,4.090909090909091,4.0,1.0,1,Frequent High-Value Customers,0
14034,14,646.0485714285714,9044.68,1.1666666666666667,4.0,5.0,6.0,1,Frequent High-Value Customers,0
14035,9,630.8311111111111,5677.48,0.75,4.125,4.0,3.0,0,Occasional Moderate-Value Customers,0
14036,13,748.2776923076924,9727.61,1.0833333333333333,4.076923076923077,2.0,4.0,1,Frequent High-Value Customers,0
14037,12,667.1416666666667,8005.7,1.0,3.6,4.0,5.0,1,Frequent High-Value Customers,0
14038,7,610.2885714285715,4272.02,0.5833333333333334,4.142857142857143,3.0,3.0,0,Occasional Moderate-Value Customers,0
14039,9,750.0144444444445,6750.13,0.75,3.7777777777777777,3.0,1.0,0,Occasional Moderate-Value Customers,0
14040,7,857.5871428571428,6003.11,0.5833333333333334,4.2,2.0,1.0,0,Occasional Moderate-Value Customers,0
14041,15,673.0400000000001,10095.6,1.25,4.071428571428571,5.0,2.0,1,Frequent High-Value Customers,0
14042,15,640.298,9604.47,1.25,3.9166666666666665,3.0,3.0,1,Frequent High-Value Customers,0
14043,12,658.3008333333333,7899.61,1.0,4.0,1.0,5.0,1,Frequent High-Value Customers,0
14044,10,676.582,6765.82,0.8333333333333334,3.9,2.0,1.0,0,Occasional Moderate-Value Customers,0
14045,12,559.3341666666666,6712.01,1.0,3.5,4.0,2.0,1,Frequent High-Value Customers,0
14046,10,504.10900000000004,5041.09,0.8333333333333334,3.5,1.0,1.0,0,Occasional Moderate-Value Customers,0
14047,8,435.56875,3484.55,0.6666666666666666,3.625,2.0,1.0,0,Occasional Moderate-Value Customers,0
14048,13,562.6115384615384,7313.95,1.0833333333333333,3.9166666666666665,3.0,2.0,1,Frequent High-Value Customers,0
14049,10,646.595,6465.95,0.8333333333333334,4.5,3.0,2.0,0,Occasional Moderate-Value Customers,0
14050,9,567.0811111111111,5103.7300000000005,0.75,3.7142857142857144,2.0,2.0,0,Occasional Moderate-Value Customers,0
14051,10,534.068,5340.68,0.8333333333333334,3.7142857142857144,2.0,2.0,0,Occasional Moderate-Value Customers,0
14052,9,696.098888888889,6264.89,0.75,4.0,5.0,1.0,0,Occasional Moderate-Value Customers,0
14053,12,725.0041666666667,8700.050000000001,1.0,4.285714285714286,2.0,2.0,1,Frequent High-Value Customers,0
14054,4,637.0225,2548.09,0.3333333333333333,4.0,1.0,1.0,0,Occasional Moderate-Value Customers,0
14055,11,555.1890909090909,6107.08,0.9166666666666666,3.272727272727273,3.0,2.0,0,Occasional Moderate-Value Customers,0
14056,12,685.1374999999999,8221.65,1.0,4.25,4.0,3.0,1,Frequent High-Value Customers,0
14057,14,704.9085714285713,9868.72,1.1666666666666667,3.6666666666666665,5.0,3.0,1,Frequent High-Value Customers,0
14058,9,493.80111111111114,4444.21,0.75,3.888888888888889,1.0,2.0,0,Occasional Moderate-Value Customers,0
14059,9,731.9611111111111,6587.65,0.75,3.6666666666666665,0.0,1.0,0,Occasional Moderate-Value Customers,0
14060,10,811.517,8115.17,0.8333333333333334,4.5,4.0,3.0,1,Frequent High-Value Customers,0
14061,8,706.83625,5654.69,0.6666666666666666,4.625,0.0,1.0,0,Occasional Moderate-Value Customers,0
14062,10,840.7310000000001,8407.310000000001,0.8333333333333334,3.0,4.0,2.0,1,Frequent High-Value Customers,0
14063,8,436.45000000000005,3491.6000000000004,0.6666666666666666,3.7142857142857144,2.0,0.0,0,Occasional Moderate-Value Customers,0
14064,14,778.4735714285715,10898.630000000001,1.1666666666666667,4.181818181818182,4.0,4.0,1,Frequent High-Value Customers,0
14065,14,827.3107142857143,11582.35,1.1666666666666667,3.5,9.0,5.0,1,Frequent High-Value Customers,-1
14066,6,776.3849999999999,4658.3099999999995,0.5,3.4,3.0,4.0,0,Occasional Moderate-Value Customers,0
14067,14,791.35,11078.9,1.1666666666666667,3.4545454545454546,6.0,2.0,1,Frequent High-Value Customers,0
14068,8,725.95625,5807.65,0.6666666666666666,4.125,3.0,3.0,0,Occasional Moderate-Value Customers,0
14069,7,590.6842857142857,4134.79,0.5833333333333334,3.6666666666666665,3.0,3.0,0,Occasional Moderate-Value Customers,0
14070,9,712.8888888888889,6416.0,0.75,2.875,2.0,5.0,0,Occasional Moderate-Value Customers,-1
14071,7,729.0714285714286,5103.5,0.5833333333333334,3.2,1.0,1.0,0,Occasional Moderate-Value Customers,0
14072,12,551.2675,6615.21,1.0,3.7,2.0,5.0,1,Frequent High-Value Customers,0
14073,16,788.55375,12616.86,1.3333333333333333,3.6923076923076925,2.0,1.0,1,Frequent High-Value Customers,0
14074,10,613.9399999999999,6139.4,0.8333333333333334,3.8,3.0,5.0,1,Frequent High-Value Customers,0
14075,13,810.6315384615384,10538.21,1.0833333333333333,4.0,4.0,1.0,1,Frequent High-Value Customers,0
14076,5,588.042,2940.21,0.4166666666666667,3.4,1.0,2.0,0,Occasional Moderate-Value Customers,0
14077,4,771.9675,3087.87,0.3333333333333333,4.75,2.0,0.0,0,Occasional Moderate-Value Customers,0
14078,15,581.9993333333333,8729.99,1.25,4.071428571428571,2.0,2.0,1,Frequent High-Value Customers,0
14079,7,474.6485714285714,3322.54,0.5833333333333334,4.0,2.0,4.0,0,Occasional Moderate-Value Customers,0
14080,15,668.9733333333334,10034.6,1.25,3.8333333333333335,5.0,7.0,1,Frequent High-Value Customers,0
14081,10,634.35,6343.5,0.8333333333333334,3.7142857142857144,2.0,4.0,0,Occasional Moderate-Value Customers,0
14082,9,472.7277777777778,4254.55,0.75,3.0,3.0,3.0,0,Occasional Moderate-Value Customers,0
14083,7,544.7871428571428,3813.5099999999998,0.5833333333333334,4.0,5.0,3.0,0,Occasional Moderate-Value Customers,0
14084,5,627.0,3135.0,0.4166666666666667,3.8,2.0,0.0,0,Occasional Moderate-Value Customers,0
14085,7,548.25,3837.75,0.5833333333333334,3.4285714285714284,2.0,1.0,0,Occasional Moderate-Value Customers,0
14086,10,612.679,6126.79,0.8333333333333334,4.25,2.0,4.0,0,Occasional Moderate-Value Customers,0
14087,13,606.3199999999999,7882.16,1.0833333333333333,4.076923076923077,2.0,4.0,1,Frequent High-Value Customers,0
14088,6,533.6533333333333,3201.92,0.5,3.8333333333333335,3.0,3.0,0,Occasional Moderate-Value Customers,0
14089,8,583.1775,4665.42,0.6666666666666666,4.166666666666667,2.0,1.0,0,Occasional Moderate-Value Customers,0
14090,16,529.94375,8479.1,1.3333333333333333,4.066666666666666,6.0,7.0,1,Frequent High-Value Customers,-1
14091,15,623.9253333333334,9358.880000000001,1.25,3.8333333333333335,5.0,4.0,1,Frequent High-Value Customers,0
14092,6,911.0533333333333,5466.32,0.5,2.6666666666666665,1.0,1.0,0,Occasional Moderate-Value Customers,-1
14093,9,868.7577777777777,7818.82,0.75,4.142857142857143,2.0,2.0,0,Occasional Moderate-Value Customers,0
14094,7,718.4042857142857,5028.83,0.5833333333333334,4.285714285714286,2.0,4.0,0,Occasional Moderate-Value Customers,0
14095,15,592.6246666666666,8889.369999999999,1.25,4.076923076923077,4.0,0.0,1,Frequent High-Value Customers,-1
14096,10,592.633,5926.33,0.8333333333333334,3.7777777777777777,3.0,4.0,0,Occasional Moderate-Value Customers,0
14097,8,866.67,6933.36,0.6666666666666666,3.857142857142857,1.0,1.0,0,Occasional Moderate-Value Customers,0
14098,10,725.923,7259.2300000000005,0.8333333333333334,4.0,3.0,1.0,0,Occasional Moderate-Value Customers,0
14099,7,816.9185714285715,5718.43,0.5833333333333334,4.166666666666667,1.0,2.0,0,Occasional Moderate-Value Customers,0
14100,14,668.0728571428572,9353.02,1.1666666666666667,3.6666666666666665,4.0,5.0,1,Frequent High-Value Customers,0
14101,11,595.0681818181819,6545.75,0.9166666666666666,3.5454545454545454,4.0,1.0,0,Occasional Moderate-Value Customers,0
14102,11,602.0727272727273,6622.8,0.9166666666666666,3.888888888888889,1.0,3.0,0,Occasional Moderate-Value Customers,0
14103,4,654.6850000000001,2618.7400000000002,0.3333333333333333,4.0,2.0,1.0,0,Occasional Moderate-Value Customers,0
14104,11,514.7327272727272,5662.0599999999995,0.9166666666666666,4.3,2.0,2.0,0,Occasional Moderate-Value Customers,0
14105,15,713.546,10703.19,1.25,3.6923076923076925,6.0,6.0,1,Frequent High-Value Customers,0
14106,6,647.7783333333333,3886.67,0.5,3.5,1.0,1.0,0,Occasional Moderate-Value Customers,0
14107,14,930.3664285714286,13025.130000000001,1.1666666666666667,4.142857142857143,7.0,2.0,1,Frequent High-Value Customers,-1
14108,10,808.393,8083.93,0.8333333333333334,4.0,3.0,1.0,0,Occasional Moderate-Value Customers,0
14109,11,686.5172727272728,7551.6900000000005,0.9166666666666666,3.8,2.0,2.0,1,Frequent High-Value Customers,0
14110,8,964.14375,7713.15,0.6666666666666666,3.5714285714285716,0.0,2.0,0,Occasional Moderate-Value Customers,0
14111,10,518.832,5188.32,0.8333333333333334,4.0,3.0,2.0,0,Occasional Moderate-Value Customers,0
14112,14,446.05357142857144,6244.75,1.1666666666666667,3.5,6.0,2.0,1,Frequent High-Value Customers,-1
14113,10,672.53,6725.3,0.8333333333333334,3.75,3.0,3.0,0,Occasional Moderate-Value Customers,0
14114,8,672.5375,5380.3,0.6666666666666666,4.0,1.0,3.0,0,Occasional Moderate-Value Customers,0
14115,15,798.3259999999999,11974.89,1.25,3.8181818181818183,5.0,5.0,1,Frequent High-Value Customers,0
14116,6,712.5483333333333,4275.29,0.5,4.333333333333333,2.0,1.0,0,Occasional Moderate-Value Customers,0
14117,12,730.9083333333333,8770.9,1.0,4.25,3.0,3.0,1,Frequent High-Value Customers,0
14118,9,864.9966666666667,7784.97,0.75,2.75,1.0,2.0,0,Occasional Moderate-Value Customers,0
14119,7,631.1842857142857,4418.29,0.5833333333333334,4.0,4.0,1.0,0,Occasional Moderate-Value Customers,0
14120,10,755.346,7553.46,0.8333333333333334,4.142857142857143,2.0,1.0,0,Occasional Moderate-Value Customers,0
14121,7,753.8128571428571,5276.69,0.5833333333333334,4.0,2.0,1.0,0,Occasional Moderate-Value Customers,0
14122,4,524.5550000000001,2098.2200000000003,0.3333333333333333,4.75,1.0,1.0,0,Occasional Moderate-Value Customers,0
14123,9,740.23,6662.07,0.75,3.75,3.0,1.0,0,Occasional Moderate-Value Customers,0
14124,9,650.3466666666667,5853.12,0.75,4.555555555555555,3.0,3.0,0,Occasional Moderate-Value Customers,0
14125,11,533.6636363636363,5870.3,0.9166666666666666,4.454545454545454,4.0,4.0,1,Frequent High-Value Customers,0
14126,10,538.018,5380.18,0.8333333333333334,3.5714285714285716,1.0,2.0,0,Occasional Moderate-Value Customers,0
14127,12,497.075,5964.9,1.0,3.9,2.0,1.0,0,Occasional Moderate-Value Customers,0
14128,9,928.3822222222223,8355.44,0.75,3.625,4.0,5.0,1,Frequent High-Value Customers,0
14129,12,696.7091666666666,8360.51,1.0,3.9166666666666665,6.0,4.0,1,Frequent High-Value Customers,0
14130,6,686.54,4119.24,0.5,3.2,0.0,2.0,0,Occasional Moderate-Value Customers,0
14131,9,465.46000000000004,4189.14,0.75,3.857142857142857,4.0,1.0,0,Occasional Moderate-Value Customers,0
14132,7,566.5328571428571,3965.73,0.5833333333333334,3.2857142857142856,2.0,2.0,0,Occasional Moderate-Value Customers,0
14133,12,692.0308333333334,8304.37,1.0,3.4,2.0,1.0,1,Frequent High-Value Customers,0
14134,9,478.46111111111105,4306.15,0.75,4.166666666666667,1.0,3.0,0,Occasional Moderate-Value Customers,0
14135,8,684.89625,5479.17,0.6666666666666666,3.4285714285714284,4.0,2.0,0,Occasional Moderate-Value Customers,0
14136,8,613.42125,4907.37,0.6666666666666666,3.857142857142857,2.0,3.0,0,Occasional Moderate-Value Customers,0
14137,8,923.25875,7386.07,0.6666666666666666,3.875,1.0,2.0,0,Occasional Moderate-Value Customers,0
14138,6,1012.7866666666667,6076.72,0.5,3.4,1.0,1.0,0,Occasional Moderate-Value Customers,0
14139,7,777.25,5440.75,0.5833333333333334,4.714285714285714,2.0,1.0,0,Occasional Moderate-Value Customers,0
14140,8,558.1875,4465.5,0.6666666666666666,4.375,4.0,1.0,0,Occasional Moderate-Value Customers,0
14141,7,563.2014285714286,3942.41,0.5833333333333334,4.0,2.0,4.0,0,Occasional Moderate-Value Customers,0
14142,15,485.7993333333333,7286.99,1.25,3.6923076923076925,5.0,2.0,1,Frequent High-Value Customers,0
14143,12,736.6108333333333,8839.33,1.0,3.9166666666666665,5.0,2.0,1,Frequent High-Value Customers,0
14144,9,704.3077777777777,6338.7699999999995,0.75,4.285714285714286,0.0,3.0,0,Occasional Moderate-Value Customers,0
14145,10,716.074,7160.74,0.8333333333333334,4.1,2.0,4.0,1,Frequent High-Value Customers,0
14146,12,639.79,7677.48,1.0,3.25,2.0,2.0,1,Frequent High-Value Customers,0
14147,12,534.2283333333334,6410.74,1.0,4.1,1.0,2.0,0,Occasional Moderate-Value Customers,0
14148,10,675.071,6750.71,0.8333333333333334,4.0,3.0,6.0,1,Frequent High-Value Customers,0
14149,11,630.79,6938.69,0.9166666666666666,4.090909090909091,5.0,5.0,1,Frequent High-Value Customers,0
14150,12,630.94,7571.280000000001,1.0,3.5,1.0,3.0,1,Frequent High-Value Customers,0
14151,8,805.55875,6444.47,0.6666666666666666,3.25,2.0,1.0,0,Occasional Moderate-Value Customers,0
14152,11,601.2718181818182,6613.99,0.9166666666666666,4.0,1.0,3.0,0,Occasional Moderate-Value Customers,0
14153,7,1079.107142857143,7553.75,0.5833333333333334,3.6,1.0,0.0,0,Occasional Moderate-Value Customers,0
14154,12,513.4608333333333,6161.53,1.0,3.375,3.0,3.0,1,Frequent High-Value Customers,0
14155,12,647.905,7774.86,1.0,4.333333333333333,3.0,0.0,1,Frequent High-Value Customers,0
14156,10,754.302,7543.02,0.8333333333333334,4.0,1.0,3.0,0,Occasional Moderate-Value Customers,0
14157,8,645.775,5166.2,0.6666666666666666,4.0,2.0,3.0,0,Occasional Moderate-Value Customers,0
14158,11,797.9354545454546,8777.29,0.9166666666666666,4.0,1.0,3.0,1,Frequent High-Value Customers,0
14159,9,653.6544444444445,5882.89,0.75,2.142857142857143,2.0,1.0,0,Occasional Moderate-Value Customers,-1
14160,7,635.1371428571429,4445.96,0.5833333333333334,4.285714285714286,3.0,2.0,0,Occasional Moderate-Value Customers,0
14161,11,525.4218181818181,5779.639999999999,0.9166666666666666,3.3333333333333335,3.0,1.0,0,Occasional Moderate-Value Customers,0
14162,10,911.374,9113.74,0.8333333333333334,4.0,2.0,4.0,1,Frequent High-Value Customers,0
14163,3,963.04,2889.12,0.25,3.6666666666666665,0.0,0.0,0,Occasional Moderate-Value Customers,0
14164,12,883.8366666666667,10606.04,1.0,4.3,0.0,2.0,1,Frequent High-Value Customers,0
14165,12,669.3175,8031.8099999999995,1.0,3.5833333333333335,4.0,1.0,1,Frequent High-Value Customers,0
14166,10,849.5319999999999,8495.32,0.8333333333333334,3.888888888888889,1.0,6.0,1,Frequent High-Value Customers,0
14167,12,791.8958333333334,9502.75,1.0,4.0,6.0,6.0,1,Frequent High-Value Customers,0
14168,3,880.3733333333333,2641.12,0.25,4.5,0.0,1.0,0,Occasional Moderate-Value Customers,0
14169,6,745.0816666666666,4470.49,0.5,3.0,2.0,2.0,0,Occasional Moderate-Value Customers,0
14170,12,642.9808333333333,7715.7699999999995,1.0,3.4166666666666665,3.0,4.0,1,Frequent High-Value Customers,0
14171,14,723.8028571428571,10133.24,1.1666666666666667,4.181818181818182,3.0,3.0,1,Frequent High-Value Customers,0
14172,11,780.3209090909091,8583.53,0.9166666666666666,3.4444444444444446,1.0,2.0,1,Frequent High-Value Customers,0
14173,8,787.98625,6303.89,0.6666666666666666,4.25,3.0,2.0,0,Occasional Moderate-Value Customers,0
14174,9,623.4055555555556,5610.65,0.75,4.571428571428571,2.0,1.0,0,Occasional Moderate-Value Customers,0
14175,7,822.88,5760.16,0.5833333333333334,3.8333333333333335,3.0,4.0,0,Occasional Moderate-Value Customers,0
14176,12,600.0925,7201.11,1.0,3.727272727272727,1.0,5.0,1,Frequent High-Value Customers,0
14177,12,790.625,9487.5,1.0,4.4,6.0,2.0,1,Frequent High-Value Customers,0
14178,11,755.83,8314.130000000001,0.9166666666666666,4.2,4.0,2.0,1,Frequent High-Value Customers,0
14179,11,869.4427272727272,9563.869999999999,0.9166666666666666,3.6,2.0,2.0,1,Frequent High-Value Customers,0
14180,18,782.7522222222221,14089.539999999999,1.5,3.4285714285714284,8.0,2.0,1,Frequent High-Value Customers,-1
14181,9,619.4488888888889,5575.04,0.75,3.375,2.0,1.0,0,Occasional Moderate-Value Customers,0
14182,11,657.2872727272727,7230.16,0.9166666666666666,4.0,6.0,1.0,1,Frequent High-Value Customers,0
14183,7,422.78714285714284,2959.5099999999998,0.5833333333333334,3.8333333333333335,2.0,2.0,0,Occasional Moderate-Value Customers,0
14184,9,824.8633333333333,7423.77,0.75,3.5,4.0,3.0,1,Frequent High-Value Customers,0
14185,10,692.1980000000001,6921.9800000000005,0.8333333333333334,4.222222222222222,2.0,1.0,0,Occasional Moderate-Value Customers,0
14186,6,923.2383333333333,5539.43,0.5,3.25,1.0,1.0,0,Occasional Moderate-Value Customers,0
14187,15,575.2933333333333,8629.4,1.25,4.2,5.0,5.0,1,Frequent High-Value Customers,0
14188,10,859.719,8597.19,0.8333333333333334,4.0,3.0,3.0,1,Frequent High-Value Customers,0
14189,10,602.55,6025.5,0.8333333333333334,3.5,3.0,2.0,0,Occasional Moderate-Value Customers,0
14190,7,619.47,4336.29,0.5833333333333334,4.166666666666667,3.0,3.0,0,Occasional Moderate-Value Customers,0
14191,7,827.2428571428571,5790.7,0.5833333333333334,3.6666666666666665,4.0,3.0,0,Occasional Moderate-Value Customers,0
14192,17,717.5205882352941,12197.85,1.4166666666666667,3.9375,2.0,5.0,1,Frequent High-Value Customers,0
14193,16,641.956875,10271.31,1.3333333333333333,3.533333333333333,3.0,4.0,1,Frequent High-Value Customers,0
14194,9,746.0588888888889,6714.53,0.75,3.6666666666666665,4.0,3.0,0,Occasional Moderate-Value Customers,0
14195,6,919.9833333333332,5519.9,0.5,3.1666666666666665,2.0,2.0,0,Occasional Moderate-Value Customers,0
14196,8,915.47,7323.76,0.6666666666666666,3.8333333333333335,2.0,2.0,0,Occasional Moderate-Value Customers,0
14197,6,756.6166666666667,4539.7,0.5,4.0,1.0,1.0,0,Occasional Moderate-Value Customers,0
14198,14,875.9,12262.6,1.1666666666666667,3.5714285714285716,4.0,4.0,1,Frequent High-Value Customers,0
14199,14,720.5478571428572,10087.67,1.1666666666666667,4.461538461538462,3.0,3.0,1,Frequent High-Value Customers,0
14200,10,814.318,8143.18,0.8333333333333334,4.125,1.0,4.0,1,Frequent High-Value Customers,0
14201,11,516.0681818181819,5676.75,0.9166666666666666,3.625,0.0,3.0,0,Occasional Moderate-Value Customers,0
14202,14,708.6728571428572,9921.42,1.1666666666666667,3.6,2.0,3.0,1,Frequent High-Value Customers,0
14203,11,558.9472727272728,6148.42,0.9166666666666666,4.375,3.0,2.0,0,Occasional Moderate-Value Customers,0
14204,11,614.8727272727273,6763.6,0.9166666666666666,3.8181818181818183,3.0,1.0,0,Occasional Moderate-Value Customers,0
14205,8,505.76,4046.08,0.6666666666666666,3.5,1.0,2.0,0,Occasional Moderate-Value Customers,0
14206,10,715.438,7154.38,0.8333333333333334,4.625,0.0,3.0,0,Occasional Moderate-Value Customers,0
14207,10,837.8030000000001,8378.03,0.8333333333333334,3.6666666666666665,1.0,4.0,1,Frequent High-Value Customers,0
14208,12,703.3883333333333,8440.66,1.0,3.7142857142857144,4.0,3.0,1,Frequent High-Value Customers,0
14209,10,859.327,8593.27,0.8333333333333334,4.5,2.0,3.0,1,Frequent High-Value Customers,0
14210,10,547.176,5471.76,0.8333333333333334,4.25,2.0,3.0,0,Occasional Moderate-Value Customers,0
14211,10,546.167,5461.67,0.8333333333333334,4.0,1.0,2.0,0,Occasional Moderate-Value Customers,0
14212,13,774.756923076923,10071.84,1.0833333333333333,3.5454545454545454,5.0,3.0,1,Frequent High-Value Customers,0
14213,8,563.6525,4509.22,0.6666666666666666,4.25,2.0,3.0,0,Occasional Moderate-Value Customers,0
14214,9,735.1233333333333,6616.11,0.75,4.111111111111111,2.0,1.0,0,Occasional Moderate-Value Customers,0
14215,8,768.7625,6150.1,0.6666666666666666,3.4285714285714284,4.0,3.0,0,Occasional Moderate-Value Customers,0
14216,12,889.96,10679.52,1.0,4.181818181818182,5.0,2.0,1,Frequent High-Value Customers,0
14217,11,566.7872727272727,6234.66,0.9166666666666666,3.75,3.0,0.0,0,Occasional Moderate-Value Customers,0
14218,10,738.801,7388.01,0.8333333333333334,4.111111111111111,2.0,2.0,0,Occasional Moderate-Value Customers,0
14219,10,556.9100000000001,5569.1,0.8333333333333334,3.5555555555555554,2.0,3.0,0,Occasional Moderate-Value Customers,0
14220,7,920.852857142857,6445.969999999999,0.5833333333333334,4.0,3.0,1.0,0,Occasional Moderate-Value Customers,0
14221,13,650.8538461538462,8461.1,1.0833333333333333,3.888888888888889,1.0,7.0,1,Frequent High-Value Customers,0
14222,9,924.5933333333334,8321.34,0.75,4.333333333333333,2.0,0.0,0,Occasional Moderate-Value Customers,0
14223,9,668.6588888888889,6017.93,0.75,4.5,3.0,2.0,0,Occasional Moderate-Value Customers,0
14224,7,768.5942857142857,5380.16,0.5833333333333334,4.142857142857143,0.0,0.0,0,Occasional Moderate-Value Customers,0
14225,9,636.9777777777778,5732.8,0.75,2.857142857142857,4.0,3.0,0,Occasional Moderate-Value Customers,0
14226,9,726.2644444444445,6536.38,0.75,4.0,5.0,1.0,0,Occasional Moderate-Value Customers,0
14227,6,590.27,3541.62,0.5,3.6666666666666665,2.0,2.0,0,Occasional Moderate-Value Customers,0
14228,10,746.414,7464.139999999999,0.8333333333333334,4.2,5.0,3.0,1,Frequent High-Value Customers,0
14229,11,591.7036363636363,6508.74,0.9166666666666666,3.4444444444444446,4.0,1.0,0,Occasional Moderate-Value Customers,0
14230,7,756.7985714285714,5297.59,0.5833333333333334,2.6666666666666665,0.0,3.0,0,Occasional Moderate-Value Customers,0
14231,9,547.3477777777778,4926.13,0.75,4.0,0.0,3.0,0,Occasional Moderate-Value Customers,0
14232,10,837.433,8374.33,0.8333333333333334,3.6666666666666665,2.0,1.0,0,Occasional Moderate-Value Customers,0
14233,8,1014.93375,8119.47,0.6666666666666666,3.8,2.0,3.0,0,Occasional Moderate-Value Customers,0
14234,8,840.47,6723.76,0.6666666666666666,4.125,0.0,1.0,0,Occasional Moderate-Value Customers,0
14235,5,967.576,4837.88,0.4166666666666667,3.5,1.0,0.0,0,Occasional Moderate-Value Customers,0
14236,5,892.07,4460.35,0.4166666666666667,4.4,1.0,0.0,0,Occasional Moderate-Value Customers,0
14237,13,600.0546153846154,7800.71,1.0833333333333333,4.2727272727272725,3.0,2.0,1,Frequent High-Value Customers,0
14238,14,801.9285714285714,11227.0,1.1666666666666667,3.5,3.0,1.0,1,Frequent High-Value Customers,0
14239,16,558.606875,8937.71,1.3333333333333333,4.428571428571429,5.0,1.0,1,Frequent High-Value Customers,0
14240,8,779.15625,6233.25,0.6666666666666666,3.8333333333333335,2.0,1.0,0,Occasional Moderate-Value Customers,0
14241,10,582.539,5825.39,0.8333333333333334,4.111111111111111,5.0,0.0,0,Occasional Moderate-Value Customers,0
14242,12,693.8733333333333,8326.48,1.0,3.888888888888889,3.0,5.0,1,Frequent High-Value Customers,0
14243,13,685.3161538461538,8909.11,1.0833333333333333,3.1818181818181817,3.0,3.0,1,Frequent High-Value Customers,0
14244,14,380.5285714285714,5327.4,1.1666666666666667,3.923076923076923,4.0,3.0,1,Frequent High-Value Customers,0
14245,11,877.8863636363636,9656.75,0.9166666666666666,4.285714285714286,5.0,1.0,1,Frequent High-Value Customers,0
14246,16,538.309375,8612.95,1.3333333333333333,4.266666666666667,3.0,5.0,1,Frequent High-Value Customers,0
14247,18,541.6194444444444,9749.15,1.5,4.117647058823529,7.0,4.0,1,Frequent High-Value Customers,0
14248,7,667.5071428571429,4672.55,0.5833333333333334,4.5,3.0,4.0,0,Occasional Moderate-Value Customers,0
14249,13,788.6853846153846,10252.91,1.0833333333333333,3.6666666666666665,3.0,5.0,1,Frequent High-Value Customers,0
14250,12,693.0266666666666,8316.32,1.0,3.9166666666666665,5.0,4.0,1,Frequent High-Value Customers,0
14251,9,785.2966666666666,7067.67,0.75,4.0,3.0,3.0,0,Occasional Moderate-Value Customers,0
14252,7,520.0714285714286,3640.5,0.5833333333333334,3.6666666666666665,1.0,0.0,0,Occasional Moderate-Value Customers,0
14253,11,984.7436363636364,10832.18,0.9166666666666666,4.0,2.0,2.0,1,Frequent High-Value Customers,0
14254,7,630.8357142857143,4415.85,0.5833333333333334,4.166666666666667,4.0,1.0,0,Occasional Moderate-Value Customers,0
14255,9,520.2988888888889,4682.69,0.75,4.714285714285714,5.0,2.0,0,Occasional Moderate-Value Customers,0
14256,13,692.5392307692308,9003.01,1.0833333333333333,4.0,3.0,3.0,1,Frequent High-Value Customers,0
14257,10,591.284,5912.84,0.8333333333333334,4.2,3.0,1.0,0,Occasional Moderate-Value Customers,0
14258,14,772.5635714285714,10815.89,1.1666666666666667,3.923076923076923,3.0,5.0,1,Frequent High-Value Customers,0
14259,9,859.6644444444445,7736.9800000000005,0.75,4.111111111111111,2.0,1.0,0,Occasional Moderate-Value Customers,0
14260,10,1106.46,11064.6,0.8333333333333334,4.25,3.0,4.0,1,Frequent High-Value Customers,-1
14261,9,633.8566666666667,5704.71,0.75,4.0,4.0,0.0,0,Occasional Moderate-Value Customers,0
14262,6,656.9350000000001,3941.61,0.5,2.8,2.0,1.0,0,Occasional Moderate-Value Customers,0
14263,7,874.3742857142857,6120.62,0.5833333333333334,2.4,0.0,2.0,0,Occasional Moderate-Value Customers,-1
14264,11,716.8872727272727,7885.76,0.9166666666666666,4.2,1.0,1.0,0,Occasional Moderate-Value Customers,0
14265,13,659.0269230769231,8567.35,1.0833333333333333,4.416666666666667,5.0,4.0,1,Frequent High-Value Customers,0
14266,5,846.5120000000001,4232.56,0.4166666666666667,3.5,2.0,2.0,0,Occasional Moderate-Value Customers,0
14267,8,444.31625,3554.53,0.6666666666666666,4.25,1.0,2.0,0,Occasional Moderate-Value Customers,0
14268,20,675.9314999999999,13518.63,1.6666666666666667,4.0,9.0,4.0,1,Frequent High-Value Customers,-1
14269,9,760.6633333333333,6845.969999999999,0.75,3.875,2.0,3.0,0,Occasional Moderate-Value Customers,0
14270,11,741.3254545454546,8154.58,0.9166666666666666,3.727272727272727,1.0,3.0,1,Frequent High-Value Customers,0
14271,6,715.2966666666666,4291.78,0.5,4.333333333333333,1.0,2.0,0,Occasional Moderate-Value Customers,0
14272,5,302.056,1510.28,0.4166666666666667,3.5,2.0,1.0,0,Occasional Moderate-Value Customers,0
14273,7,660.2314285714285,4621.62,0.5833333333333334,4.333333333333333,1.0,3.0,0,Occasional Moderate-Value Customers,0
14274,12,540.6466666666666,6487.76,1.0,3.6363636363636362,4.0,2.0,1,Frequent High-Value Customers,0
14275,10,583.005,5830.05,0.8333333333333334,3.5,5.0,2.0,0,Occasional Moderate-Value Customers,0
14276,11,645.8118181818182,7103.93,0.9166666666666666,3.888888888888889,2.0,3.0,1,Frequent High-Value Customers,0
14277,12,693.7875,8325.45,1.0,4.0,4.0,2.0,1,Frequent High-Value Customers,0
14278,8,553.98375,4431.87,0.6666666666666666,4.428571428571429,2.0,2.0,0,Occasional Moderate-Value Customers,0
14279,10,489.111,4891.11,0.8333333333333334,4.0,1.0,4.0,0,Occasional Moderate-Value Customers,0
14280,10,752.425,7524.25,0.8333333333333334,4.6,1.0,3.0,0,Occasional Moderate-Value Customers,0
14281,11,571.7527272727273,6289.28,0.9166666666666666,3.7777777777777777,1.0,5.0,1,Frequent High-Value Customers,0
14282,11,904.9536363636363,9954.49,0.9166666666666666,3.6666666666666665,1.0,3.0,1,Frequent High-Value Customers,0
14283,7,527.4957142857144,3692.4700000000003,0.5833333333333334,3.4285714285714284,2.0,2.0,0,Occasional Moderate-Value Customers,0
14284,9,577.8977777777777,5201.08,0.75,3.5555555555555554,3.0,2.0,0,Occasional Moderate-Value Customers,0
14285,15,623.9646666666667,9359.470000000001,1.25,4.071428571428571,2.0,5.0,1,Frequent High-Value Customers,0
14286,6,679.7416666666667,4078.4500000000003,0.5,4.0,2.0,2.0,0,Occasional Moderate-Value Customers,0
14287,6,703.1750000000001,4219.05,0.5,4.5,1.0,1.0,0,Occasional Moderate-Value Customers,0
14288,11,579.9481818181819,6379.43,0.9166666666666666,4.0,3.0,5.0,1,Frequent High-Value Customers,0
14289,11,861.8218181818182,9480.04,0.9166666666666666,2.909090909090909,1.0,1.0,1,Frequent High-Value Customers,0
14290,12,731.4441666666667,8777.33,1.0,3.3333333333333335,4.0,4.0,1,Frequent High-Value Customers,0
14291,11,560.6754545454546,6167.43,0.9166666666666666,3.7777777777777777,3.0,6.0,1,Frequent High-Value Customers,0
14292,16,572.58375,9161.34,1.3333333333333333,3.8333333333333335,8.0,4.0,1,Frequent High-Value Customers,0
14293,6,610.0383333333333,3660.23,0.5,3.3333333333333335,1.0,1.0,0,Occasional Moderate-Value Customers,0
14294,14,726.7392857142858,10174.35,1.1666666666666667,3.923076923076923,3.0,4.0,1,Frequent High-Value Customers,0
14295,15,464.842,6972.63,1.25,3.75,6.0,3.0,1,Frequent High-Value Customers,0
14296,11,526.8718181818182,5795.59,0.9166666666666666,4.0,4.0,4.0,1,Frequent High-Value Customers,0
14297,13,485.43,6310.59,1.0833333333333333,4.25,5.0,2.0,1,Frequent High-Value Customers,0
14298,14,659.62,9234.68,1.1666666666666667,3.6666666666666665,6.0,4.0,1,Frequent High-Value Customers,0
14299,7,777.2957142857142,5441.07,0.5833333333333334,4.285714285714286,3.0,2.0,0,Occasional Moderate-Value Customers,0
14300,11,665.7945454545454,7323.74,0.9166666666666666,4.222222222222222,4.0,3.0,1,Frequent High-Value Customers,0
14301,4,501.8025,2007.21,0.3333333333333333,3.0,1.0,1.0,0,Occasional Moderate-Value Customers,0
14302,13,756.6792307692308,9836.83,1.0833333333333333,4.333333333333333,5.0,5.0,1,Frequent High-Value Customers,0
14303,5,785.476,3927.38,0.4166666666666667,4.0,0.0,0.0,0,Occasional Moderate-Value Customers,0
14304,11,640.1563636363636,7041.72,0.9166666666666666,3.6,5.0,4.0,1,Frequent High-Value Customers,0
14305,11,687.0254545454545,7557.28,0.9166666666666666,3.6,4.0,4.0,1,Frequent High-Value Customers,0
14306,10,574.336,5743.360000000001,0.8333333333333334,4.0,6.0,4.0,1,Frequent High-Value Customers,0
14307,8,796.2225,6369.78,0.6666666666666666,4.571428571428571,3.0,4.0,0,Occasional Moderate-Value Customers,0
14308,2,750.09,1500.18,0.16666666666666666,3.5,1.0,0.0,0,Occasional Moderate-Value Customers,0
14309,13,601.11,7814.43,1.0833333333333333,4.3076923076923075,4.0,3.0,1,Frequent High-Value Customers,0
14310,12,764.2875,9171.45,1.0,4.1,2.0,3.0,1,Frequent High-Value Customers,0
14311,10,637.429,6374.29,0.8333333333333334,4.0,2.0,2.0,0,Occasional Moderate-Value Customers,0
14312,13,817.7961538461539,10631.35,1.0833333333333333,4.222222222222222,2.0,2.0,1,Frequent High-Value Customers,0
14313,10,544.949,5449.49,0.8333333333333334,4.222222222222222,5.0,2.0,0,Occasional Moderate-Value Customers,0
14314,9,514.5088888888889,4630.58,0.75,3.5555555555555554,0.0,2.0,0,Occasional Moderate-Value Customers,0
14315,11,481.0854545454545,5291.94,0.9166666666666666,4.090909090909091,2.0,5.0,1,Frequent High-Value Customers,0
14316,9,721.1600000000001,6490.4400000000005,0.75,3.625,2.0,2.0,0,Occasional Moderate-Value Customers,0
14317,10,784.4449999999999,7844.45,0.8333333333333334,3.75,3.0,5.0,1,Frequent High-Value Customers,0
14318,4,797.2,3188.8,0.3333333333333333,3.25,1.0,0.0,0,Occasional Moderate-Value Customers,0
14319,11,710.5336363636364,7815.870000000001,0.9166666666666666,4.454545454545454,3.0,4.0,1,Frequent High-Value Customers,0
14320,9,723.3788888888889,6510.41,0.75,4.0,3.0,3.0,0,Occasional Moderate-Value Customers,0
14321,14,426.5364285714286,5971.51,1.1666666666666667,3.75,5.0,7.0,1,Frequent High-Value Customers,-1
14322,7,807.1028571428571,5649.72,0.5833333333333334,3.8333333333333335,2.0,1.0,0,Occasional Moderate-Value Customers,0
14323,8,647.5425,5180.34,0.6666666666666666,4.428571428571429,4.0,3.0,0,Occasional Moderate-Value Customers,0
14324,7,390.71714285714285,2735.02,0.5833333333333334,3.857142857142857,0.0,2.0,0,Occasional Moderate-Value Customers,0
14325,10,695.226,6952.26,0.8333333333333334,3.625,1.0,2.0,0,Occasional Moderate-Value Customers,0
14326,13,664.5976923076923,8639.77,1.0833333333333333,3.6363636363636362,4.0,4.0,1,Frequent High-Value Customers,0
14327,10,761.455,7614.55,0.8333333333333334,4.0,4.0,0.0,0,Occasional Moderate-Value Customers,0
14328,14,725.9371428571429,10163.12,1.1666666666666667,3.75,6.0,3.0,1,Frequent High-Value Customers,0
14329,12,677.6750000000001,8132.1,1.0,3.6666666666666665,3.0,2.0,1,Frequent High-Value Customers,0
14330,6,600.8100000000001,3604.86,0.5,3.1666666666666665,3.0,3.0,0,Occasional Moderate-Value Customers,0
14331,12,695.3941666666666,8344.73,1.0,3.5,4.0,2.0,1,Frequent High-Value Customers,0
14332,10,626.672,6266.72,0.8333333333333334,3.9,3.0,3.0,0,Occasional Moderate-Value Customers,0
14333,14,575.595,8058.33,1.1666666666666667,3.8461538461538463,4.0,5.0,1,Frequent High-Value Customers,0
14334,10,601.5440000000001,6015.4400000000005,0.8333333333333334,3.5555555555555554,4.0,1.0,0,Occasional Moderate-Value Customers,0
14335,18,740.8266666666667,13334.880000000001,1.5,3.764705882352941,6.0,3.0,1,Frequent High-Value Customers,0
14336,7,886.9814285714285,6208.87,0.5833333333333334,3.7142857142857144,0.0,2.0,0,Occasional Moderate-Value Customers,0
14337,16,684.34375,10949.5,1.3333333333333333,3.625,7.0,4.0,1,Frequent High-Value Customers,0
14338,12,704.9166666666666,8459.0,1.0,3.6666666666666665,3.0,3.0,1,Frequent High-Value Customers,0
14339,6,714.0033333333334,4284.02,0.5,3.5,1.0,1.0,0,Occasional Moderate-Value Customers,0
14340,11,924.8645454545455,10173.51,0.9166666666666666,4.2,4.0,0.0,1,Frequent High-Value Customers,0
14341,6,445.16333333333336,2670.98,0.5,2.8,4.0,2.0,0,Occasional Moderate-Value Customers,0
14342,8,562.8987500000001,4503.1900000000005,0.6666666666666666,3.5,2.0,1.0,0,Occasional Moderate-Value Customers,0
14343,8,608.53125,4868.25,0.6666666666666666,4.666666666666667,4.0,3.0,0,Occasional Moderate-Value Customers,0
14344,13,659.303076923077,8570.94,1.0833333333333333,3.75,4.0,7.0,1,Frequent High-Value Customers,0
14345,4,970.3599999999999,3881.4399999999996,0.3333333333333333,3.0,1.0,2.0,0,Occasional Moderate-Value Customers,-1
14346,13,481.9053846153846,6264.7699999999995,1.0833333333333333,4.166666666666667,1.0,4.0,1,Frequent High-Value Customers,0
14347,5,806.362,4031.81,0.4166666666666667,5.0,1.0,2.0,0,Occasional Moderate-Value Customers,0
14348,12,566.8483333333334,6802.18,1.0,4.090909090909091,2.0,4.0,1,Frequent High-Value Customers,0
14349,9,781.9211111111111,7037.29,0.75,4.166666666666667,3.0,2.0,0,Occasional Moderate-Value Customers,0
14350,7,835.1414285714285,5845.99,0.5833333333333334,3.857142857142857,1.0,0.0,0,Occasional Moderate-Value Customers,0
14351,12,866.2916666666666,10395.5,1.0,3.9,3.0,2.0,1,Frequent High-Value Customers,0
14352,16,486.06187500000004,7776.990000000001,1.3333333333333333,4.3076923076923075,4.0,2.0,1,Frequent High-Value Customers,0
14353,13,631.12,8204.56,1.0833333333333333,3.8,4.0,2.0,1,Frequent High-Value Customers,0
14354,5,351.81,1759.05,0.4166666666666667,2.75,2.0,0.0,0,Occasional Moderate-Value Customers,-1
14355,11,523.7690909090909,5761.46,0.9166666666666666,3.4,4.0,2.0,0,Occasional Moderate-Value Customers,0
14356,7,733.4271428571428,5133.99,0.5833333333333334,3.4285714285714284,2.0,1.0,0,Occasional Moderate-Value Customers,0
14357,6,550.8533333333334,3305.12,0.5,4.333333333333333,3.0,0.0,0,Occasional Moderate-Value Customers,0
14358,10,791.949,7919.49,0.8333333333333334,3.7,1.0,3.0,0,Occasional Moderate-Value Customers,0
14359,14,724.5699999999999,10143.98,1.1666666666666667,4.071428571428571,3.0,4.0,1,Frequent High-Value Customers,0
14360,6,780.1266666666667,4680.76,0.5,4.2,2.0,1.0,0,Occasional Moderate-Value Customers,0
14361,9,718.58,6467.22,0.75,3.7777777777777777,2.0,4.0,0,Occasional Moderate-Value Customers,0
14362,9,813.2888888888889,7319.6,0.75,4.333333333333333,2.0,3.0,0,Occasional Moderate-Value Customers,0
14363,11,584.8963636363636,6433.86,0.9166666666666666,3.7,2.0,3.0,0,Occasional Moderate-Value Customers,0
14364,8,522.2725,4178.18,0.6666666666666666,3.375,2.0,2.0,0,Occasional Moderate-Value Customers,0
14365,15,582.0606666666666,8730.91,1.25,4.0,3.0,3.0,1,Frequent High-Value Customers,0
14366,6,1211.1616666666666,7266.969999999999,0.5,3.3333333333333335,2.0,3.0,0,Occasional Moderate-Value Customers,-1
14367,12,478.8616666666667,5746.34,1.0,4.0,4.0,3.0,1,Frequent High-Value Customers,0
14368,10,814.5799999999999,8145.799999999999,0.8333333333333334,3.3333333333333335,4.0,1.0,1,Frequent High-Value Customers,0
14369,10,790.802,7908.02,0.8333333333333334,4.333333333333333,1.0,1.0,0,Occasional Moderate-Value Customers,0
14370,12,729.5075,8754.09,1.0,4.4,3.0,6.0,1,Frequent High-Value Customers,0
14371,12,756.5833333333334,9079.0,1.0,3.7777777777777777,3.0,4.0,1,Frequent High-Value Customers,0
14372,14,692.0907142857143,9689.27,1.1666666666666667,3.7857142857142856,5.0,2.0,1,Frequent High-Value Customers,0
14373,9,587.3499999999999,5286.15,0.75,4.571428571428571,0.0,2.0,0,Occasional Moderate-Value Customers,0
14374,7,702.6528571428571,4918.57,0.5833333333333334,3.857142857142857,2.0,2.0,0,Occasional Moderate-Value Customers,0
14375,9,456.24111111111114,4106.17,0.75,4.125,4.0,3.0,0,Occasional Moderate-Value Customers,0
14376,16,705.56375,11289.02,1.3333333333333333,4.0625,3.0,4.0,1,Frequent High-Value Customers,0
14377,9,747.6222222222223,6728.6,0.75,4.25,2.0,2.0,0,Occasional Moderate-Value Customers,0
14378,13,678.0953846153845,8815.24,1.0833333333333333,3.6363636363636362,5.0,3.0,1,Frequent High-Value Customers,0
14379,12,770.1333333333333,9241.6,1.0,3.9,4.0,3.0,1,Frequent High-Value Customers,0
14380,6,910.7266666666668,5464.360000000001,0.5,4.166666666666667,4.0,0.0,0,Occasional Moderate-Value Customers,0
14381,13,608.91,7915.83,1.0833333333333333,3.6363636363636362,3.0,6.0,1,Frequent High-Value Customers,0
14382,4,409.7075,1638.83,0.3333333333333333,5.0,2.0,2.0,0,Occasional Moderate-Value Customers,-1
14383,12,409.02250000000004,4908.27,1.0,3.9,3.0,3.0,1,Frequent High-Value Customers,0
14384,7,1001.7142857142857,7012.0,0.5833333333333334,4.428571428571429,3.0,1.0,0,Occasional Moderate-Value Customers,0
14385,12,668.1466666666666,8017.76,1.0,3.3,3.0,2.0,1,Frequent High-Value Customers,0
14386,4,446.13,1784.52,0.3333333333333333,3.25,3.0,2.0,0,Occasional Moderate-Value Customers,0
14387,10,576.629,5766.29,0.8333333333333334,3.5714285714285716,3.0,2.0,0,Occasional Moderate-Value Customers,0
14388,3,254.89000000000001,764.6700000000001,0.25,3.5,2.0,1.0,0,Occasional Moderate-Value Customers,-1
14389,10,597.46,5974.6,0.8333333333333334,3.625,2.0,2.0,0,Occasional Moderate-Value Customers,0
14390,10,816.827,8168.27,0.8333333333333334,3.9,5.0,3.0,1,Frequent High-Value Customers,0
14391,13,619.0546153846154,8047.71,1.0833333333333333,4.0,3.0,5.0,1,Frequent High-Value Customers,0
14392,9,567.9755555555556,5111.780000000001,0.75,4.375,4.0,0.0,0,Occasional Moderate-Value Customers,0
14393,11,570.0454545454545,6270.5,0.9166666666666666,3.909090909090909,2.0,1.0,0,Occasional Moderate-Value Customers,0
14394,9,935.26,8417.34,0.75,3.0,1.0,2.0,0,Occasional Moderate-Value Customers,0
14395,8,813.69875,6509.59,0.6666666666666666,4.25,2.0,3.0,0,Occasional Moderate-Value Customers,0
14396,7,670.6242857142857,4694.37,0.5833333333333334,3.5714285714285716,1.0,1.0,0,Occasional Moderate-Value Customers,0
14397,14,894.9628571428572,12529.48,1.1666666666666667,3.642857142857143,4.0,4.0,1,Frequent High-Value Customers,0
14398,16,649.481875,10391.71,1.3333333333333333,3.9375,5.0,3.0,1,Frequent High-Value Customers,0
14399,7,636.5799999999999,4456.0599999999995,0.5833333333333334,4.285714285714286,1.0,2.0,0,Occasional Moderate-Value Customers,0
14400,6,543.2816666666666,3259.69,0.5,4.166666666666667,1.0,2.0,0,Occasional Moderate-Value Customers,0
14401,12,842.3858333333333,10108.63,1.0,3.8181818181818183,1.0,0.0,1,Frequent High-Value Customers,0
14402,9,752.2833333333333,6770.55,0.75,4.375,3.0,2.0,0,Occasional Moderate-Value Customers,0
14403,7,648.28,4537.96,0.5833333333333334,4.0,1.0,1.0,0,Occasional Moderate-Value Customers,0
14404,10,501.162,5011.62,0.8333333333333334,3.6666666666666665,4.0,2.0,0,Occasional Moderate-Value Customers,0
14405,9,714.99,6434.91,0.75,4.333333333333333,2.0,2.0,0,Occasional Moderate-Value Customers,0
14406,8,726.58625,5812.69,0.6666666666666666,4.4,1.0,2.0,0,Occasional Moderate-Value Customers,0
14407,10,726.024,7260.24,0.8333333333333334,3.8,3.0,3.0,1,Frequent High-Value Customers,0
14408,8,806.5187500000001,6452.150000000001,0.6666666666666666,4.428571428571429,3.0,2.0,0,Occasional Moderate-Value Customers,0
14409,12,749.4641666666666,8993.57,1.0,2.6,2.0,2.0,1,Frequent High-Value Customers,-1
14410,11,762.3781818181818,8386.16,0.9166666666666666,3.2222222222222223,0.0,1.0,0,Occasional Moderate-Value Customers,0
14411,9,614.8511111111111,5533.66,0.75,3.7777777777777777,3.0,4.0,0,Occasional Moderate-Value Customers,0
14412,14,626.8364285714287,8775.710000000001,1.1666666666666667,3.8,5.0,2.0,1,Frequent High-Value Customers,0
14413,7,651.2542857142859,4558.780000000001,0.5833333333333334,3.6666666666666665,3.0,1.0,0,Occasional Moderate-Value Customers,0
14414,15,853.1253333333333,12796.88,1.25,3.727272727272727,3.0,5.0,1,Frequent High-Value Customers,0
14415,8,455.48625,3643.89,0.6666666666666666,3.5,2.0,3.0,0,Occasional Moderate-Value Customers,0
14416,15,672.368,10085.52,1.25,4.076923076923077,4.0,4.0,1,Frequent High-Value Customers,0
14417,12,804.1766666666667,9650.12,1.0,3.7777777777777777,6.0,4.0,1,Frequent High-Value Customers,0
14418,7,690.4757142857143,4833.33,0.5833333333333334,3.1666666666666665,2.0,2.0,0,Occasional Moderate-Value Customers,0
14419,11,537.1627272727272,5908.79,0.9166666666666666,3.125,1.0,0.0,0,Occasional Moderate-Value Customers,-1
14420,10,927.814,9278.14,0.8333333333333334,3.1,3.0,3.0,1,Frequent High-Value Customers,0
14421,11,888.9972727272726,9778.97,0.9166666666666666,3.8,7.0,3.0,1,Frequent High-Value Customers,0
14422,11,740.5481818181819,8146.030000000001,0.9166666666666666,3.5,2.0,1.0,0,Occasional Moderate-Value Customers,0
14423,14,542.5364285714286,7595.51,1.1666666666666667,4.230769230769231,1.0,5.0,1,Frequent High-Value Customers,0
14424,5,895.734,4478.67,0.4166666666666667,3.2,2.0,3.0,0,Occasional Moderate-Value Customers,0
14425,9,758.8844444444444,6829.96,0.75,3.857142857142857,2.0,1.0,0,Occasional Moderate-Value Customers,0
14426,8,745.49625,5963.97,0.6666666666666666,4.0,1.0,2.0,0,Occasional Moderate-Value Customers,0
14427,8,591.0762500000001,4728.610000000001,0.6666666666666666,3.875,3.0,1.0,0,Occasional Moderate-Value Customers,0
14428,10,605.614,6056.14,0.8333333333333334,3.888888888888889,4.0,2.0,0,Occasional Moderate-Value Customers,0
14429,11,554.5645454545455,6100.21,0.9166666666666666,3.6363636363636362,1.0,3.0,0,Occasional Moderate-Value Customers,0
14430,9,621.6833333333333,5595.15,0.75,3.7142857142857144,1.0,3.0,0,Occasional Moderate-Value Customers,0
14431,13,641.3946153846153,8338.13,1.0833333333333333,3.6363636363636362,5.0,2.0,1,Frequent High-Value Customers,0
14432,9,445.88111111111107,4012.93,0.75,4.222222222222222,3.0,2.0,0,Occasional Moderate-Value Customers,0
14433,16,918.54125,14696.66,1.3333333333333333,4.0,4.0,5.0,1,Frequent High-Value Customers,0
14434,14,664.7414285714285,9306.38,1.1666666666666667,4.0,5.0,5.0,1,Frequent High-Value Customers,0
14435,8,586.8975,4695.18,0.6666666666666666,4.142857142857143,2.0,3.0,0,Occasional Moderate-Value Customers,0
14436,12,739.9641666666666,8879.57,1.0,3.6666666666666665,4.0,3.0,1,Frequent High-Value Customers,0
14437,3,1018.8299999999999,3056.49,0.25,4.333333333333333,1.0,2.0,0,Occasional Moderate-Value Customers,-1
14438,9,509.97,4589.7300000000005,0.75,3.6666666666666665,3.0,4.0,0,Occasional Moderate-Value Customers,0
14439,12,510.3633333333334,6124.360000000001,1.0,3.9166666666666665,4.0,4.0,1,Frequent High-Value Customers,0
14440,12,824.8341666666666,9898.01,1.0,4.2727272727272725,5.0,2.0,1,Frequent High-Value Customers,0
14441,14,659.5664285714286,9233.93,1.1666666666666667,3.7,1.0,1.0,1,Frequent High-Value Customers,0
14442,13,718.0507692307692,9334.66,1.0833333333333333,3.6666666666666665,4.0,5.0,1,Frequent High-Value Customers,0
14443,10,625.301,6253.01,0.8333333333333334,3.5555555555555554,1.0,4.0,0,Occasional Moderate-Value Customers,0
14444,10,743.3900000000001,7433.900000000001,0.8333333333333334,4.142857142857143,2.0,2.0,0,Occasional Moderate-Value Customers,0
14445,7,458.2471428571429,3207.73,0.5833333333333334,3.5714285714285716,0.0,0.0,0,Occasional Moderate-Value Customers,0
14446,7,601.09,4207.63,0.5833333333333334,4.5,2.0,2.0,0,Occasional Moderate-Value Customers,0
14447,13,560.9638461538461,7292.53,1.0833333333333333,3.909090909090909,3.0,2.0,1,Frequent High-Value Customers,0
14448,11,714.2354545454546,7856.59,0.9166666666666666,3.3333333333333335,5.0,2.0,1,Frequent High-Value Customers,0
14449,10,715.8149999999999,7158.15,0.8333333333333334,3.3333333333333335,3.0,2.0,0,Occasional Moderate-Value Customers,0
14450,7,564.9457142857143,3954.62,0.5833333333333334,3.6666666666666665,0.0,4.0,0,Occasional Moderate-Value Customers,0
14451,9,747.9411111111111,6731.47,0.75,3.7142857142857144,2.0,3.0,0,Occasional Moderate-Value Customers,0
14452,13,669.3138461538462,8701.08,1.0833333333333333,4.333333333333333,8.0,7.0,1,Frequent High-Value Customers,0
14453,11,521.9045454545454,5740.95,0.9166666666666666,3.7777777777777777,2.0,3.0,0,Occasional Moderate-Value Customers,0
14454,13,867.2376923076923,11274.09,1.0833333333333333,3.8461538461538463,2.0,4.0,1,Frequent High-Value Customers,0
14455,10,642.545,6425.45,0.8333333333333334,4.333333333333333,2.0,1.0,0,Occasional Moderate-Value Customers,0
14456,10,838.508,8385.08,0.8333333333333334,4.555555555555555,4.0,4.0,1,Frequent High-Value Customers,0
14457,11,618.3236363636364,6801.56,0.9166666666666666,4.0,1.0,2.0,0,Occasional Moderate-Value Customers,0
14458,5,423.494,2117.4700000000003,0.4166666666666667,4.333333333333333,2.0,1.0,0,Occasional Moderate-Value Customers,0
14459,14,623.0600000000001,8722.84,1.1666666666666667,4.166666666666667,5.0,3.0,1,Frequent High-Value Customers,0
14460,9,685.3844444444444,6168.46,0.75,4.0,1.0,1.0,0,Occasional Moderate-Value Customers,0
14461,9,640.8577777777778,5767.72,0.75,3.4285714285714284,1.0,1.0,0,Occasional Moderate-Value Customers,0
14462,9,712.35,6411.150000000001,0.75,4.125,4.0,1.0,0,Occasional Moderate-Value Customers,0
14463,7,647.9485714285714,4535.64,0.5833333333333334,4.571428571428571,4.0,2.0,0,Occasional Moderate-Value Customers,0
14464,10,473.48699999999997,4734.87,0.8333333333333334,3.375,4.0,2.0,0,Occasional Moderate-Value Customers,0
14465,10,1004.097,10040.97,0.8333333333333334,3.5714285714285716,4.0,5.0,1,Frequent High-Value Customers,0
14466,8,606.9725,4855.78,0.6666666666666666,3.5,3.0,3.0,0,Occasional Moderate-Value Customers,0
14467,7,675.8228571428572,4730.76,0.5833333333333334,4.428571428571429,1.0,3.0,0,Occasional Moderate-Value Customers,0
14468,10,470.8190000000001,4708.1900000000005,0.8333333333333334,3.875,2.0,3.0,0,Occasional Moderate-Value Customers,0
14469,14,866.5,12131.0,1.1666666666666667,4.083333333333333,3.0,3.0,1,Frequent High-Value Customers,0
14470,12,575.5141666666667,6906.17,1.0,3.25,7.0,1.0,1,Frequent High-Value Customers,0
14471,11,653.5818181818181,7189.4,0.9166666666666666,3.6666666666666665,4.0,2.0,1,Frequent High-Value Customers,0
14472,14,675.7578571428572,9460.61,1.1666666666666667,4.0,5.0,2.0,1,Frequent High-Value Customers,0
14473,8,705.1575,5641.26,0.6666666666666666,4.0,4.0,1.0,0,Occasional Moderate-Value Customers,0
14474,8,1013.67125,8109.37,0.6666666666666666,4.142857142857143,1.0,2.0,0,Occasional Moderate-Value Customers,0
14475,12,612.6574999999999,7351.889999999999,1.0,3.3,6.0,1.0,1,Frequent High-Value Customers,0
14476,12,643.2408333333333,7718.889999999999,1.0,4.333333333333333,1.0,3.0,1,Frequent High-Value Customers,0
14477,10,625.0260000000001,6250.26,0.8333333333333334,4.0,4.0,2.0,0,Occasional Moderate-Value Customers,0
14478,13,723.6507692307694,9407.460000000001,1.0833333333333333,3.909090909090909,5.0,4.0,1,Frequent High-Value Customers,0
14479,10,706.3810000000001,7063.81,0.8333333333333334,3.3333333333333335,3.0,2.0,0,Occasional Moderate-Value Customers,0
14480,5,610.804,3054.02,0.4166666666666667,4.0,1.0,2.0,0,Occasional Moderate-Value Customers,0
14481,9,636.7755555555555,5730.98,0.75,4.444444444444445,4.0,3.0,0,Occasional Moderate-Value Customers,0
14482,7,1048.6342857142856,7340.44,0.5833333333333334,3.1666666666666665,3.0,1.0,0,Occasional Moderate-Value Customers,-1
14483,17,643.149411764706,10933.54,1.4166666666666667,3.9285714285714284,7.0,4.0,1,Frequent High-Value Customers,0
14484,7,680.5414285714286,4763.79,0.5833333333333334,4.166666666666667,1.0,5.0,0,Occasional Moderate-Value Customers,0
14485,11,514.5,5659.5,0.9166666666666666,4.0,5.0,3.0,1,Frequent High-Value Customers,0
14486,8,606.105,4848.84,0.6666666666666666,4.5,2.0,3.0,0,Occasional Moderate-Value Customers,0
14487,11,766.0181818181819,8426.2,0.9166666666666666,4.2,7.0,2.0,1,Frequent High-Value Customers,0
14488,5,421.524,2107.62,0.4166666666666667,4.0,3.0,1.0,0,Occasional Moderate-Value Customers,0
14489,5,550.634,2753.17,0.4166666666666667,4.75,0.0,2.0,0,Occasional Moderate-Value Customers,0
14490,12,675.3866666666667,8104.639999999999,1.0,3.909090909090909,4.0,3.0,1,Frequent High-Value Customers,0
14491,13,586.9984615384615,7630.98,1.0833333333333333,3.6153846153846154,5.0,4.0,1,Frequent High-Value Customers,0
14492,12,586.8166666666667,7041.8,1.0,3.8,1.0,4.0,1,Frequent High-Value Customers,0
14493,14,679.7014285714286,9515.82,1.1666666666666667,3.6923076923076925,5.0,4.0,1,Frequent High-Value Customers,0
14494,9,553.6155555555556,4982.54,0.75,3.75,0.0,5.0,0,Occasional Moderate-Value Customers,0
14495,13,603.7492307692307,7848.74,1.0833333333333333,3.090909090909091,4.0,2.0,1,Frequent High-Value Customers,0
14496,11,601.5718181818182,6617.29,0.9166666666666666,3.6,3.0,3.0,1,Frequent High-Value Customers,0
14497,13,655.6123076923078,8522.960000000001,1.0833333333333333,3.7777777777777777,6.0,5.0,1,Frequent High-Value Customers,0
14498,16,773.561875,12376.99,1.3333333333333333,4.333333333333333,0.0,3.0,1,Frequent High-Value Customers,-1
14499,12,513.885,6166.62,1.0,3.875,1.0,2.0,0,Occasional Moderate-Value Customers,0
14500,12,710.4291666666667,8525.15,1.0,3.4545454545454546,2.0,1.0,1,Frequent High-Value Customers,0
14501,6,429.67333333333335,2578.04,0.5,4.0,1.0,3.0,0,Occasional Moderate-Value Customers,0
14502,18,539.8916666666667,9718.05,1.5,4.0,3.0,5.0,1,Frequent High-Value Customers,1
14503,6,1067.885,6407.31,0.5,3.5,3.0,1.0,0,Occasional Moderate-Value Customers,0
14504,13,571.5730769230769,7430.45,1.0833333333333333,3.888888888888889,2.0,8.0,1,Frequent High-Value Customers,0
14505,6,902.8433333333332,5417.0599999999995,0.5,3.3333333333333335,0.0,4.0,0,Occasional Moderate-Value Customers,0
14506,17,543.5417647058824,9240.210000000001,1.4166666666666667,4.2,4.0,4.0,1,Frequent High-Value Customers,0
14507,11,951.7509090909091,10469.26,0.9166666666666666,4.3,6.0,3.0,1,Frequent High-Value Customers,0
14508,8,552.39125,4419.13,0.6666666666666666,3.6,3.0,2.0,0,Occasional Moderate-Value Customers,0
14509,6,571.705,3430.23,0.5,3.8333333333333335,1.0,2.0,0,Occasional Moderate-Value Customers,0
14510,11,599.53,6594.83,0.9166666666666666,4.222222222222222,6.0,3.0,1,Frequent High-Value Customers,0
14511,8,764.4975,6115.98,0.6666666666666666,3.7142857142857144,1.0,1.0,0,Occasional Moderate-Value Customers,0
14512,15,736.1486666666666,11042.23,1.25,3.727272727272727,6.0,3.0,1,Frequent High-Value Customers,0
14513,12,781.1841666666666,9374.21,1.0,4.454545454545454,4.0,0.0,1,Frequent High-Value Customers,0
14514,10,677.537,6775.37,0.8333333333333334,3.9,5.0,2.0,1,Frequent High-Value Customers,0
14515,8,1046.7575,8374.06,0.6666666666666666,4.0,1.0,2.0,0,Occasional Moderate-Value Customers,0
14516,9,582.9966666666666,5246.969999999999,0.75,4.375,4.0,2.0,0,Occasional Moderate-Value Customers,0
14517,11,485.50181818181824,5340.52,0.9166666666666666,3.909090909090909,3.0,0.0,0,Occasional Moderate-Value Customers,0
14518,12,816.9125,9802.95,1.0,3.6666666666666665,3.0,2.0,1,Frequent High-Value Customers,0
14519,9,776.6644444444444,6989.98,0.75,4.125,2.0,2.0,0,Occasional Moderate-Value Customers,0
14520,12,751.9125,9022.95,1.0,4.3,3.0,3.0,1,Frequent High-Value Customers,0
14521,13,645.0723076923077,8385.94,1.0833333333333333,3.75,3.0,2.0,1,Frequent High-Value Customers,0
14522,8,461.2575,3690.06,0.6666666666666666,4.6,4.0,2.0,0,Occasional Moderate-Value Customers,0
14523,7,642.5057142857142,4497.54,0.5833333333333334,3.0,2.0,3.0,0,Occasional Moderate-Value Customers,0
14524,8,606.03625,4848.29,0.6666666666666666,3.0,3.0,4.0,0,Occasional Moderate-Value Customers,0
14525,15,731.0693333333332,10966.039999999999,1.25,4.0,6.0,4.0,1,Frequent High-Value Customers,0
14526,11,436.67545454545456,4803.43,0.9166666666666666,4.3,4.0,4.0,1,Frequent High-Value Customers,0
14527,8,974.5387499999999,7796.3099999999995,0.6666666666666666,3.5,2.0,1.0,0,Occasional Moderate-Value Customers,0
14528,7,573.8842857142856,4017.1899999999996,0.5833333333333334,2.5,1.0,4.0,0,Occasional Moderate-Value Customers,-1
14529,11,533.6254545454545,5869.88,0.9166666666666666,4.0,2.0,1.0,0,Occasional Moderate-Value Customers,0
14530,12,706.7674999999999,8481.21,1.0,4.363636363636363,2.0,2.0,1,Frequent High-Value Customers,0
14531,13,578.7615384615384,7523.9,1.0833333333333333,3.909090909090909,2.0,3.0,1,Frequent High-Value Customers,0
14532,3,531.9233333333334,1595.7700000000002,0.25,4.0,0.0,0.0,0,Occasional Moderate-Value Customers,0
14533,9,420.06111111111113,3780.55,0.75,3.875,4.0,2.0,0,Occasional Moderate-Value Customers,0
14534,12,753.0983333333334,9037.18,1.0,4.111111111111111,3.0,3.0,1,Frequent High-Value Customers,0
14535,7,757.85,5304.95,0.5833333333333334,3.3333333333333335,1.0,1.0,0,Occasional Moderate-Value Customers,0
14536,9,732.0377777777778,6588.34,0.75,4.25,4.0,3.0,0,Occasional Moderate-Value Customers,0
14537,13,781.49,10159.37,1.0833333333333333,3.25,1.0,2.0,1,Frequent High-Value Customers,0
14538,7,737.6614285714286,5163.63,0.5833333333333334,3.0,0.0,2.0,0,Occasional Moderate-Value Customers,0
14539,7,975.22,6826.54,0.5833333333333334,3.6,0.0,0.0,0,Occasional Moderate-Value Customers,0
14540,18,739.8988888888889,13318.18,1.5,3.857142857142857,5.0,8.0,1,Frequent High-Value Customers,-1
14541,9,780.1788888888889,7021.61,0.75,3.0,6.0,2.0,1,Frequent High-Value Customers,-1
14542,9,722.8022222222222,6505.22,0.75,4.142857142857143,2.0,2.0,0,Occasional Moderate-Value Customers,0
14543,9,659.8822222222223,5938.9400000000005,0.75,3.875,3.0,3.0,0,Occasional Moderate-Value Customers,0
14544,10,747.405,7474.05,0.8333333333333334,4.6,4.0,3.0,1,Frequent High-Value Customers,0
14545,10,722.971,7229.71,0.8333333333333334,4.111111111111111,4.0,4.0,1,Frequent High-Value Customers,0
14546,4,620.7775,2483.11,0.3333333333333333,4.666666666666667,3.0,2.0,0,Occasional Moderate-Value Customers,0
14547,8,779.66125,6237.29,0.6666666666666666,3.0,1.0,2.0,0,Occasional Moderate-Value Customers,0
14548,8,588.36,4706.88,0.6666666666666666,3.5,1.0,0.0,0,Occasional Moderate-Value Customers,0
14549,8,716.12625,5729.01,0.6666666666666666,3.6,3.0,2.0,0,Occasional Moderate-Value Customers,0
14550,13,813.7630769230769,10578.92,1.0833333333333333,3.8181818181818183,5.0,0.0,1,Frequent High-Value Customers,0
14551,12,781.4575,9377.49,1.0,3.625,3.0,3.0,1,Frequent High-Value Customers,0
14552,12,916.9933333333333,11003.92,1.0,3.2222222222222223,1.0,1.0,1,Frequent High-Value Customers,-1
14553,11,694.6445454545454,7641.09,0.9166666666666666,4.181818181818182,1.0,3.0,1,Frequent High-Value Customers,0
14554,11,839.4427272727272,9233.869999999999,0.9166666666666666,3.9,3.0,5.0,1,Frequent High-Value Customers,0
14555,12,510.68333333333334,6128.2,1.0,4.0,1.0,4.0,1,Frequent High-Value Customers,0
14556,11,617.5581818181819,6793.14,0.9166666666666666,4.0,3.0,3.0,1,Frequent High-Value Customers,0
14557,11,657.8245454545454,7236.07,0.9166666666666666,3.7142857142857144,3.0,4.0,1,Frequent High-Value Customers,0
14558,14,571.6871428571428,8003.62,1.1666666666666667,4.083333333333333,3.0,3.0,1,Frequent High-Value Customers,0
14559,15,591.9233333333334,8878.85,1.25,4.066666666666666,4.0,3.0,1,Frequent High-Value Customers,0
14560,7,650.9171428571428,4556.42,0.5833333333333334,4.333333333333333,4.0,1.0,0,Occasional Moderate-Value Customers,0
14561,13,714.3215384615385,9286.18,1.0833333333333333,3.3076923076923075,3.0,5.0,1,Frequent High-Value Customers,0
14562,11,673.8090909090909,7411.9,0.9166666666666666,3.9,3.0,4.0,1,Frequent High-Value Customers,0
14563,12,696.1783333333333,8354.14,1.0,3.2,3.0,3.0,1,Frequent High-Value Customers,0
14564,12,554.8133333333334,6657.76,1.0,3.9,2.0,5.0,1,Frequent High-Value Customers,0
14565,11,581.7245454545455,6398.97,0.9166666666666666,4.0,2.0,3.0,0,Occasional Moderate-Value Customers,0
14566,14,952.8514285714285,13339.92,1.1666666666666667,3.6666666666666665,3.0,3.0,1,Frequent High-Value Customers,0
14567,16,716.320625,11461.13,1.3333333333333333,3.3333333333333335,7.0,3.0,1,Frequent High-Value Customers,0
14568,12,746.1166666666667,8953.4,1.0,3.7777777777777777,3.0,1.0,1,Frequent High-Value Customers,0
14569,3,716.9166666666666,2150.75,0.25,4.333333333333333,2.0,1.0,0,Occasional Moderate-Value Customers,0
14570,14,673.6171428571428,9430.64,1.1666666666666667,3.769230769230769,2.0,3.0,1,Frequent High-Value Customers,0
14571,11,618.1781818181818,6799.96,0.9166666666666666,4.4,5.0,6.0,1,Frequent High-Value Customers,0
14572,7,911.6999999999999,6381.9,0.5833333333333334,4.285714285714286,1.0,1.0,0,Occasional Moderate-Value Customers,0
14573,8,729.85375,5838.83,0.6666666666666666,3.625,1.0,2.0,0,Occasional Moderate-Value Customers,0
14574,6,637.07,3822.42,0.5,4.25,1.0,1.0,0,Occasional Moderate-Value Customers,0
14575,10,694.155,6941.55,0.8333333333333334,4.4,4.0,1.0,0,Occasional Moderate-Value Customers,0
14576,10,917.652,9176.52,0.8333333333333334,3.375,2.0,3.0,1,Frequent High-Value Customers,0
14577,10,654.184,6541.84,0.8333333333333334,4.0,3.0,4.0,1,Frequent High-Value Customers,0
14578,9,616.2322222222223,5546.09,0.75,4.0,3.0,2.0,0,Occasional Moderate-Value Customers,0
14579,10,651.3489999999999,6513.49,0.8333333333333334,4.0,3.0,3.0,0,Occasional Moderate-Value Customers,0
14580,15,729.8126666666667,10947.19,1.25,3.769230769230769,6.0,1.0,1,Frequent High-Value Customers,0
14581,11,561.4745454545455,6176.22,0.9166666666666666,4.0,5.0,3.0,1,Frequent High-Value Customers,0
14582,11,872.6872727272727,9599.56,0.9166666666666666,3.111111111111111,2.0,2.0,1,Frequent High-Value Customers,0
14583,7,742.3185714285713,5196.23,0.5833333333333334,4.142857142857143,3.0,3.0,0,Occasional Moderate-Value Customers,0
14584,15,780.846,11712.69,1.25,3.8461538461538463,2.0,3.0,1,Frequent High-Value Customers,0
14585,7,800.3671428571428,5602.57,0.5833333333333334,3.0,2.0,2.0,0,Occasional Moderate-Value Customers,0
14586,13,467.79538461538465,6081.34,1.0833333333333333,3.8333333333333335,2.0,5.0,1,Frequent High-Value Customers,0
14587,13,660.2523076923078,8583.28,1.0833333333333333,3.4,3.0,3.0,1,Frequent High-Value Customers,0
14588,9,604.6477777777777,5441.83,0.75,4.111111111111111,4.0,3.0,0,Occasional Moderate-Value Customers,0
14589,7,680.1071428571429,4760.75,0.5833333333333334,4.142857142857143,2.0,0.0,0,Occasional Moderate-Value Customers,0
14590,9,574.4588888888889,5170.13,0.75,3.142857142857143,4.0,5.0,0,Occasional Moderate-Value Customers,0
14591,11,471.0554545454545,5181.61,0.9166666666666666,4.777777777777778,4.0,4.0,1,Frequent High-Value Customers,0
14592,8,867.46375,6939.71,0.6666666666666666,3.4285714285714284,3.0,1.0,0,Occasional Moderate-Value Customers,0
14593,12,880.4074999999999,10564.89,1.0,4.2,7.0,7.0,1,Frequent High-Value Customers,-1
14594,7,589.11,4123.77,0.5833333333333334,3.8,1.0,1.0,0,Occasional Moderate-Value Customers,0
14595,5,617.682,3088.4100000000003,0.4166666666666667,4.25,2.0,2.0,0,Occasional Moderate-Value Customers,0
14596,9,784.2133333333334,7057.92,0.75,4.5,2.0,2.0,0,Occasional Moderate-Value Customers,0
14597,12,560.2241666666667,6722.6900000000005,1.0,4.090909090909091,2.0,3.0,1,Frequent High-Value Customers,0
14598,7,718.36,5028.52,0.5833333333333334,3.8333333333333335,2.0,3.0,0,Occasional Moderate-Value Customers,0
14599,13,755.76,9824.88,1.0833333333333333,4.090909090909091,3.0,3.0,1,Frequent High-Value Customers,0
14600,9,543.7166666666667,4893.45,0.75,3.625,3.0,0.0,0,Occasional Moderate-Value Customers,0
14601,14,688.5035714285714,9639.05,1.1666666666666667,3.769230769230769,5.0,3.0,1,Frequent High-Value Customers,0
14602,13,929.8299999999999,12087.789999999999,1.0833333333333333,4.1,5.0,1.0,1,Frequent High-Value Customers,0
14603,4,842.8625,3371.45,0.3333333333333333,3.5,1.0,2.0,0,Occasional Moderate-Value Customers,0
14604,9,608.9188888888889,5480.27,0.75,4.222222222222222,4.0,2.0,0,Occasional Moderate-Value Customers,0
14605,11,599.5781818181817,6595.36,0.9166666666666666,3.909090909090909,3.0,3.0,1,Frequent High-Value Customers,0
14606,9,705.1666666666666,6346.5,0.75,3.5714285714285716,3.0,2.0,0,Occasional Moderate-Value Customers,0
14607,3,617.98,1853.94,0.25,2.5,1.0,2.0,0,Occasional Moderate-Value Customers,-1
14608,18,563.3872222222221,10140.97,1.5,4.0,5.0,1.0,1,Frequent High-Value Customers,-1
14609,5,703.47,3517.35,0.4166666666666667,3.6,2.0,2.0,0,Occasional Moderate-Value Customers,0
14610,18,615.7777777777778,11084.0,1.5,4.142857142857143,4.0,4.0,1,Frequent High-Value Customers,0
14611,5,725.308,3626.54,0.4166666666666667,3.6,2.0,2.0,0,Occasional Moderate-Value Customers,0
14612,8,889.37,7114.96,0.6666666666666666,4.428571428571429,2.0,2.0,0,Occasional Moderate-Value Customers,0
14613,5,720.726,3603.63,0.4166666666666667,4.0,2.0,1.0,0,Occasional Moderate-Value Customers,0
14614,8,621.51375,4972.11,0.6666666666666666,3.5714285714285716,3.0,2.0,0,Occasional Moderate-Value Customers,0
14615,12,652.5266666666666,7830.32,1.0,3.9166666666666665,5.0,3.0,1,Frequent High-Value Customers,0
14616,11,749.28,8242.08,0.9166666666666666,4.2727272727272725,2.0,1.0,0,Occasional Moderate-Value Customers,0
14617,8,884.44125,7075.53,0.6666666666666666,4.285714285714286,2.0,1.0,0,Occasional Moderate-Value Customers,0
14618,15,597.4673333333334,8962.01,1.25,4.214285714285714,3.0,2.0,1,Frequent High-Value Customers,0
14619,8,670.685,5365.48,0.6666666666666666,3.5714285714285716,4.0,1.0,0,Occasional Moderate-Value Customers,0
14620,7,600.6942857142857,4204.86,0.5833333333333334,4.4,2.0,3.0,0,Occasional Moderate-Value Customers,0
14621,12,668.9208333333333,8027.05,1.0,3.6666666666666665,4.0,3.0,1,Frequent High-Value Customers,0
14622,7,810.9742857142857,5676.82,0.5833333333333334,3.7142857142857144,3.0,1.0,0,Occasional Moderate-Value Customers,0
14623,1,718.88,718.88,0.08333333333333333,2.0,0.0,0.0,0,Occasional Moderate-Value Customers,-1
14624,12,801.1441666666666,9613.73,1.0,3.8,6.0,2.0,1,Frequent High-Value Customers,0
14625,12,773.805,9285.66,1.0,4.0,1.0,4.0,1,Frequent High-Value Customers,0
14626,9,480.53666666666663,4324.83,0.75,4.6,3.0,2.0,0,Occasional Moderate-Value Customers,0
14627,7,549.9414285714286,3849.59,0.5833333333333334,4.714285714285714,0.0,2.0,0,Occasional Moderate-Value Customers,0
14628,7,692.0985714285714,4844.69,0.5833333333333334,4.285714285714286,0.0,2.0,0,Occasional Moderate-Value Customers,0
14629,9,825.1177777777777,7426.0599999999995,0.75,4.428571428571429,4.0,2.0,0,Occasional Moderate-Value Customers,0
14630,16,659.035625,10544.57,1.3333333333333333,3.75,8.0,4.0,1,Frequent High-Value Customers,0
14631,8,527.8925,4223.14,0.6666666666666666,4.142857142857143,0.0,2.0,0,Occasional Moderate-Value Customers,0
14632,15,691.25,10368.75,1.25,4.0,3.0,5.0,1,Frequent High-Value Customers,0
14633,5,755.7139999999999,3778.5699999999997,0.4166666666666667,4.5,1.0,1.0,0,Occasional Moderate-Value Customers,0
14634,10,662.8230000000001,6628.2300000000005,0.8333333333333334,4.0,3.0,2.0,0,Occasional Moderate-Value Customers,0
14635,14,579.2214285714286,8109.1,1.1666666666666667,3.8461538461538463,6.0,3.0,1,Frequent High-Value Customers,0
14636,13,665.8984615384616,8656.68,1.0833333333333333,3.75,4.0,2.0,1,Frequent High-Value Customers,0
14637,8,808.0487499999999,6464.389999999999,0.6666666666666666,3.5714285714285716,4.0,4.0,0,Occasional Moderate-Value Customers,0
14638,8,590.3125,4722.5,0.6666666666666666,4.142857142857143,2.0,1.0,0,Occasional Moderate-Value Customers,0
14639,5,1095.646,5478.23,0.4166666666666667,4.2,3.0,2.0,0,Occasional Moderate-Value Customers,0
14640,7,600.3342857142858,4202.34,0.5833333333333334,3.857142857142857,3.0,1.0,0,Occasional Moderate-Value Customers,0
14641,11,586.5072727272727,6451.58,0.9166666666666666,3.2,4.0,4.0,1,Frequent High-Value Customers,0
14642,10,727.499,7274.99,0.8333333333333334,4.25,4.0,2.0,1,Frequent High-Value Customers,0
14643,12,1025.4975,12305.97,1.0,4.25,2.0,2.0,1,Frequent High-Value Customers,0
14644,9,511.4822222222222,4603.34,0.75,3.2857142857142856,3.0,1.0,0,Occasional Moderate-Value Customers,0
14645,11,824.4709090909091,9069.18,0.9166666666666666,4.0,3.0,2.0,1,Frequent High-Value Customers,0
14646,13,873.95,11361.35,1.0833333333333333,3.4166666666666665,2.0,4.0,1,Frequent High-Value Customers,0
14647,13,858.1876923076924,11156.44,1.0833333333333333,4.0,3.0,2.0,1,Frequent High-Value Customers,0
14648,8,786.5762500000001,6292.610000000001,0.6666666666666666,3.625,3.0,3.0,0,Occasional Moderate-Value Customers,0
14649,8,577.72875,4621.83,0.6666666666666666,4.125,6.0,0.0,0,Occasional Moderate-Value Customers,0
14650,8,747.27875,5978.23,0.6666666666666666,3.1666666666666665,2.0,2.0,0,Occasional Moderate-Value Customers,0
14651,9,633.1666666666666,5698.5,0.75,3.875,2.0,3.0,0,Occasional Moderate-Value Customers,0
14652,14,732.3378571428572,10252.73,1.1666666666666667,3.769230769230769,8.0,2.0,1,Frequent High-Value Customers,0
14653,10,759.9110000000001,7599.110000000001,0.8333333333333334,4.111111111111111,4.0,3.0,1,Frequent High-Value Customers,0
14654,6,832.8533333333334,4997.12,0.5,3.0,2.0,2.0,0,Occasional Moderate-Value Customers,0
14655,9,603.6544444444445,5432.89,0.75,4.222222222222222,3.0,3.0,0,Occasional Moderate-Value Customers,0
14656,10,916.8149999999999,9168.15,0.8333333333333334,3.857142857142857,7.0,0.0,1,Frequent High-Value Customers,-1
14657,4,801.7650000000001,3207.0600000000004,0.3333333333333333,4.0,1.0,1.0,0,Occasional Moderate-Value Customers,0
14658,10,519.586,5195.86,0.8333333333333334,3.6666666666666665,2.0,2.0,0,Occasional Moderate-Value Customers,0
14659,5,788.05,3940.25,0.4166666666666667,4.333333333333333,1.0,1.0,0,Occasional Moderate-Value Customers,0
14660,9,763.7566666666667,6873.8099999999995,0.75,3.5555555555555554,4.0,2.0,0,Occasional Moderate-Value Customers,0
14661,14,639.5464285714286,8953.65,1.1666666666666667,3.769230769230769,3.0,2.0,1,Frequent High-Value Customers,0
14662,10,763.457,7634.57,0.8333333333333334,4.1,2.0,2.0,0,Occasional Moderate-Value Customers,0
14663,12,783.8183333333333,9405.82,1.0,4.083333333333333,4.0,3.0,1,Frequent High-Value Customers,0
14664,7,665.7714285714285,4660.4,0.5833333333333334,4.0,4.0,1.0,0,Occasional Moderate-Value Customers,0
14665,16,549.210625,8787.37,1.3333333333333333,4.285714285714286,1.0,6.0,1,Frequent High-Value Customers,-1
14666,6,749.7416666666667,4498.45,0.5,3.8,2.0,1.0,0,Occasional Moderate-Value Customers,0
14667,11,846.1890909090909,9308.08,0.9166666666666666,3.7777777777777777,2.0,5.0,1,Frequent High-Value Customers,0
14668,4,525.83,2103.32,0.3333333333333333,3.25,1.0,0.0,0,Occasional Moderate-Value Customers,0
14669,16,682.490625,10919.85,1.3333333333333333,4.285714285714286,5.0,1.0,1,Frequent High-Value Customers,0
14670,11,674.6445454545454,7421.09,0.9166666666666666,3.2857142857142856,3.0,0.0,0,Occasional Moderate-Value Customers,0
14671,8,911.3475000000001,7290.780000000001,0.6666666666666666,3.5714285714285716,2.0,1.0,0,Occasional Moderate-Value Customers,0
14672,5,726.266,3631.33,0.4166666666666667,4.8,1.0,1.0,0,Occasional Moderate-Value Customers,0
14673,16,594.450625,9511.21,1.3333333333333333,3.642857142857143,7.0,2.0,1,Frequent High-Value Customers,0
14674,14,809.4335714285714,11332.07,1.1666666666666667,4.333333333333333,5.0,2.0,1,Frequent High-Value Customers,0
14675,9,653.4633333333334,5881.17,0.75,2.2857142857142856,5.0,1.0,0,Occasional Moderate-Value Customers,-1
14676,9,719.0422222222222,6471.38,0.75,3.4285714285714284,3.0,3.0,0,Occasional Moderate-Value Customers,0
14677,7,1047.7314285714285,7334.12,0.5833333333333334,2.6666666666666665,3.0,3.0,0,Occasional Moderate-Value Customers,0
14678,11,605.069090909091,6655.76,0.9166666666666666,3.8,1.0,2.0,0,Occasional Moderate-Value Customers,0
14679,17,711.5976470588236,12097.16,1.4166666666666667,3.8823529411764706,5.0,1.0,1,Frequent High-Value Customers,-1
14680,10,449.802,4498.02,0.8333333333333334,3.7,3.0,4.0,0,Occasional Moderate-Value Customers,0
14681,10,546.853,5468.53,0.8333333333333334,4.142857142857143,2.0,3.0,0,Occasional Moderate-Value Customers,0
14682,11,693.9472727272728,7633.42,0.9166666666666666,3.8,3.0,3.0,1,Frequent High-Value Customers,0
14683,9,553.5233333333333,4981.71,0.75,4.222222222222222,0.0,2.0,0,Occasional Moderate-Value Customers,0
14684,12,999.9241666666667,11999.09,1.0,3.9166666666666665,3.0,4.0,1,Frequent High-Value Customers,0
14685,10,710.417,7104.17,0.8333333333333334,4.142857142857143,4.0,1.0,0,Occasional Moderate-Value Customers,0
14686,6,624.4133333333333,3746.48,0.5,4.333333333333333,2.0,1.0,0,Occasional Moderate-Value Customers,0
14687,15,893.5713333333333,13403.57,1.25,3.6923076923076925,5.0,5.0,1,Frequent High-Value Customers,0
14688,14,839.0042857142856,11746.06,1.1666666666666667,3.6666666666666665,5.0,6.0,1,Frequent High-Value Customers,0
14689,13,688.2046153846154,8946.66,1.0833333333333333,3.888888888888889,6.0,3.0,1,Frequent High-Value Customers,0
14690,10,637.845,6378.45,0.8333333333333334,3.375,2.0,5.0,1,Frequent High-Value Customers,0
14691,7,443.0942857142857,3101.66,0.5833333333333334,4.0,1.0,1.0,0,Occasional Moderate-Value Customers,0
14692,12,814.0016666666667,9768.02,1.0,3.888888888888889,6.0,4.0,1,Frequent High-Value Customers,0
14693,12,856.2525,10275.03,1.0,4.166666666666667,3.0,2.0,1,Frequent High-Value Customers,0
14694,13,845.5969230769231,10992.76,1.0833333333333333,3.6923076923076925,7.0,2.0,1,Frequent High-Value Customers,0
14695,10,574.124,5741.24,0.8333333333333334,3.7777777777777777,6.0,4.0,1,Frequent High-Value Customers,0
14696,11,678.7963636363637,7466.76,0.9166666666666666,3.375,1.0,2.0,0,Occasional Moderate-Value Customers,0
14697,5,292.396,1461.98,0.4166666666666667,3.5,1.0,1.0,0,Occasional Moderate-Value Customers,0
14698,8,698.17125,5585.37,0.6666666666666666,4.428571428571429,1.0,1.0,0,Occasional Moderate-Value Customers,0
14699,8,693.82,5550.56,0.6666666666666666,4.857142857142857,3.0,1.0,0,Occasional Moderate-Value Customers,0
14700,9,546.7344444444444,4920.61,0.75,4.25,5.0,2.0,0,Occasional Moderate-Value Customers,0
14701,12,873.8308333333334,10485.970000000001,1.0,4.0,1.0,2.0,1,Frequent High-Value Customers,0
14702,12,762.6141666666667,9151.37,1.0,3.6363636363636362,1.0,3.0,1,Frequent High-Value Customers,0
14703,18,674.5327777777778,12141.59,1.5,4.0625,5.0,5.0,1,Frequent High-Value Customers,0
14704,11,834.8209090909091,9183.03,0.9166666666666666,3.5555555555555554,4.0,1.0,1,Frequent High-Value Customers,0
14705,6,637.57,3825.42,0.5,3.8,2.0,0.0,0,Occasional Moderate-Value Customers,0
14706,14,1053.18,14744.52,1.1666666666666667,4.461538461538462,3.0,1.0,1,Frequent High-Value Customers,-1
14707,9,704.4033333333333,6339.63,0.75,3.75,3.0,1.0,0,Occasional Moderate-Value Customers,0
14708,18,683.9338888888889,12310.81,1.5,4.133333333333334,1.0,2.0,1,Frequent High-Value Customers,-1
14709,5,613.392,3066.96,0.4166666666666667,3.6,1.0,2.0,0,Occasional Moderate-Value Customers,0
14710,8,873.5675,6988.54,0.6666666666666666,3.5,5.0,2.0,0,Occasional Moderate-Value Customers,0
14711,10,813.2729999999999,8132.73,0.8333333333333334,3.375,3.0,4.0,1,Frequent High-Value Customers,0
14712,14,816.0621428571429,11424.87,1.1666666666666667,3.4615384615384617,4.0,5.0,1,Frequent High-Value Customers,0
14713,7,536.3771428571429,3754.64,0.5833333333333334,4.142857142857143,0.0,2.0,0,Occasional Moderate-Value Customers,0
14714,11,780.9781818181818,8590.76,0.9166666666666666,3.727272727272727,5.0,5.0,1,Frequent High-Value Customers,0
14715,6,659.105,3954.63,0.5,4.166666666666667,1.0,0.0,0,Occasional Moderate-Value Customers,0
14716,12,733.3841666666667,8800.61,1.0,3.9166666666666665,5.0,4.0,1,Frequent High-Value Customers,0
14717,5,789.696,3948.48,0.4166666666666667,4.666666666666667,0.0,3.0,0,Occasional Moderate-Value Customers,0
14718,10,718.2909999999999,7182.91,0.8333333333333334,4.0,4.0,3.0,1,Frequent High-Value Customers,0
14719,13,701.3930769230769,9118.11,1.0833333333333333,4.25,3.0,3.0,1,Frequent High-Value Customers,0
14720,11,738.8281818181819,8127.110000000001,0.9166666666666666,3.3636363636363638,5.0,2.0,1,Frequent High-Value Customers,0
14721,9,662.0488888888889,5958.44,0.75,4.125,1.0,2.0,0,Occasional Moderate-Value Customers,0
14722,10,462.62300000000005,4626.2300000000005,0.8333333333333334,3.3333333333333335,3.0,3.0,0,Occasional Moderate-Value Customers,0
14723,13,776.176923076923,10090.3,1.0833333333333333,3.7,2.0,2.0,1,Frequent High-Value Customers,0
14724,15,548.4926666666667,8227.39,1.25,4.142857142857143,5.0,5.0,1,Frequent High-Value Customers,0
14725,8,505.5925,4044.74,0.6666666666666666,4.166666666666667,1.0,3.0,0,Occasional Moderate-Value Customers,0
14726,11,576.3545454545455,6339.9,0.9166666666666666,3.2222222222222223,4.0,2.0,1,Frequent High-Value Customers,0
14727,13,814.6169230769231,10590.02,1.0833333333333333,4.545454545454546,1.0,2.0,1,Frequent High-Value Customers,0
14728,10,678.513,6785.13,0.8333333333333334,4.333333333333333,4.0,2.0,0,Occasional Moderate-Value Customers,0
14729,8,718.99625,5751.97,0.6666666666666666,3.6666666666666665,3.0,3.0,0,Occasional Moderate-Value Customers,0
14730,10,521.054,5210.54,0.8333333333333334,4.0,3.0,3.0,0,Occasional Moderate-Value Customers,0
14731,13,596.0192307692307,7748.25,1.0833333333333333,3.7,4.0,1.0,1,Frequent High-Value Customers,0
14732,7,651.0514285714286,4557.36,0.5833333333333334,4.285714285714286,2.0,2.0,0,Occasional Moderate-Value Customers,0
14733,9,463.5155555555556,4171.64,0.75,4.375,3.0,2.0,0,Occasional Moderate-Value Customers,0
14734,6,374.13000000000005,2244.78,0.5,3.6666666666666665,0.0,2.0,0,Occasional Moderate-Value Customers,0
14735,13,749.6646153846153,9745.64,1.0833333333333333,3.727272727272727,2.0,1.0,1,Frequent High-Value Customers,0
14736,16,655.0775,10481.24,1.3333333333333333,3.875,7.0,6.0,1,Frequent High-Value Customers,0
14737,6,820.8633333333333,4925.18,0.5,3.6666666666666665,1.0,2.0,0,Occasional Moderate-Value Customers,0
14738,8,972.3412500000001,7778.7300000000005,0.6666666666666666,3.0,5.0,3.0,1,Frequent High-Value Customers,-1
14739,7,1016.2942857142856,7114.0599999999995,0.5833333333333334,3.0,5.0,2.0,0,Occasional Moderate-Value Customers,-1
14740,12,768.3483333333334,9220.18,1.0,3.5,4.0,2.0,1,Frequent High-Value Customers,0
14741,7,644.8857142857142,4514.2,0.5833333333333334,4.142857142857143,4.0,2.0,0,Occasional Moderate-Value Customers,0
14742,11,788.4554545454546,8673.01,0.9166666666666666,3.8,4.0,3.0,1,Frequent High-Value Customers,0
14743,9,891.19,8020.71,0.75,4.125,4.0,3.0,1,Frequent High-Value Customers,0
14744,11,640.4863636363636,7045.35,0.9166666666666666,3.25,1.0,3.0,0,Occasional Moderate-Value Customers,0
14745,9,590.0988888888888,5310.889999999999,0.75,3.3333333333333335,1.0,2.0,0,Occasional Moderate-Value Customers,0
14746,7,746.5328571428571,5225.73,0.5833333333333334,3.857142857142857,2.0,2.0,0,Occasional Moderate-Value Customers,0
14747,7,773.8942857142857,5417.26,0.5833333333333334,3.7142857142857144,1.0,4.0,0,Occasional Moderate-Value Customers,0
14748,7,644.2971428571428,4510.08,0.5833333333333334,3.857142857142857,2.0,1.0,0,Occasional Moderate-Value Customers,0
14749,11,542.3172727272727,5965.49,0.9166666666666666,3.6363636363636362,2.0,2.0,0,Occasional Moderate-Value Customers,0
14750,12,598.4033333333333,7180.84,1.0,4.1,3.0,3.0,1,Frequent High-Value Customers,0
14751,12,877.255,10527.06,1.0,3.6666666666666665,4.0,3.0,1,Frequent High-Value Customers,0
14752,11,702.9881818181818,7732.87,0.9166666666666666,3.75,3.0,3.0,1,Frequent High-Value Customers,0
14753,6,666.195,3997.17,0.5,3.6666666666666665,0.0,2.0,0,Occasional Moderate-Value Customers,0
14754,14,828.4414285714286,11598.18,1.1666666666666667,3.9166666666666665,2.0,4.0,1,Frequent High-Value Customers,0
14755,5,527.2360000000001,2636.1800000000003,0.4166666666666667,3.75,2.0,2.0,0,Occasional Moderate-Value Customers,0
14756,6,619.9283333333334,3719.57,0.5,4.2,4.0,1.0,0,Occasional Moderate-Value Customers,0
14757,6,781.9549999999999,4691.73,0.5,4.166666666666667,0.0,0.0,0,Occasional Moderate-Value Customers,0
14758,15,545.6673333333333,8185.01,1.25,4.166666666666667,5.0,5.0,1,Frequent High-Value Customers,0
14759,7,756.2142857142857,5293.5,0.5833333333333334,3.3333333333333335,3.0,1.0,0,Occasional Moderate-Value Customers,0
14760,7,743.6842857142857,5205.79,0.5833333333333334,4.333333333333333,2.0,2.0,0,Occasional Moderate-Value Customers,0
14761,12,642.6708333333333,7712.05,1.0,3.8181818181818183,4.0,4.0,1,Frequent High-Value Customers,0
14762,10,739.288,7392.88,0.8333333333333334,3.7142857142857144,3.0,1.0,0,Occasional Moderate-Value Customers,0
14763,10,778.354,7783.54,0.8333333333333334,3.7777777777777777,5.0,2.0,1,Frequent High-Value Customers,0
14764,7,752.0514285714286,5264.36,0.5833333333333334,4.857142857142857,2.0,3.0,0,Occasional Moderate-Value Customers,0
14765,7,605.2014285714286,4236.41,0.5833333333333334,3.6666666666666665,1.0,4.0,0,Occasional Moderate-Value Customers,0
14766,5,749.0959999999999,3745.4799999999996,0.4166666666666667,3.6666666666666665,3.0,1.0,0,Occasional Moderate-Value Customers,0
14767,12,588.3841666666666,7060.61,1.0,4.0,4.0,0.0,1,Frequent High-Value Customers,0
14768,12,636.4275,7637.13,1.0,3.6,2.0,2.0,1,Frequent High-Value Customers,0
14769,10,575.745,5757.45,0.8333333333333334,3.7,4.0,2.0,0,Occasional Moderate-Value Customers,0
14770,16,773.82375,12381.18,1.3333333333333333,3.933333333333333,6.0,2.0,1,Frequent High-Value Customers,0
14771,6,801.1883333333334,4807.13,0.5,4.2,1.0,0.0,0,Occasional Moderate-Value Customers,0
14772,10,602.072,6020.72,0.8333333333333334,3.7,2.0,3.0,0,Occasional Moderate-Value Customers,0
14773,10,579.105,5791.05,0.8333333333333334,4.5,2.0,1.0,0,Occasional Moderate-Value Customers,0
14774,14,885.9250000000001,12402.95,1.1666666666666667,4.230769230769231,6.0,4.0,1,Frequent High-Value Customers,0
14775,6,1103.9216666666666,6623.53,0.5,3.8,2.0,1.0,0,Occasional Moderate-Value Customers,0
14776,9,585.3266666666667,5267.9400000000005,0.75,3.875,2.0,2.0,0,Occasional Moderate-Value Customers,0
14777,8,473.73625,3789.89,0.6666666666666666,4.0,2.0,2.0,0,Occasional Moderate-Value Customers,0
14778,12,767.8708333333334,9214.45,1.0,3.8,3.0,2.0,1,Frequent High-Value Customers,0
14779,7,735.0600000000001,5145.42,0.5833333333333334,3.7142857142857144,1.0,1.0,0,Occasional Moderate-Value Customers,0
14780,7,804.0571428571428,5628.4,0.5833333333333334,4.142857142857143,3.0,2.0,0,Occasional Moderate-Value Customers,0
14781,7,701.5114285714286,4910.58,0.5833333333333334,4.5,2.0,1.0,0,Occasional Moderate-Value Customers,0
14782,9,740.6022222222223,6665.42,0.75,3.888888888888889,2.0,2.0,0,Occasional Moderate-Value Customers,0
14783,8,647.16125,5177.29,0.6666666666666666,4.125,3.0,3.0,0,Occasional Moderate-Value Customers,0
14784,12,741.46,8897.52,1.0,3.5,4.0,5.0,1,Frequent High-Value Customers,0
14785,7,689.1371428571429,4823.96,0.5833333333333334,4.0,1.0,1.0,0,Occasional Moderate-Value Customers,0
14786,10,911.275,9112.75,0.8333333333333334,3.75,7.0,1.0,1,Frequent High-Value Customers,-1
14787,6,500.6466666666667,3003.88,0.5,3.5,2.0,4.0,0,Occasional Moderate-Value Customers,0
14788,11,541.3772727272727,5955.15,0.9166666666666666,3.8,7.0,0.0,1,Frequent High-Value Customers,0
14789,13,699.1461538461538,9088.9,1.0833333333333333,4.25,4.0,5.0,1,Frequent High-Value Customers,0
14790,14,603.3185714285713,8446.46,1.1666666666666667,3.642857142857143,7.0,6.0,1,Frequent High-Value Customers,0
14791,4,1379.7124999999999,5518.849999999999,0.3333333333333333,4.0,2.0,1.0,0,Occasional Moderate-Value Customers,-1
14792,8,755.45375,6043.63,0.6666666666666666,4.333333333333333,3.0,2.0,0,Occasional Moderate-Value Customers,0
14793,7,704.5128571428571,4931.59,0.5833333333333334,4.0,1.0,2.0,0,Occasional Moderate-Value Customers,0
14794,13,499.6815384615385,6495.860000000001,1.0833333333333333,3.25,4.0,5.0,1,Frequent High-Value Customers,0
14795,14,712.6978571428572,9977.77,1.1666666666666667,3.9285714285714284,2.0,4.0,1,Frequent High-Value Customers,0
14796,4,1049.0125,4196.05,0.3333333333333333,5.0,2.0,0.0,0,Occasional Moderate-Value Customers,-1
14797,15,666.8866666666667,10003.3,1.25,3.8666666666666667,3.0,4.0,1,Frequent High-Value Customers,0
14798,11,696.7072727272727,7663.78,0.9166666666666666,3.5,2.0,0.0,0,Occasional Moderate-Value Customers,0
14799,9,705.6366666666667,6350.73,0.75,4.0,0.0,3.0,0,Occasional Moderate-Value Customers,0
14800,7,414.6085714285714,2902.2599999999998,0.5833333333333334,3.8,2.0,1.0,0,Occasional Moderate-Value Customers,0
14801,15,714.5006666666667,10717.51,1.25,3.9285714285714284,3.0,3.0,1,Frequent High-Value Customers,0
14802,4,820.19,3280.76,0.3333333333333333,4.0,1.0,0.0,0,Occasional Moderate-Value Customers,0
14803,14,742.4028571428571,10393.64,1.1666666666666667,4.166666666666667,6.0,2.0,1,Frequent High-Value Customers,0
14804,10,645.3389999999999,6453.389999999999,0.8333333333333334,3.6,5.0,4.0,1,Frequent High-Value Customers,0
14805,10,531.2189999999999,5312.19,0.8333333333333334,3.8,4.0,3.0,0,Occasional Moderate-Value Customers,0
14806,9,800.8788888888889,7207.91,0.75,3.7142857142857144,1.0,2.0,0,Occasional Moderate-Value Customers,0
14807,14,1001.6114285714285,14022.56,1.1666666666666667,4.0,5.0,4.0,1,Frequent High-Value Customers,0
14808,12,676.9525,8123.43,1.0,4.083333333333333,2.0,7.0,1,Frequent High-Value Customers,0
14809,12,464.2683333333334,5571.22,1.0,3.7777777777777777,4.0,5.0,1,Frequent High-Value Customers,0
14810,9,677.8633333333333,6100.77,0.75,3.8333333333333335,2.0,2.0,0,Occasional Moderate-Value Customers,0
14811,10,777.9010000000001,7779.01,0.8333333333333334,4.375,3.0,2.0,0,Occasional Moderate-Value Customers,0
14812,11,786.2972727272728,8649.27,0.9166666666666666,3.8,3.0,5.0,1,Frequent High-Value Customers,0
14813,12,381.01833333333326,4572.219999999999,1.0,3.5454545454545454,4.0,3.0,1,Frequent High-Value Customers,0
14814,6,760.3783333333334,4562.27,0.5,4.25,2.0,2.0,0,Occasional Moderate-Value Customers,0
14815,10,596.3199999999999,5963.2,0.8333333333333334,3.857142857142857,3.0,2.0,0,Occasional Moderate-Value Customers,0
14816,13,572.28,7439.64,1.0833333333333333,3.909090909090909,1.0,4.0,1,Frequent High-Value Customers,0
14817,8,535.57125,4284.57,0.6666666666666666,3.875,1.0,3.0,0,Occasional Moderate-Value Customers,0
14818,9,940.8444444444444,8467.6,0.75,3.6666666666666665,4.0,3.0,1,Frequent High-Value Customers,0
14819,8,661.4,5291.2,0.6666666666666666,3.857142857142857,2.0,1.0,0,Occasional Moderate-Value Customers,0
14820,7,632.9228571428572,4430.46,0.5833333333333334,3.4285714285714284,0.0,2.0,0,Occasional Moderate-Value Customers,0
14821,13,755.7,9824.1,1.0833333333333333,3.3636363636363638,4.0,1.0,1,Frequent High-Value Customers,0
14822,8,512.37875,4099.03,0.6666666666666666,4.142857142857143,4.0,3.0,0,Occasional Moderate-Value Customers,0
14823,9,627.0188888888889,5643.17,0.75,3.375,1.0,1.0,0,Occasional Moderate-Value Customers,0
14824,13,661.4846153846154,8599.3,1.0833333333333333,3.909090909090909,4.0,3.0,1,Frequent High-Value Customers,0
14825,9,721.2444444444444,6491.2,0.75,4.25,2.0,3.0,0,Occasional Moderate-Value Customers,0
14826,6,463.64166666666665,2781.85,0.5,3.6666666666666665,3.0,0.0,0,Occasional Moderate-Value Customers,0
14827,13,972.5815384615385,12643.56,1.0833333333333333,4.111111111111111,2.0,3.0,1,Frequent High-Value Customers,0
14828,12,629.9508333333333,7559.41,1.0,3.5833333333333335,5.0,3.0,1,Frequent High-Value Customers,0
14829,19,625.3894736842105,11882.4,1.5833333333333333,3.7222222222222223,5.0,5.0,1,Frequent High-Value Customers,0
14830,8,530.58,4244.64,0.6666666666666666,2.6666666666666665,2.0,2.0,0,Occasional Moderate-Value Customers,0
14831,5,288.038,1440.19,0.4166666666666667,4.5,0.0,1.0,0,Occasional Moderate-Value Customers,0
14832,9,693.2355555555555,6239.12,0.75,3.8333333333333335,3.0,2.0,0,Occasional Moderate-Value Customers,0
14833,9,565.271111111111,5087.44,0.75,4.0,3.0,1.0,0,Occasional Moderate-Value Customers,0
14834,10,789.205,7892.05,0.8333333333333334,3.7,2.0,4.0,1,Frequent High-Value Customers,0
14835,9,880.4177777777778,7923.76,0.75,3.0,3.0,1.0,0,Occasional Moderate-Value Customers,0
14836,6,958.3566666666666,5750.139999999999,0.5,3.2,3.0,2.0,0,Occasional Moderate-Value Customers,0
14837,9,723.4555555555556,6511.1,0.75,4.111111111111111,2.0,0.0,0,Occasional Moderate-Value Customers,0
14838,9,493.0466666666667,4437.42,0.75,3.75,4.0,1.0,0,Occasional Moderate-Value Customers,0
14839,12,564.6158333333334,6775.39,1.0,3.9166666666666665,3.0,3.0,1,Frequent High-Value Customers,0
14840,15,856.6666666666666,12850.0,1.25,3.6666666666666665,7.0,5.0,1,Frequent High-Value Customers,0
14841,7,717.9142857142857,5025.4,0.5833333333333334,4.166666666666667,3.0,1.0,0,Occasional Moderate-Value Customers,0
14842,15,592.802,8892.03,1.25,3.642857142857143,6.0,1.0,1,Frequent High-Value Customers,0
14843,12,680.8358333333334,8170.030000000001,1.0,4.1,4.0,4.0,1,Frequent High-Value Customers,0
14844,7,796.7371428571429,5577.16,0.5833333333333334,4.2,3.0,1.0,0,Occasional Moderate-Value Customers,0
14845,10,650.7389999999999,6507.389999999999,0.8333333333333334,4.444444444444445,1.0,2.0,0,Occasional Moderate-Value Customers,0
14846,12,836.5033333333334,10038.04,1.0,3.1818181818181817,4.0,4.0,1,Frequent High-Value Customers,0
14847,13,718.5223076923078,9340.79,1.0833333333333333,3.4615384615384617,6.0,1.0,1,Frequent High-Value Customers,0
14848,9,623.9322222222222,5615.389999999999,0.75,4.125,5.0,4.0,0,Occasional Moderate-Value Customers,0
14849,10,623.317,6233.17,0.8333333333333334,4.444444444444445,2.0,3.0,0,Occasional Moderate-Value Customers,0
14850,13,583.9476923076923,7591.32,1.0833333333333333,4.166666666666667,8.0,6.0,1,Frequent High-Value Customers,-1
14851,12,623.0616666666666,7476.74,1.0,4.0,2.0,5.0,1,Frequent High-Value Customers,0
14852,5,675.63,3378.15,0.4166666666666667,4.2,1.0,0.0,0,Occasional Moderate-Value Customers,0
14853,12,641.3758333333334,7696.51,1.0,4.0,2.0,2.0,1,Frequent High-Value Customers,0
14854,15,726.7293333333333,10900.94,1.25,4.090909090909091,6.0,2.0,1,Frequent High-Value Customers,0
14855,9,808.32,7274.88,0.75,3.875,7.0,3.0,1,Frequent High-Value Customers,0
14856,3,543.2833333333333,1629.85,0.25,4.0,1.0,0.0,0,Occasional Moderate-Value Customers,0
14857,16,551.5025,8824.04,1.3333333333333333,4.066666666666666,2.0,1.0,1,Frequent High-Value Customers,0
14858,8,768.63625,6149.09,0.6666666666666666,3.5714285714285716,3.0,2.0,0,Occasional Moderate-Value Customers,0
14859,7,586.1414285714285,4102.99,0.5833333333333334,4.2,2.0,1.0,0,Occasional Moderate-Value Customers,0
14860,3,538.0033333333332,1614.0099999999998,0.25,4.0,2.0,1.0,0,Occasional Moderate-Value Customers,0
14861,15,563.2346666666667,8448.52,1.25,4.0,1.0,6.0,1,Frequent High-Value Customers,0
14862,11,643.080909090909,7073.889999999999,0.9166666666666666,3.6,3.0,1.0,0,Occasional Moderate-Value Customers,0
14863,13,760.0453846153846,9880.59,1.0833333333333333,4.083333333333333,0.0,3.0,1,Frequent High-Value Customers,0
14864,17,687.2211764705883,11682.76,1.4166666666666667,3.8125,4.0,2.0,1,Frequent High-Value Customers,0
14865,8,701.89875,5615.19,0.6666666666666666,4.2,0.0,1.0,0,Occasional Moderate-Value Customers,0
14866,18,814.9388888888889,14668.9,1.5,3.7857142857142856,5.0,6.0,1,Frequent High-Value Customers,-1
14867,6,886.2083333333334,5317.25,0.5,4.5,2.0,2.0,0,Occasional Moderate-Value Customers,0
14868,7,566.14,3962.98,0.5833333333333334,4.571428571428571,1.0,2.0,0,Occasional Moderate-Value Customers,0
14869,5,573.348,2866.74,0.4166666666666667,2.75,2.0,0.0,0,Occasional Moderate-Value Customers,0
14870,13,606.0615384615385,7878.8,1.0833333333333333,3.8461538461538463,2.0,1.0,1,Frequent High-Value Customers,0
14871,10,694.444,6944.44,0.8333333333333334,4.111111111111111,4.0,3.0,1,Frequent High-Value Customers,0
14872,9,538.8222222222222,4849.4,0.75,4.111111111111111,4.0,3.0,0,Occasional Moderate-Value Customers,0
14873,10,694.074,6940.74,0.8333333333333334,3.5,4.0,4.0,1,Frequent High-Value Customers,0
14874,11,518.8127272727272,5706.94,0.9166666666666666,3.7,2.0,1.0,0,Occasional Moderate-Value Customers,0
14875,9,627.4133333333334,5646.72,0.75,4.333333333333333,3.0,1.0,0,Occasional Moderate-Value Customers,0
14876,7,626.46,4385.22,0.5833333333333334,4.0,1.0,0.0,0,Occasional Moderate-Value Customers,0
14877,10,601.937,6019.37,0.8333333333333334,4.375,2.0,4.0,0,Occasional Moderate-Value Customers,0
14878,9,713.5288888888889,6421.76,0.75,3.2857142857142856,1.0,2.0,0,Occasional Moderate-Value Customers,0
14879,4,1209.935,4839.74,0.3333333333333333,3.3333333333333335,0.0,1.0,0,Occasional Moderate-Value Customers,-1
14880,12,661.5633333333334,7938.76,1.0,4.090909090909091,5.0,5.0,1,Frequent High-Value Customers,0
14881,8,633.82625,5070.61,0.6666666666666666,3.875,2.0,3.0,0,Occasional Moderate-Value Customers,0
14882,13,467.93615384615384,6083.17,1.0833333333333333,3.272727272727273,4.0,3.0,1,Frequent High-Value Customers,0
14883,14,719.2685714285715,10069.76,1.1666666666666667,3.923076923076923,2.0,2.0,1,Frequent High-Value Customers,0
14884,10,673.767,6737.67,0.8333333333333334,4.125,5.0,4.0,1,Frequent High-Value Customers,0
14885,9,771.4122222222222,6942.71,0.75,4.25,3.0,0.0,0,Occasional Moderate-Value Customers,0
14886,17,705.2888235294117,11989.91,1.4166666666666667,4.071428571428571,2.0,5.0,1,Frequent High-Value Customers,0
14887,17,437.59529411764703,7439.12,1.4166666666666667,4.352941176470588,1.0,3.0,1,Frequent High-Value Customers,-1
14888,11,558.2945454545454,6141.24,0.9166666666666666,3.6,5.0,5.0,1,Frequent High-Value Customers,0
14889,12,913.4166666666666,10961.0,1.0,3.9166666666666665,3.0,5.0,1,Frequent High-Value Customers,0
14890,9,775.6411111111111,6980.7699999999995,0.75,3.857142857142857,3.0,1.0,0,Occasional Moderate-Value Customers,0
14891,12,560.4875000000001,6725.85,1.0,3.5833333333333335,6.0,4.0,1,Frequent High-Value Customers,0
14892,12,817.1083333333332,9805.3,1.0,3.6363636363636362,3.0,4.0,1,Frequent High-Value Customers,0
14893,11,781.1963636363636,8593.16,0.9166666666666666,4.111111111111111,2.0,4.0,1,Frequent High-Value Customers,0
14894,10,856.559,8565.59,0.8333333333333334,3.5,1.0,4.0,1,Frequent High-Value Customers,0
14895,6,759.4050000000001,4556.43,0.5,3.1666666666666665,3.0,3.0,0,Occasional Moderate-Value Customers,0
14896,8,712.8375,5702.7,0.6666666666666666,4.142857142857143,3.0,2.0,0,Occasional Moderate-Value Customers,0
14897,11,559.180909090909,6150.99,0.9166666666666666,3.1818181818181817,2.0,4.0,1,Frequent High-Value Customers,0
14898,5,638.65,3193.25,0.4166666666666667,3.0,1.0,1.0,0,Occasional Moderate-Value Customers,0
14899,6,706.6266666666667,4239.76,0.5,4.0,4.0,0.0,0,Occasional Moderate-Value Customers,0
14900,9,689.5911111111111,6206.32,0.75,3.857142857142857,2.0,4.0,0,Occasional Moderate-Value Customers,0
14901,5,821.0219999999999,4105.11,0.4166666666666667,4.0,1.0,1.0,0,Occasional Moderate-Value Customers,0
14902,7,845.2685714285715,5916.88,0.5833333333333334,3.6,3.0,2.0,0,Occasional Moderate-Value Customers,0
14903,7,741.6585714285715,5191.610000000001,0.5833333333333334,3.8333333333333335,5.0,1.0,0,Occasional Moderate-Value Customers,0
14904,10,592.7439999999999,5927.44,0.8333333333333334,3.75,1.0,1.0,0,Occasional Moderate-Value Customers,0
14905,8,601.43375,4811.47,0.6666666666666666,4.142857142857143,0.0,0.0,0,Occasional Moderate-Value Customers,0
14906,8,601.05875,4808.47,0.6666666666666666,4.375,4.0,5.0,0,Occasional Moderate-Value Customers,0
14907,6,621.4533333333334,3728.7200000000003,0.5,3.2,4.0,2.0,0,Occasional Moderate-Value Customers,0
14908,13,467.67384615384617,6079.76,1.0833333333333333,4.076923076923077,4.0,2.0,1,Frequent High-Value Customers,0
14909,10,805.161,8051.61,0.8333333333333334,4.142857142857143,2.0,2.0,0,Occasional Moderate-Value Customers,0
14910,11,534.3163636363636,5877.48,0.9166666666666666,4.2,3.0,4.0,1,Frequent High-Value Customers,0
14911,4,694.4499999999999,2777.7999999999997,0.3333333333333333,4.0,1.0,0.0,0,Occasional Moderate-Value Customers,0
14912,10,512.518,5125.18,0.8333333333333334,3.375,7.0,5.0,1,Frequent High-Value Customers,-1
14913,6,512.0466666666667,3072.28,0.5,3.4,1.0,1.0,0,Occasional Moderate-Value Customers,0
14914,15,581.0613333333333,8715.92,1.25,4.571428571428571,1.0,4.0,1,Frequent High-Value Customers,-1
14915,13,824.9669230769231,10724.57,1.0833333333333333,3.4545454545454546,2.0,2.0,1,Frequent High-Value Customers,0
14916,11,751.9781818181818,8271.76,0.9166666666666666,4.0,5.0,2.0,1,Frequent High-Value Customers,0
14917,8,872.63875,6981.11,0.6666666666666666,3.3333333333333335,4.0,2.0,0,Occasional Moderate-Value Customers,0
14918,10,617.768,6177.68,0.8333333333333334,4.555555555555555,3.0,3.0,0,Occasional Moderate-Value Customers,0
14919,9,777.978888888889,7001.81,0.75,3.7777777777777777,1.0,3.0,0,Occasional Moderate-Value Customers,0
14920,11,992.4663636363636,10917.13,0.9166666666666666,3.8,4.0,2.0,1,Frequent High-Value Customers,0
14921,6,831.6833333333334,4990.1,0.5,4.166666666666667,3.0,1.0,0,Occasional Moderate-Value Customers,0
14922,14,609.3035714285714,8530.25,1.1666666666666667,3.6666666666666665,7.0,2.0,1,Frequent High-Value Customers,0
14923,15,703.9173333333333,10558.76,1.25,3.769230769230769,6.0,5.0,1,Frequent High-Value Customers,0
14924,15,561.3613333333334,8420.42,1.25,3.75,2.0,3.0,1,Frequent High-Value Customers,0
14925,10,792.123,7921.2300000000005,0.8333333333333334,3.7777777777777777,6.0,2.0,1,Frequent High-Value Customers,0
14926,10,731.42,7314.2,0.8333333333333334,3.3,2.0,2.0,0,Occasional Moderate-Value Customers,0
14927,10,502.904,5029.04,0.8333333333333334,3.7777777777777777,2.0,4.0,0,Occasional Moderate-Value Customers,0
14928,14,551.6742857142857,7723.4400000000005,1.1666666666666667,3.5,5.0,0.0,1,Frequent High-Value Customers,0
14929,8,621.84875,4974.79,0.6666666666666666,4.428571428571429,3.0,2.0,0,Occasional Moderate-Value Customers,0
14930,14,597.7592857142856,8368.63,1.1666666666666667,3.8333333333333335,3.0,4.0,1,Frequent High-Value Customers,0
14931,12,709.9716666666667,8519.66,1.0,4.2,2.0,3.0,1,Frequent High-Value Customers,0
14932,13,689.5361538461538,8963.97,1.0833333333333333,3.75,1.0,2.0,1,Frequent High-Value Customers,0
14933,8,526.8225,4214.58,0.6666666666666666,4.428571428571429,7.0,1.0,0,Occasional Moderate-Value Customers,-1
14934,9,622.4699999999999,5602.23,0.75,4.222222222222222,5.0,3.0,0,Occasional Moderate-Value Customers,0
14935,12,612.1108333333333,7345.33,1.0,3.9166666666666665,2.0,4.0,1,Frequent High-Value Customers,0
14936,10,520.913,5209.13,0.8333333333333334,3.888888888888889,4.0,3.0,0,Occasional Moderate-Value Customers,0
14937,12,797.8208333333333,9573.85,1.0,4.181818181818182,1.0,1.0,1,Frequent High-Value Customers,0
14938,12,536.3774999999999,6436.53,1.0,3.5,5.0,6.0,1,Frequent High-Value Customers,0
14939,7,778.79,5451.53,0.5833333333333334,4.333333333333333,2.0,1.0,0,Occasional Moderate-Value Customers,0
14940,11,673.5154545454545,7408.67,0.9166666666666666,3.3,2.0,1.0,0,Occasional Moderate-Value Customers,0
14941,8,685.5037500000001,5484.030000000001,0.6666666666666666,4.0,3.0,3.0,0,Occasional Moderate-Value Customers,0
14942,17,690.2641176470588,11734.49,1.4166666666666667,3.7333333333333334,4.0,5.0,1,Frequent High-Value Customers,0
14943,11,701.2372727272727,7713.61,0.9166666666666666,4.0,3.0,2.0,1,Frequent High-Value Customers,0
14944,9,1013.3322222222222,9119.99,0.75,3.625,0.0,2.0,0,Occasional Moderate-Value Customers,0
14945,12,736.8058333333333,8841.67,1.0,3.6,3.0,3.0,1,Frequent High-Value Customers,0
14946,10,1015.1719999999999,10151.72,0.8333333333333334,3.5555555555555554,6.0,3.0,1,Frequent High-Value Customers,0
14947,9,608.7266666666667,5478.54,0.75,3.3333333333333335,2.0,2.0,0,Occasional Moderate-Value Customers,0
14948,12,823.275,9879.3,1.0,4.3,1.0,3.0,1,Frequent High-Value Customers,0
14949,6,391.4533333333333,2348.72,0.5,4.0,3.0,1.0,0,Occasional Moderate-Value Customers,0
14950,8,657.49375,5259.95,0.6666666666666666,3.5,3.0,2.0,0,Occasional Moderate-Value Customers,0
14951,11,690.5945454545455,7596.54,0.9166666666666666,4.222222222222222,2.0,4.0,1,Frequent High-Value Customers,0
14952,13,804.8861538461539,10463.52,1.0833333333333333,4.0,3.0,2.0,1,Frequent High-Value Customers,0
14953,9,752.7466666666667,6774.72,0.75,4.0,1.0,2.0,0,Occasional Moderate-Value Customers,0
14954,14,848.715,11882.01,1.1666666666666667,3.857142857142857,1.0,3.0,1,Frequent High-Value Customers,0
14955,11,748.799090909091,8236.79,0.9166666666666666,3.9,2.0,5.0,1,Frequent High-Value Customers,0
14956,7,789.3571428571429,5525.5,0.5833333333333334,4.571428571428571,2.0,2.0,0,Occasional Moderate-Value Customers,0
14957,7,982.3000000000001,6876.1,0.5833333333333334,4.166666666666667,2.0,2.0,0,Occasional Moderate-Value Customers,0
14958,9,530.5788888888889,4775.21,0.75,3.7777777777777777,2.0,1.0,0,Occasional Moderate-Value Customers,0
14959,16,655.835,10493.36,1.3333333333333333,3.8,5.0,7.0,1,Frequent High-Value Customers,0
14960,9,768.4255555555555,6915.83,0.75,4.5,1.0,5.0,0,Occasional Moderate-Value Customers,0
14961,9,870.8022222222222,7837.22,0.75,4.125,3.0,3.0,0,Occasional Moderate-Value Customers,0
14962,11,433.7018181818182,4770.72,0.9166666666666666,4.2727272727272725,3.0,4.0,0,Occasional Moderate-Value Customers,0
14963,8,985.49,7883.92,0.6666666666666666,2.4,2.0,1.0,0,Occasional Moderate-Value Customers,-1
14964,13,564.3576923076923,7336.65,1.0833333333333333,4.3,4.0,3.0,1,Frequent High-Value Customers,0
14965,9,648.7111111111111,5838.4,0.75,4.333333333333333,5.0,1.0,0,Occasional Moderate-Value Customers,0
14966,10,354.20799999999997,3542.08,0.8333333333333334,3.5555555555555554,2.0,2.0,0,Occasional Moderate-Value Customers,0
14967,11,696.7863636363637,7664.650000000001,0.9166666666666666,4.1,1.0,2.0,0,Occasional Moderate-Value Customers,0
14968,11,865.1145454545455,9516.26,0.9166666666666666,3.857142857142857,2.0,3.0,1,Frequent High-Value Customers,0
14969,9,496.2555555555556,4466.3,0.75,3.75,3.0,3.0,0,Occasional Moderate-Value Customers,0
14970,13,569.3584615384615,7401.66,1.0833333333333333,4.2727272727272725,3.0,2.0,1,Frequent High-Value Customers,0
14971,16,673.16125,10770.58,1.3333333333333333,4.2,6.0,7.0,1,Frequent High-Value Customers,-1
14972,13,732.72,9525.36,1.0833333333333333,3.6923076923076925,1.0,3.0,1,Frequent High-Value Customers,0
14973,11,478.38090909090903,5262.19,0.9166666666666666,4.555555555555555,4.0,3.0,1,Frequent High-Value Customers,0
14974,9,715.5966666666667,6440.37,0.75,4.25,0.0,2.0,0,Occasional Moderate-Value Customers,0
14975,9,706.598888888889,6359.39,0.75,4.0,2.0,2.0,0,Occasional Moderate-Value Customers,0
14976,9,655.6833333333333,5901.15,0.75,3.875,1.0,2.0,0,Occasional Moderate-Value Customers,0
14977,14,746.66,10453.24,1.1666666666666667,4.0,4.0,3.0,1,Frequent High-Value Customers,0
14978,6,740.35,4442.1,0.5,3.6666666666666665,2.0,3.0,0,Occasional Moderate-Value Customers,0
14979,8,639.135,5113.08,0.6666666666666666,3.3333333333333335,4.0,3.0,0,Occasional Moderate-Value Customers,0
14980,4,942.955,3771.82,0.3333333333333333,3.75,2.0,3.0,0,Occasional Moderate-Value Customers,-1
14981,10,512.027,5120.27,0.8333333333333334,4.0,2.0,1.0,0,Occasional Moderate-Value Customers,0
14982,9,523.4822222222223,4711.34,0.75,4.428571428571429,2.0,0.0,0,Occasional Moderate-Value Customers,0
14983,12,613.4,7360.799999999999,1.0,3.4545454545454546,4.0,3.0,1,Frequent High-Value Customers,0
14984,6,603.84,3623.04,0.5,3.2,2.0,1.0,0,Occasional Moderate-Value Customers,0
14985,13,645.0515384615385,8385.67,1.0833333333333333,3.8333333333333335,3.0,2.0,1,Frequent High-Value Customers,0
14986,8,909.295,7274.36,0.6666666666666666,4.0,1.0,2.0,0,Occasional Moderate-Value Customers,0
14987,7,619.99,4339.93,0.5833333333333334,4.2,1.0,1.0,0,Occasional Moderate-Value Customers,0
14988,11,611.1636363636363,6722.8,0.9166666666666666,4.111111111111111,5.0,1.0,1,Frequent High-Value Customers,0
14989,8,521.0600000000001,4168.4800000000005,0.6666666666666666,3.875,2.0,2.0,0,Occasional Moderate-Value Customers,0
14990,11,707.6254545454545,7783.88,0.9166666666666666,4.333333333333333,5.0,3.0,1,Frequent High-Value Customers,0
14991,7,516.5085714285714,3615.56,0.5833333333333334,4.142857142857143,1.0,3.0,0,Occasional Moderate-Value Customers,0
14992,11,521.5909090909091,5737.5,0.9166666666666666,4.3,5.0,8.0,1,Frequent High-Value Customers,-1
14993,13,501.1492307692308,6514.9400000000005,1.0833333333333333,4.076923076923077,4.0,1.0,1,Frequent High-Value Customers,0
14994,3,702.84,2108.52,0.25,3.0,0.0,0.0,0,Occasional Moderate-Value Customers,-1
14995,13,498.81615384615384,6484.61,1.0833333333333333,3.6,1.0,5.0,1,Frequent High-Value Customers,0
14996,8,597.49375,4779.95,0.6666666666666666,3.875,1.0,6.0,0,Occasional Moderate-Value Customers,0
14997,9,590.03,5310.2699999999995,0.75,4.0,0.0,3.0,0,Occasional Moderate-Value Customers,0
14998,8,476.5675,3812.54,0.6666666666666666,3.375,2.0,3.0,0,Occasional Moderate-Value Customers,0
14999,10,750.658,7506.58,0.8333333333333334,3.4444444444444446,1.0,3.0,0,Occasional Moderate-Value Customers,0
15000,9,784.9677777777778,7064.71,0.75,3.7142857142857144,1.0,2.0,0,Occasional Moderate-Value Customers,0
