customer_id,age,gender,city,signup_date,customer_segment,avg_monthly_orders,preferred_cuisine,avg_order_value,payment_preference
10001,56,Female,Pune,2026-02-08,New,2.23,Desserts,261.32,UPI
10002,46,Other,Delhi,2026-06-11,Regular,4.15,Biryani,449.48,UPI
10003,32,Female,Chennai,2024-07-14,Regular,7.77,Burgers,386.41,Credit Card
10004,60,Male,Bangalore,2024-05-24,Regular,9.71,Desserts,474.21,Wallet
10005,25,Female,Hyderabad,2026-01-01,Regular,5.41,South Indian,477.06,Cash
10006,38,Male,Pune,2024-12-15,Regular,8.67,Desserts,603.35,Wallet
10007,56,Male,Chennai,2025-02-27,Regular,5.76,Biryani,305.58,UPI
10008,36,Female,Delhi,2025-04-15,Regular,8.25,South Indian,287.22,Credit Card
10009,40,Female,Hyderabad,2025-11-16,Regular,8.2,Chinese,430.85,UPI
10010,28,Female,Delhi,2024-08-03,Regular,5.11,South Indian,649.38,UPI
10011,28,Male,Hyderabad,2024-04-02,Regular,7.58,Desserts,634.87,Credit Card
10012,41,Female,Pune,2024-09-16,Regular,9.16,Indian,502.0,UPI
10013,53,Male,Delhi,2026-07-22,New,1.12,Chinese,356.24,UPI
10014,57,Other,Chennai,2025-07-28,Regular,8.26,Indian,612.4,UPI
10015,41,Other,Chennai,2025-06-24,Regular,8.05,Pizza,375.07,Cash
10016,20,Female,Bangalore,2026-02-25,Regular,5.55,Indian,326.55,Debit Card
10017,39,Female,Hyderabad,2026-05-08,Regular,9.51,Pizza,385.52,UPI
10018,19,Female,Bangalore,2024-10-11,New,1.21,Indian,303.89,Wallet
10019,41,Female,Mumbai,2025-04-28,Regular,6.13,Desserts,530.22,Wallet
10020,61,Male,Chennai,2026-07-19,Regular,4.99,Desserts,513.2,Wallet
10021,47,Male,Hyderabad,2025-01-06,VIP,18.76,Pizza,1316.94,Debit Card
10022,55,Female,Pune,2024-03-10,Regular,8.38,Pizza,335.19,UPI
10023,19,Female,Bangalore,2025-01-13,New,2.68,Chinese,157.07,UPI
10024,38,Male,Pune,2024-10-05,Regular,8.36,Desserts,445.13,Credit Card
10025,50,Female,Pune,2026-01-12,Regular,8.75,Burgers,462.6,Wallet
10026,29,Male,Pune,2024-10-28,Regular,6.65,Burgers,698.63,Debit Card
10027,39,Female,Bangalore,2024-09-11,Regular,7.12,Chinese,377.02,UPI
10028,61,Female,Mumbai,2025-11-14,Regular,9.92,Pizza,427.36,Credit Card
10029,42,Female,Bangalore,2025-11-22,Regular,9.81,Burgers,554.41,Credit Card
10030,44,Female,Delhi,2024-09-20,New,2.29,Burgers,248.24,Wallet
10031,59,Male,Chennai,2025-11-25,Regular,8.11,Indian,307.05,UPI
10032,45,Male,Bangalore,2026-04-13,VIP,11.2,South Indian,610.29,Debit Card
10033,33,Female,Bangalore,2025-12-17,VIP,8.18,Chinese,858.93,UPI
10034,32,Female,Mumbai,2025-02-27,Regular,8.61,South Indian,440.32,UPI
10035,64,Male,Delhi,2026-01-30,VIP,14.09,Pizza,1339.65,Debit Card
10036,61,Female,Bangalore,2024-07-31,Regular,5.06,Indian,554.98,UPI
10037,20,Male,Chennai,2025-11-01,Regular,8.55,Burgers,360.73,Debit Card
10038,54,Female,Chennai,2024-04-09,Regular,9.49,Biryani,422.93,UPI
10039,24,Female,Bangalore,2026-04-08,New,3.94,Indian,262.04,Cash
10040,38,Male,Pune,2024-04-21,Regular,7.58,Chinese,515.65,Wallet
10041,26,Male,Pune,2024-11-03,Regular,6.88,Desserts,292.74,UPI
10042,56,Female,Delhi,2025-11-08,Regular,4.85,Pizza,398.36,Debit Card
10043,35,Female,Chennai,2025-04-19,Regular,8.76,Indian,532.27,UPI
10044,21,Female,Pune,2025-07-01,Regular,9.67,Indian,466.67,Debit Card
10045,42,Female,Chennai,2024-04-21,Regular,9.34,Indian,547.15,UPI
10046,31,Female,Delhi,2024-03-27,New,1.78,Burgers,206.69,UPI
10047,26,Other,Delhi,2024-07-01,Regular,4.03,Pizza,466.28,Cash
10048,43,Female,Pune,2025-08-19,Regular,6.45,Burgers,694.13,UPI
10049,19,Female,Bangalore,2026-02-19,New,3.17,Indian,211.12,Credit Card
10050,37,Male,Hyderabad,2024-06-13,Regular,9.37,Desserts,276.96,UPI
10051,45,Male,Mumbai,2026-03-25,Regular,4.39,Burgers,369.89,Debit Card
10052,64,Female,Hyderabad,2024-03-30,Regular,7.19,Burgers,385.24,UPI
10053,24,Male,Hyderabad,2025-03-30,VIP,14.25,Chinese,1434.49,UPI
10054,61,Female,Chennai,2024-08-25,Regular,7.97,South Indian,390.41,UPI
10055,25,Female,Delhi,2025-06-17,Regular,8.75,South Indian,441.17,UPI
10056,64,Female,Chennai,2025-11-09,Regular,7.85,Chinese,273.2,Wallet
10057,52,Male,Pune,2025-12-27,New,1.82,Chinese,297.41,Wallet
10058,31,Male,Mumbai,2024-02-27,New,1.7,Biryani,281.59,Wallet
10059,34,Male,Pune,2025-06-25,New,1.31,Burgers,183.14,UPI
10060,53,Male,Bangalore,2026-07-02,New,1.15,Biryani,199.27,UPI
10061,57,Male,Mumbai,2025-09-09,New,3.58,Burgers,185.45,Credit Card
10062,21,Female,Chennai,2025-02-05,New,1.15,Pizza,323.32,Cash
10063,19,Female,Chennai,2026-04-21,New,1.27,South Indian,282.15,Credit Card
10064,23,Female,Pune,2025-11-09,Regular,6.31,Burgers,666.72,UPI
10065,59,Female,Chennai,2026-05-11,VIP,9.3,Pizza,703.09,Wallet
10066,21,Male,Chennai,2025-10-27,VIP,17.34,Desserts,1444.66,UPI
10067,46,Female,Hyderabad,2026-04-18,New,1.58,Biryani,292.03,Wallet
10068,35,Female,Bangalore,2025-06-02,Regular,9.95,South Indian,622.06,Cash
10069,43,Male,Hyderabad,2024-07-15,VIP,19.09,Pizza,669.07,Cash
10070,61,Female,Chennai,2026-04-12,New,2.0,Pizza,323.8,UPI
10071,51,Male,Delhi,2024-02-15,Regular,8.28,Chinese,271.27,Credit Card
10072,27,Female,Hyderabad,2025-06-13,Regular,8.95,Indian,358.5,Credit Card
10073,53,Other,Chennai,2025-01-31,VIP,15.35,Indian,627.87,UPI
10074,31,Male,Chennai,2025-10-26,VIP,9.92,Indian,1395.65,Credit Card
10075,48,Female,Bangalore,2026-02-14,Regular,5.88,Pizza,678.0,Credit Card
10076,32,Female,Pune,2024-03-14,Regular,9.04,Burgers,442.62,UPI
10077,25,Other,Mumbai,2025-02-19,New,3.51,Biryani,386.08,UPI
10078,31,Male,Hyderabad,2025-10-18,New,2.72,Indian,378.64,UPI
10079,40,Female,Hyderabad,2025-09-05,Regular,4.71,Burgers,507.03,Cash
10080,57,Male,Hyderabad,2024-11-30,New,1.62,Desserts,241.64,Wallet
10081,38,Male,Chennai,2026-04-26,New,2.4,Desserts,366.5,Debit Card
10082,33,Male,Bangalore,2025-09-24,Regular,4.6,South Indian,448.71,UPI
10083,62,Other,Chennai,2025-11-18,VIP,11.52,Biryani,523.02,Credit Card
10084,35,Female,Chennai,2025-07-28,New,2.99,Biryani,309.87,UPI
10085,64,Female,Pune,2024-10-22,New,2.52,Indian,160.66,Debit Card
10086,41,Female,Delhi,2024-03-24,Regular,6.03,Pizza,625.14,Credit Card
10087,43,Male,Bangalore,2024-01-15,Regular,4.2,Chinese,638.55,Wallet
10088,42,Male,Hyderabad,2026-05-16,New,3.95,Desserts,223.8,UPI
10089,62,Male,Mumbai,2024-05-13,VIP,18.22,Pizza,1101.85,UPI
10090,58,Male,Hyderabad,2025-04-22,Regular,6.59,Biryani,263.32,Wallet
10091,46,Male,Chennai,2025-09-24,Regular,5.27,Desserts,692.26,Wallet
10092,32,Male,Bangalore,2024-11-14,New,1.81,Burgers,396.91,Credit Card
10093,62,Male,Bangalore,2025-01-26,Regular,6.83,Desserts,415.19,UPI
10094,18,Male,Bangalore,2025-04-23,Regular,5.41,South Indian,373.72,Credit Card
10095,42,Male,Delhi,2025-10-01,New,1.9,Biryani,359.04,Credit Card
10096,24,Male,Hyderabad,2025-01-02,Regular,9.0,Pizza,367.57,Wallet
10097,26,Other,Delhi,2025-01-01,New,2.44,Biryani,251.68,Debit Card
10098,41,Female,Pune,2024-10-14,VIP,12.77,Chinese,594.84,UPI
10099,18,Other,Mumbai,2026-03-23,New,2.26,Desserts,314.41,Debit Card
10100,61,Male,Pune,2025-01-12,VIP,12.54,Chinese,1146.99,UPI
10101,25,Male,Chennai,2025-11-22,Regular,5.53,South Indian,568.11,UPI
10102,41,Female,Delhi,2025-04-07,Regular,7.7,Indian,453.93,UPI
10103,28,Male,Delhi,2025-08-16,Regular,7.02,Pizza,615.09,UPI
10104,34,Male,Pune,2024-01-13,New,1.87,Biryani,270.11,Wallet
10105,25,Male,Chennai,2025-06-19,Regular,6.51,Pizza,682.7,Credit Card
10106,52,Male,Bangalore,2024-06-16,Regular,9.13,Chinese,294.55,Credit Card
10107,52,Male,Chennai,2024-09-26,New,2.35,Burgers,157.69,Credit Card
10108,50,Male,Hyderabad,2024-03-10,Regular,8.25,Pizza,351.29,Cash
10109,22,Female,Pune,2024-11-13,New,3.77,Desserts,357.11,Wallet
10110,59,Male,Chennai,2025-01-10,Regular,9.98,Chinese,405.46,Wallet
10111,56,Male,Bangalore,2024-03-29,Regular,8.39,Burgers,553.81,UPI
10112,58,Female,Chennai,2025-12-01,New,2.91,Indian,303.12,UPI
10113,45,Male,Delhi,2024-09-13,Regular,5.79,Desserts,299.1,Credit Card
10114,24,Male,Mumbai,2024-08-04,Regular,5.85,Indian,602.27,UPI
10115,26,Female,Delhi,2025-03-25,Regular,4.59,Chinese,447.84,UPI
10116,25,Male,Mumbai,2026-06-12,Regular,4.32,Desserts,251.0,UPI
10117,29,Male,Chennai,2025-06-27,New,2.08,Chinese,264.9,UPI
10118,51,Female,Hyderabad,2024-05-20,VIP,9.28,Indian,525.19,Debit Card
10119,50,Male,Chennai,2024-06-09,Regular,4.22,Chinese,280.99,Credit Card
10120,40,Female,Bangalore,2024-02-01,New,3.61,Desserts,268.67,Debit Card
10121,41,Female,Chennai,2026-04-03,Regular,6.23,South Indian,697.11,Credit Card
10122,54,Male,Mumbai,2024-05-31,New,1.92,Pizza,284.97,UPI
10123,52,Female,Delhi,2026-05-08,New,1.31,South Indian,212.1,Credit Card
10124,61,Female,Hyderabad,2024-09-16,Regular,7.38,Burgers,511.14,Cash
10125,57,Male,Chennai,2025-12-28,VIP,12.9,Chinese,1340.95,UPI
10126,39,Female,Chennai,2024-10-05,VIP,16.89,Chinese,827.55,Credit Card
10127,44,Male,Delhi,2024-10-11,Regular,8.45,Desserts,461.74,UPI
10128,52,Female,Hyderabad,2025-09-01,Regular,9.29,Burgers,271.67,UPI
10129,18,Male,Pune,2026-07-05,Regular,5.12,Desserts,391.94,UPI
10130,52,Male,Chennai,2025-06-25,Regular,9.96,Pizza,306.48,Credit Card
10131,54,Male,Chennai,2025-08-24,New,3.1,Indian,390.48,Credit Card
10132,64,Female,Pune,2024-05-27,VIP,14.82,South Indian,1221.85,UPI
10133,31,Male,Mumbai,2025-10-17,New,2.18,Pizza,257.21,Credit Card
10134,20,Male,Mumbai,2024-03-07,Regular,7.75,Indian,674.91,UPI
10135,18,Male,Bangalore,2026-05-18,VIP,18.79,Indian,1417.73,UPI
10136,22,Female,Delhi,2025-07-23,Regular,5.17,Chinese,256.86,UPI
10137,43,Female,Hyderabad,2026-07-28,New,1.77,Burgers,277.47,Wallet
10138,31,Female,Chennai,2026-03-03,New,1.12,Biryani,319.43,UPI
10139,56,Female,Chennai,2024-10-05,Regular,8.83,Chinese,639.53,UPI
10140,44,Female,Bangalore,2026-01-17,Regular,8.1,Desserts,616.18,UPI
10141,26,Male,Chennai,2025-03-18,Regular,7.14,Biryani,440.65,Credit Card
10142,32,Female,Delhi,2026-06-15,Regular,7.9,Burgers,462.97,Debit Card
10143,32,Female,Bangalore,2026-05-14,VIP,9.74,Chinese,1415.08,Debit Card
10144,43,Other,Delhi,2025-02-02,New,3.34,South Indian,302.12,Debit Card
10145,59,Female,Bangalore,2024-05-07,Regular,8.62,Chinese,691.53,UPI
10146,30,Male,Chennai,2024-12-02,Regular,4.95,South Indian,649.98,Wallet
10147,49,Male,Bangalore,2025-04-26,New,2.77,Biryani,165.98,UPI
10148,56,Female,Mumbai,2025-12-21,New,1.72,Pizza,193.97,UPI
10149,49,Female,Hyderabad,2024-07-04,VIP,17.55,Pizza,1424.24,Debit Card
10150,21,Female,Chennai,2024-06-17,VIP,15.51,Biryani,1403.5,Credit Card
10151,47,Female,Pune,2025-11-14,New,1.94,Biryani,235.93,UPI
10152,54,Female,Hyderabad,2024-09-16,VIP,14.57,Chinese,614.36,Cash
10153,40,Male,Chennai,2025-12-17,New,2.96,Pizza,206.42,Credit Card
10154,56,Female,Hyderabad,2025-10-08,Regular,4.78,Indian,586.58,Credit Card
10155,62,Male,Mumbai,2025-07-11,New,1.87,South Indian,300.88,UPI
10156,32,Male,Hyderabad,2025-05-21,VIP,12.62,Biryani,623.24,UPI
10157,60,Male,Bangalore,2025-06-04,New,1.01,Desserts,223.71,Cash
10158,46,Female,Hyderabad,2025-04-15,Regular,9.78,Burgers,291.6,Debit Card
10159,53,Male,Chennai,2024-06-09,Regular,8.08,South Indian,428.69,Credit Card
10160,30,Male,Pune,2024-10-15,New,1.67,Chinese,236.89,Credit Card
10161,49,Female,Pune,2024-12-05,Regular,7.19,Pizza,408.77,Wallet
10162,24,Male,Delhi,2026-06-18,New,1.46,Pizza,186.66,Credit Card
10163,39,Female,Hyderabad,2026-04-12,Regular,6.67,Indian,646.92,UPI
10164,45,Female,Pune,2025-05-16,Regular,9.88,Pizza,597.35,Debit Card
10165,19,Female,Hyderabad,2024-04-15,Regular,6.22,Chinese,539.2,Credit Card
10166,59,Female,Pune,2026-03-12,VIP,15.72,Chinese,1485.51,Cash
10167,62,Male,Hyderabad,2025-04-19,Regular,8.78,Burgers,364.51,Debit Card
10168,23,Female,Chennai,2026-05-02,New,2.03,South Indian,332.06,UPI
10169,45,Male,Hyderabad,2025-08-22,Regular,7.25,Desserts,381.83,UPI
10170,45,Female,Chennai,2025-04-07,Regular,7.64,South Indian,670.31,Credit Card
10171,61,Male,Chennai,2025-04-27,VIP,16.28,South Indian,1490.03,Debit Card
10172,61,Female,Delhi,2025-12-04,New,3.83,Desserts,340.83,UPI
10173,37,Male,Pune,2024-06-01,Regular,9.6,Burgers,620.18,Credit Card
10174,47,Male,Bangalore,2026-04-02,Regular,7.58,Burgers,566.31,Wallet
10175,28,Male,Chennai,2025-10-10,Regular,9.59,Burgers,688.85,UPI
10176,45,Male,Pune,2026-02-23,Regular,7.79,Indian,458.49,Debit Card
10177,42,Female,Mumbai,2024-05-28,New,3.95,Burgers,253.15,UPI
10178,56,Male,Hyderabad,2024-07-06,New,1.11,Pizza,304.04,UPI
10179,50,Female,Mumbai,2025-10-14,New,2.98,Biryani,194.62,UPI
10180,18,Other,Hyderabad,2024-05-10,VIP,9.01,Indian,1200.17,Credit Card
10181,44,Female,Delhi,2025-03-27,New,1.39,Desserts,309.79,Cash
10182,30,Male,Chennai,2025-05-30,Regular,6.8,Pizza,383.29,Debit Card
10183,58,Male,Bangalore,2025-05-05,Regular,9.74,Desserts,366.6,UPI
10184,20,Female,Chennai,2025-04-20,Regular,9.28,South Indian,577.75,UPI
10185,56,Male,Hyderabad,2024-09-19,Regular,8.61,Chinese,572.17,Credit Card
10186,23,Male,Bangalore,2025-06-21,Regular,6.8,South Indian,687.13,UPI
10187,25,Female,Chennai,2025-04-03,Regular,7.52,Burgers,389.68,Debit Card
10188,44,Female,Bangalore,2025-06-19,New,2.8,Chinese,365.13,UPI
10189,26,Female,Hyderabad,2026-02-16,Regular,7.26,South Indian,525.78,UPI
10190,54,Male,Delhi,2026-01-10,Regular,8.43,Indian,472.89,UPI
10191,50,Female,Delhi,2026-02-19,VIP,11.29,Burgers,1261.42,Debit Card
10192,59,Male,Chennai,2025-09-28,Regular,7.08,South Indian,566.24,UPI
10193,61,Male,Mumbai,2025-11-14,Regular,7.22,Chinese,327.37,UPI
10194,41,Female,Hyderabad,2026-01-15,Regular,5.19,Pizza,588.27,Credit Card
10195,32,Male,Chennai,2024-10-21,Regular,5.47,South Indian,576.33,Credit Card
10196,49,Male,Chennai,2026-07-03,VIP,16.71,Indian,944.39,Cash
10197,49,Male,Delhi,2025-03-10,Regular,9.04,Chinese,660.38,UPI
10198,41,Female,Bangalore,2024-10-01,New,2.37,South Indian,256.22,UPI
10199,58,Female,Hyderabad,2025-08-10,VIP,10.31,Pizza,530.14,Credit Card
10200,29,Female,Bangalore,2024-11-03,Regular,4.15,Burgers,675.69,UPI
10201,56,Female,Pune,2025-12-26,Regular,6.75,Burgers,685.23,UPI
10202,19,Male,Pune,2026-07-31,VIP,18.21,Desserts,1313.06,UPI
10203,20,Male,Hyderabad,2025-01-10,Regular,9.81,Burgers,595.33,Wallet
10204,54,Male,Mumbai,2024-06-06,Regular,9.83,Biryani,300.11,UPI
10205,34,Male,Pune,2026-03-24,Regular,7.67,Chinese,623.64,Debit Card
10206,19,Female,Delhi,2024-07-22,New,1.99,Desserts,341.41,Wallet
10207,19,Female,Mumbai,2025-10-22,Regular,7.07,Desserts,503.7,Wallet
10208,45,Male,Chennai,2024-03-15,New,1.52,Desserts,234.32,Credit Card
10209,40,Male,Pune,2025-01-14,New,1.73,Biryani,281.93,Cash
10210,54,Male,Delhi,2026-01-10,Regular,6.65,Desserts,389.61,Debit Card
10211,49,Male,Chennai,2024-10-30,Regular,8.42,Pizza,634.94,UPI
10212,50,Female,Mumbai,2024-03-02,New,3.19,Pizza,396.38,Wallet
10213,18,Male,Hyderabad,2025-07-23,VIP,17.02,South Indian,1439.92,Credit Card
10214,36,Male,Chennai,2026-02-24,Regular,7.04,Burgers,549.02,UPI
10215,19,Female,Bangalore,2024-04-17,New,2.73,Chinese,276.99,Debit Card
10216,61,Male,Hyderabad,2024-07-05,Regular,9.86,Biryani,428.89,Credit Card
10217,43,Female,Hyderabad,2024-08-16,Regular,4.22,Biryani,498.0,Wallet
10218,49,Male,Mumbai,2024-02-17,Regular,7.24,Burgers,490.09,Wallet
10219,23,Female,Mumbai,2026-04-10,New,2.78,Biryani,171.38,UPI
10220,49,Other,Delhi,2024-09-24,New,1.75,Burgers,367.53,UPI
10221,21,Female,Delhi,2025-12-27,Regular,7.83,South Indian,693.81,Debit Card
10222,28,Male,Bangalore,2026-03-12,Regular,4.98,South Indian,387.11,Credit Card
10223,34,Female,Hyderabad,2024-09-10,Regular,5.7,South Indian,299.01,UPI
10224,55,Male,Bangalore,2026-05-19,VIP,11.13,Indian,848.9,UPI
10225,41,Male,Bangalore,2024-03-27,New,3.52,Indian,347.99,UPI
10226,22,Male,Mumbai,2024-06-29,VIP,19.16,Biryani,1123.31,Credit Card
10227,51,Male,Bangalore,2024-01-25,VIP,13.31,Chinese,1068.6,UPI
10228,23,Female,Bangalore,2025-01-22,VIP,8.57,Chinese,1038.26,UPI
10229,39,Female,Chennai,2024-08-09,VIP,11.68,South Indian,754.88,Credit Card
10230,28,Female,Delhi,2025-01-31,Regular,5.42,Pizza,627.46,UPI
10231,33,Female,Delhi,2026-07-26,Regular,9.53,Chinese,627.52,UPI
10232,50,Female,Hyderabad,2025-05-25,Regular,8.49,Biryani,576.8,Wallet
10233,26,Male,Delhi,2025-07-14,Regular,6.0,Desserts,678.6,Debit Card
10234,23,Male,Pune,2026-04-25,VIP,8.04,Indian,545.55,UPI
10235,33,Female,Hyderabad,2025-03-15,Regular,9.79,Desserts,253.45,Wallet
10236,46,Male,Chennai,2024-06-23,New,2.76,Desserts,216.07,UPI
10237,20,Female,Delhi,2026-06-22,New,2.48,Biryani,290.83,Credit Card
10238,37,Male,Chennai,2024-11-06,Regular,5.2,Biryani,496.3,UPI
10239,53,Male,Delhi,2024-09-30,Regular,9.22,Indian,657.2,Debit Card
10240,36,Male,Delhi,2024-02-04,Regular,5.08,Burgers,627.15,UPI
10241,43,Male,Chennai,2024-08-04,New,2.28,Desserts,214.02,UPI
10242,20,Male,Bangalore,2025-12-21,Regular,7.26,South Indian,483.73,Credit Card
10243,36,Female,Bangalore,2025-11-02,New,3.03,Desserts,262.42,Debit Card
10244,37,Male,Bangalore,2025-02-11,Regular,8.85,Biryani,694.38,Credit Card
10245,49,Female,Pune,2025-06-02,Regular,6.44,Pizza,264.09,Debit Card
10246,24,Male,Bangalore,2024-09-25,VIP,19.49,South Indian,674.79,UPI
10247,58,Male,Delhi,2025-09-29,Regular,9.79,Desserts,694.65,Debit Card
10248,50,Male,Mumbai,2025-04-19,Regular,5.78,Indian,689.74,Credit Card
10249,57,Female,Chennai,2026-05-29,Regular,5.49,Pizza,398.83,UPI
10250,56,Male,Mumbai,2024-11-20,Regular,8.26,Chinese,250.01,Wallet
10251,35,Female,Pune,2024-12-21,New,3.73,Burgers,370.47,Wallet
10252,57,Male,Mumbai,2024-03-30,Regular,6.49,Biryani,640.12,Cash
10253,18,Female,Hyderabad,2024-02-11,VIP,15.87,Indian,916.85,Credit Card
10254,28,Male,Bangalore,2024-12-30,Regular,8.67,Burgers,670.42,Debit Card
10255,45,Female,Pune,2025-11-01,Regular,8.02,Biryani,399.72,Wallet
10256,42,Female,Delhi,2024-07-20,VIP,15.1,Desserts,581.42,UPI
10257,40,Female,Bangalore,2024-12-31,Regular,9.07,Desserts,574.92,Wallet
10258,48,Male,Bangalore,2026-03-04,Regular,5.23,Biryani,405.44,UPI
10259,47,Male,Mumbai,2026-04-23,Regular,8.99,South Indian,408.49,UPI
10260,59,Male,Hyderabad,2024-10-14,VIP,13.49,Pizza,689.98,UPI
10261,52,Female,Bangalore,2025-08-25,VIP,15.68,South Indian,728.12,Credit Card
10262,24,Female,Chennai,2025-04-25,VIP,16.68,Burgers,1457.31,UPI
10263,33,Female,Chennai,2025-09-28,Regular,7.42,Desserts,534.17,UPI
10264,43,Male,Bangalore,2025-05-15,Regular,7.85,Indian,554.81,Credit Card
10265,19,Male,Mumbai,2025-09-29,New,3.07,Burgers,214.88,Credit Card
10266,18,Male,Mumbai,2024-02-21,Regular,4.24,Indian,671.13,Wallet
10267,29,Other,Delhi,2026-07-04,VIP,18.01,Desserts,1133.5,UPI
10268,22,Female,Pune,2024-04-12,VIP,12.53,Desserts,1130.73,UPI
10269,54,Female,Pune,2024-12-26,Regular,6.79,Burgers,519.89,UPI
10270,49,Male,Pune,2025-02-27,Regular,5.34,South Indian,574.91,Credit Card
10271,26,Female,Hyderabad,2025-11-29,Regular,9.01,Desserts,310.93,UPI
10272,58,Female,Mumbai,2024-07-23,Regular,5.37,Burgers,652.42,UPI
10273,52,Male,Delhi,2024-01-14,Regular,8.89,Chinese,269.12,Credit Card
10274,36,Female,Chennai,2026-07-28,Regular,6.72,Desserts,538.33,Wallet
10275,33,Female,Pune,2025-09-07,New,2.79,South Indian,192.83,UPI
10276,20,Female,Chennai,2025-09-20,Regular,5.64,Burgers,343.65,Credit Card
10277,37,Female,Chennai,2025-04-14,New,3.24,Burgers,228.99,UPI
10278,41,Male,Bangalore,2025-04-10,VIP,17.62,Pizza,716.68,UPI
10279,50,Male,Hyderabad,2024-10-30,Regular,4.87,Desserts,372.25,UPI
10280,41,Other,Delhi,2025-08-27,VIP,19.53,South Indian,787.56,Credit Card
10281,28,Male,Hyderabad,2025-03-02,New,1.66,Pizza,307.66,Credit Card
10282,25,Female,Bangalore,2025-10-17,New,1.2,South Indian,324.28,Wallet
10283,53,Female,Delhi,2024-04-19,Regular,8.4,Indian,380.17,Wallet
10284,55,Female,Delhi,2025-11-05,Regular,8.46,South Indian,650.19,Credit Card
10285,57,Other,Mumbai,2025-07-18,Regular,7.49,South Indian,356.5,UPI
10286,37,Male,Hyderabad,2026-07-18,New,2.67,Burgers,166.22,Wallet
10287,52,Male,Hyderabad,2025-05-29,New,2.06,Chinese,316.65,Debit Card
10288,42,Male,Mumbai,2024-03-08,Regular,6.11,Biryani,582.6,Debit Card
10289,52,Male,Chennai,2024-09-02,New,2.58,South Indian,337.04,UPI
10290,42,Male,Bangalore,2025-01-23,Regular,4.39,Pizza,311.31,Debit Card
10291,46,Male,Hyderabad,2025-10-11,Regular,7.51,Chinese,364.82,Wallet
10292,35,Female,Mumbai,2024-11-03,New,1.22,South Indian,287.79,Credit Card
10293,63,Female,Delhi,2026-07-13,New,3.09,Chinese,312.39,Debit Card
10294,35,Male,Pune,2024-12-17,New,2.31,Indian,158.71,Debit Card
10295,19,Male,Mumbai,2026-03-09,VIP,8.9,Chinese,1255.83,Credit Card
10296,52,Female,Pune,2024-03-06,Regular,7.47,Indian,451.86,Wallet
10297,33,Male,Chennai,2025-04-04,VIP,19.48,Chinese,688.43,Debit Card
10298,58,Male,Bangalore,2024-12-12,New,3.57,Chinese,385.89,Wallet
10299,53,Male,Pune,2024-11-20,Regular,7.76,Pizza,339.06,Wallet
10300,50,Female,Chennai,2026-07-21,New,2.08,Biryani,205.07,Credit Card
10301,21,Male,Pune,2025-10-28,Regular,8.03,Pizza,561.81,UPI
10302,50,Other,Delhi,2025-08-21,Regular,6.76,Burgers,684.21,UPI
10303,31,Male,Delhi,2024-02-02,Regular,8.95,Chinese,605.28,Wallet
10304,38,Female,Delhi,2024-03-08,Regular,9.52,Indian,322.66,UPI
10305,37,Male,Delhi,2024-07-05,Regular,4.24,Desserts,372.72,UPI
10306,25,Male,Mumbai,2024-07-10,New,2.16,Chinese,295.71,Credit Card
10307,24,Female,Delhi,2024-07-31,Regular,4.21,Desserts,311.04,UPI
10308,20,Female,Delhi,2025-08-22,Regular,6.67,South Indian,362.81,Credit Card
10309,34,Female,Mumbai,2025-03-03,VIP,15.96,Indian,1391.51,Debit Card
10310,50,Female,Delhi,2024-12-16,New,2.6,South Indian,361.43,UPI
10311,29,Female,Chennai,2024-04-17,VIP,11.47,Burgers,732.21,Debit Card
10312,39,Female,Chennai,2024-08-27,Regular,8.93,South Indian,385.31,Debit Card
10313,39,Female,Hyderabad,2024-08-03,Regular,6.06,Burgers,306.51,Credit Card
10314,63,Male,Chennai,2024-06-25,New,3.4,Burgers,205.41,UPI
10315,47,Male,Bangalore,2025-07-18,Regular,5.34,Burgers,559.79,Wallet
10316,55,Male,Bangalore,2024-11-25,Regular,8.1,South Indian,356.38,UPI
10317,55,Female,Bangalore,2025-07-14,Regular,4.46,Burgers,327.33,UPI
10318,62,Male,Mumbai,2026-05-30,VIP,18.92,Burgers,844.16,Credit Card
10319,25,Male,Chennai,2025-09-17,Regular,5.6,Pizza,474.99,Wallet
10320,44,Female,Bangalore,2025-03-25,Regular,5.38,Desserts,628.89,Credit Card
10321,44,Female,Hyderabad,2025-08-29,VIP,11.74,Biryani,1174.6,Debit Card
10322,51,Female,Mumbai,2025-03-22,Regular,5.14,Chinese,494.05,Credit Card
10323,38,Male,Hyderabad,2025-06-20,Regular,6.68,Burgers,542.78,UPI
10324,47,Female,Chennai,2025-10-05,New,3.36,Indian,282.34,UPI
10325,50,Male,Delhi,2024-06-27,Regular,5.62,Indian,644.93,UPI
10326,45,Male,Hyderabad,2025-01-29,Regular,7.9,Pizza,639.88,UPI
10327,64,Male,Delhi,2024-05-24,VIP,12.79,South Indian,1483.38,Credit Card
10328,50,Male,Mumbai,2026-05-25,Regular,6.2,South Indian,412.42,UPI
10329,22,Male,Hyderabad,2024-07-16,New,3.85,South Indian,361.59,Wallet
10330,36,Female,Hyderabad,2026-04-16,Regular,7.31,Burgers,678.6,Cash
10331,21,Male,Pune,2024-03-24,New,3.28,Biryani,280.8,Credit Card
10332,52,Female,Mumbai,2025-10-30,Regular,6.16,Desserts,329.47,UPI
10333,34,Female,Mumbai,2024-03-25,Regular,8.97,Biryani,375.64,UPI
10334,61,Male,Bangalore,2025-04-01,Regular,8.43,South Indian,593.62,Credit Card
10335,45,Female,Chennai,2025-04-20,VIP,9.67,South Indian,1451.63,Credit Card
10336,47,Male,Hyderabad,2024-09-09,Regular,9.74,Chinese,496.29,UPI
10337,46,Female,Hyderabad,2026-06-05,Regular,4.05,Biryani,524.04,UPI
10338,63,Male,Mumbai,2024-03-12,New,2.74,Burgers,270.81,Credit Card
10339,23,Male,Mumbai,2024-08-10,Regular,8.05,Burgers,635.18,Credit Card
10340,52,Male,Chennai,2024-10-02,VIP,13.35,Desserts,1406.98,Debit Card
10341,58,Female,Mumbai,2026-03-05,New,1.35,Indian,202.2,Wallet
10342,54,Female,Delhi,2026-02-14,Regular,4.07,Indian,532.08,Debit Card
10343,41,Male,Delhi,2024-09-02,Regular,8.84,Chinese,546.96,UPI
10344,46,Female,Pune,2024-12-06,New,3.71,Pizza,372.89,Debit Card
10345,63,Female,Delhi,2025-07-26,New,3.74,Burgers,334.23,Credit Card
10346,48,Female,Delhi,2026-07-12,New,3.3,Desserts,193.02,Debit Card
10347,52,Female,Chennai,2025-04-15,VIP,17.65,Indian,1344.81,Wallet
10348,50,Female,Hyderabad,2025-03-29,Regular,6.09,South Indian,405.57,UPI
10349,38,Female,Delhi,2026-02-09,Regular,4.51,Burgers,288.62,UPI
10350,49,Female,Pune,2024-01-07,Regular,9.12,Burgers,459.61,UPI
10351,40,Male,Mumbai,2024-07-06,New,2.28,Burgers,264.41,UPI
10352,50,Male,Delhi,2024-01-04,Regular,8.8,Biryani,288.36,Debit Card
10353,20,Male,Pune,2026-01-12,New,3.54,Indian,350.57,Debit Card
10354,35,Female,Chennai,2025-10-06,New,2.86,Chinese,379.04,UPI
10355,42,Female,Mumbai,2026-06-25,VIP,9.75,Indian,1378.12,Credit Card
10356,59,Male,Pune,2024-05-04,New,1.63,South Indian,228.51,Credit Card
10357,48,Female,Delhi,2024-01-15,Regular,7.09,South Indian,550.72,UPI
10358,20,Male,Hyderabad,2025-06-08,Regular,7.99,Pizza,444.85,Debit Card
10359,57,Male,Mumbai,2025-09-21,New,2.46,Indian,289.81,Credit Card
10360,63,Other,Mumbai,2024-08-27,Regular,4.83,Indian,387.13,Credit Card
10361,41,Male,Hyderabad,2026-02-13,Regular,5.21,Pizza,448.59,Debit Card
10362,49,Male,Mumbai,2024-12-25,Regular,6.12,Pizza,427.0,Debit Card
10363,64,Female,Delhi,2025-06-01,New,1.48,Burgers,221.65,UPI
10364,39,Female,Mumbai,2024-11-15,New,2.51,Burgers,377.95,Debit Card
10365,40,Male,Delhi,2024-08-18,VIP,17.98,South Indian,1100.06,Credit Card
10366,19,Female,Hyderabad,2024-01-30,Regular,9.14,Desserts,477.66,Debit Card
10367,44,Female,Bangalore,2025-06-17,New,3.48,Desserts,213.95,UPI
10368,59,Male,Hyderabad,2026-07-09,VIP,18.64,Desserts,1059.49,UPI
10369,19,Male,Delhi,2024-06-04,New,1.81,Desserts,251.29,Wallet
10370,43,Female,Chennai,2025-09-21,New,3.7,Chinese,157.86,UPI
10371,34,Male,Hyderabad,2026-05-01,New,1.14,South Indian,253.25,Credit Card
10372,57,Female,Chennai,2026-07-23,Regular,7.5,Biryani,506.54,Credit Card
10373,50,Female,Chennai,2026-06-19,New,1.13,Indian,187.94,Credit Card
10374,26,Other,Delhi,2025-12-05,Regular,4.57,Desserts,688.58,UPI
10375,60,Male,Delhi,2025-02-02,VIP,15.13,Chinese,900.17,UPI
10376,56,Other,Bangalore,2024-12-11,New,3.68,Burgers,235.68,UPI
10377,46,Male,Pune,2024-07-13,Regular,5.45,Pizza,359.38,Credit Card
10378,59,Male,Mumbai,2024-06-16,Regular,6.52,Pizza,350.2,Wallet
10379,43,Male,Hyderabad,2025-01-11,Regular,6.14,Desserts,612.71,UPI
10380,52,Male,Delhi,2025-05-03,VIP,13.95,South Indian,1076.91,Debit Card
10381,42,Female,Hyderabad,2026-01-20,Regular,7.64,Desserts,537.13,UPI
10382,41,Male,Pune,2024-12-27,New,2.54,Indian,190.68,Wallet
10383,30,Male,Pune,2025-04-26,Regular,5.19,Indian,332.1,UPI
10384,24,Female,Chennai,2024-08-31,New,3.22,Pizza,254.63,UPI
10385,53,Male,Mumbai,2025-08-03,Regular,6.67,South Indian,567.43,Debit Card
10386,62,Female,Bangalore,2025-08-29,New,3.89,Biryani,166.53,Credit Card
10387,37,Male,Hyderabad,2025-08-11,New,2.19,South Indian,357.6,UPI
10388,18,Female,Mumbai,2024-06-19,Regular,8.09,Burgers,624.74,UPI
10389,25,Female,Bangalore,2025-05-27,New,1.58,Desserts,151.34,UPI
10390,63,Male,Hyderabad,2025-02-09,Regular,9.27,Burgers,528.17,Debit Card
10391,33,Male,Mumbai,2025-07-27,New,1.96,Burgers,251.92,Wallet
10392,31,Male,Delhi,2024-07-25,VIP,14.58,Desserts,1094.91,UPI
10393,29,Female,Hyderabad,2024-06-02,New,1.28,Biryani,240.61,Credit Card
10394,40,Male,Mumbai,2026-02-24,VIP,17.81,Chinese,1290.45,UPI
10395,32,Male,Pune,2024-02-17,Regular,6.73,South Indian,401.4,UPI
10396,45,Male,Bangalore,2025-10-10,Regular,4.8,South Indian,571.2,UPI
10397,51,Male,Mumbai,2024-01-01,New,1.28,Biryani,340.28,Debit Card
10398,19,Female,Delhi,2026-01-16,Regular,6.24,Desserts,354.81,UPI
10399,49,Female,Hyderabad,2026-06-23,Regular,8.21,Burgers,644.62,Debit Card
10400,40,Male,Hyderabad,2026-02-06,Regular,5.19,Pizza,281.91,UPI
10401,39,Male,Hyderabad,2025-02-10,Regular,4.25,Burgers,522.56,Debit Card
10402,42,Female,Delhi,2024-04-16,Regular,5.83,Chinese,465.05,Credit Card
10403,39,Female,Bangalore,2024-06-21,Regular,5.69,Biryani,393.19,UPI
10404,39,Male,Hyderabad,2025-05-20,New,1.17,Desserts,161.26,Debit Card
10405,59,Male,Bangalore,2024-05-09,New,3.76,Pizza,240.06,UPI
10406,23,Male,Mumbai,2025-02-01,Regular,7.2,South Indian,591.77,UPI
10407,32,Female,Pune,2024-10-20,New,2.77,Chinese,245.53,UPI
10408,60,Male,Pune,2025-07-05,New,3.66,Chinese,295.09,UPI
10409,54,Female,Bangalore,2025-03-22,New,2.21,Biryani,333.08,UPI
10410,50,Female,Bangalore,2026-04-29,New,3.46,Pizza,301.34,UPI
10411,25,Female,Pune,2024-01-16,Regular,8.2,Burgers,670.14,UPI
10412,61,Male,Hyderabad,2025-09-30,Regular,4.07,Burgers,287.44,UPI
10413,61,Male,Chennai,2026-06-03,VIP,14.15,Indian,783.59,Wallet
10414,22,Male,Chennai,2024-12-14,Regular,9.07,Pizza,697.38,Debit Card
10415,56,Male,Delhi,2024-07-21,VIP,13.48,Burgers,601.49,UPI
10416,21,Female,Pune,2024-05-13,Regular,8.97,Chinese,597.27,Debit Card
10417,23,Other,Pune,2026-02-09,VIP,13.45,Biryani,1239.27,Debit Card
10418,62,Female,Delhi,2025-06-09,Regular,8.03,Burgers,477.73,UPI
10419,49,Female,Chennai,2025-05-22,Regular,6.67,Biryani,365.75,UPI
10420,47,Male,Mumbai,2024-03-06,Regular,5.63,Burgers,444.73,Wallet
10421,64,Male,Hyderabad,2025-04-24,New,2.72,Biryani,393.86,Debit Card
10422,52,Male,Hyderabad,2026-05-12,New,1.85,Chinese,236.73,Debit Card
10423,57,Female,Mumbai,2025-04-03,VIP,14.3,Pizza,1288.94,Credit Card
10424,33,Female,Mumbai,2024-12-07,VIP,8.59,Indian,653.38,Debit Card
10425,30,Female,Chennai,2025-12-07,Regular,5.03,Biryani,549.6,Credit Card
10426,59,Male,Delhi,2025-09-17,VIP,10.09,Burgers,1085.37,Debit Card
10427,47,Male,Mumbai,2024-06-07,VIP,8.27,Biryani,644.12,Debit Card
10428,36,Female,Delhi,2024-06-09,Regular,9.47,Biryani,415.4,UPI
10429,34,Male,Bangalore,2024-09-10,Regular,5.25,Burgers,434.37,Credit Card
10430,36,Female,Hyderabad,2026-06-15,Regular,6.24,Desserts,507.17,Credit Card
10431,45,Female,Chennai,2026-07-28,Regular,6.64,Burgers,341.23,UPI
10432,43,Female,Hyderabad,2025-06-10,New,2.32,Pizza,251.87,UPI
10433,54,Male,Chennai,2025-07-02,Regular,9.33,Chinese,558.78,Wallet
10434,43,Male,Bangalore,2024-06-03,Regular,8.94,Chinese,435.31,Cash
10435,40,Male,Hyderabad,2025-04-30,Regular,6.26,Chinese,657.98,Debit Card
10436,26,Male,Bangalore,2025-03-07,VIP,13.56,Chinese,890.79,UPI
10437,29,Male,Chennai,2024-01-27,Regular,8.09,Chinese,319.2,UPI
10438,18,Female,Mumbai,2024-01-12,New,2.53,Desserts,256.31,UPI
10439,18,Female,Hyderabad,2024-03-07,Regular,8.54,Chinese,594.15,Debit Card
10440,64,Male,Bangalore,2025-06-25,Regular,8.77,Burgers,539.51,Debit Card
10441,51,Male,Pune,2024-04-05,New,1.54,Burgers,280.7,Wallet
10442,49,Male,Hyderabad,2024-08-02,Regular,8.49,Chinese,587.49,Wallet
10443,42,Male,Hyderabad,2024-07-12,Regular,9.04,Chinese,277.73,UPI
10444,57,Female,Hyderabad,2025-10-08,VIP,19.12,Pizza,1366.16,UPI
10445,62,Male,Delhi,2024-10-16,Regular,7.49,Biryani,542.39,Wallet
10446,18,Male,Bangalore,2025-06-27,New,3.91,Pizza,314.55,Wallet
10447,33,Male,Bangalore,2026-06-03,Regular,6.97,South Indian,514.53,Credit Card
10448,56,Female,Hyderabad,2024-02-08,VIP,11.02,Burgers,1015.0,UPI
10449,22,Female,Mumbai,2026-05-13,Regular,4.93,Desserts,509.62,Credit Card
10450,39,Male,Hyderabad,2026-07-27,Regular,4.77,Chinese,436.97,Credit Card
10451,46,Female,Delhi,2026-07-27,New,2.09,Desserts,253.29,UPI
10452,20,Female,Chennai,2024-07-24,VIP,17.41,Biryani,764.19,UPI
10453,29,Female,Delhi,2026-06-17,Regular,9.15,Desserts,575.44,Credit Card
10454,43,Male,Mumbai,2026-07-30,Regular,7.36,Burgers,563.66,UPI
10455,33,Female,Hyderabad,2026-07-16,Regular,6.3,Desserts,481.48,Cash
10456,54,Female,Bangalore,2025-07-08,VIP,12.86,South Indian,556.86,UPI
10457,39,Female,Pune,2025-04-28,Regular,6.78,Pizza,608.9,Credit Card
10458,46,Female,Hyderabad,2024-12-02,VIP,11.68,South Indian,979.6,Credit Card
10459,31,Female,Mumbai,2025-05-10,Regular,5.65,Indian,276.63,Credit Card
10460,45,Male,Bangalore,2026-02-09,New,1.81,Desserts,396.23,UPI
10461,22,Female,Delhi,2024-09-05,Regular,8.46,Pizza,595.47,Credit Card
10462,64,Female,Chennai,2024-03-14,Regular,7.38,Burgers,513.16,UPI
10463,47,Female,Chennai,2025-01-07,Regular,6.88,Pizza,446.57,UPI
10464,63,Male,Hyderabad,2026-04-10,Regular,5.55,South Indian,681.95,UPI
10465,22,Female,Delhi,2026-05-28,Regular,6.83,Chinese,598.76,UPI
10466,29,Female,Pune,2026-03-18,Regular,7.59,Biryani,490.75,Wallet
10467,33,Male,Pune,2026-02-24,New,3.18,South Indian,305.7,Debit Card
10468,43,Female,Mumbai,2026-04-14,Regular,5.0,South Indian,376.34,UPI
10469,43,Female,Chennai,2026-05-20,VIP,16.9,Desserts,1158.97,Wallet
10470,38,Female,Delhi,2025-12-02,Regular,6.07,Desserts,372.99,UPI
10471,56,Male,Hyderabad,2024-05-17,Regular,7.02,Chinese,381.91,UPI
10472,53,Male,Bangalore,2025-04-01,Regular,7.65,Biryani,582.88,UPI
10473,50,Female,Hyderabad,2026-03-24,Regular,6.93,Burgers,313.03,Debit Card
10474,47,Male,Hyderabad,2026-04-02,New,3.54,Biryani,357.66,Credit Card
10475,54,Female,Delhi,2026-07-30,Regular,4.67,Desserts,485.53,UPI
10476,40,Female,Chennai,2026-04-22,VIP,9.03,Burgers,1165.11,UPI
10477,27,Female,Delhi,2025-03-19,Regular,5.68,Pizza,385.18,Credit Card
10478,22,Male,Bangalore,2024-12-18,New,3.94,South Indian,232.97,Debit Card
10479,53,Female,Delhi,2026-03-04,Regular,5.15,Pizza,392.88,Wallet
10480,51,Male,Mumbai,2025-02-14,Regular,7.61,Chinese,443.25,Credit Card
10481,48,Male,Hyderabad,2025-11-08,New,3.99,Indian,310.37,Debit Card
10482,27,Male,Chennai,2026-02-28,VIP,9.23,Desserts,1469.57,Debit Card
10483,36,Male,Pune,2025-06-21,New,3.51,Burgers,160.09,Credit Card
10484,49,Other,Bangalore,2025-03-28,VIP,16.0,Chinese,1402.38,UPI
10485,18,Other,Pune,2025-02-22,Regular,8.73,Burgers,616.78,UPI
10486,22,Male,Hyderabad,2025-03-25,Regular,9.43,Pizza,340.76,Credit Card
10487,62,Female,Delhi,2025-08-07,Regular,7.5,Indian,697.81,Debit Card
10488,21,Male,Pune,2024-04-24,New,2.91,Desserts,263.15,UPI
10489,33,Female,Mumbai,2024-02-20,Regular,8.38,Biryani,573.2,Credit Card
10490,41,Female,Delhi,2025-01-03,VIP,17.11,South Indian,640.6,UPI
10491,33,Female,Hyderabad,2026-07-02,Regular,4.47,Biryani,504.77,UPI
10492,19,Male,Pune,2025-11-13,Regular,6.07,Burgers,698.12,UPI
10493,45,Female,Bangalore,2026-02-18,VIP,16.22,South Indian,1069.04,UPI
10494,49,Male,Pune,2025-05-29,New,1.21,Desserts,171.72,UPI
10495,44,Other,Pune,2024-07-28,New,1.61,Pizza,155.35,UPI
10496,37,Male,Chennai,2026-06-06,New,3.38,Burgers,257.06,Credit Card
10497,41,Female,Pune,2026-06-21,Regular,9.45,Biryani,570.83,UPI
10498,29,Female,Hyderabad,2026-06-20,Regular,7.56,Pizza,252.18,Credit Card
10499,52,Female,Bangalore,2026-04-29,Regular,6.75,South Indian,650.42,UPI
10500,50,Male,Hyderabad,2026-03-23,VIP,11.06,Pizza,726.47,UPI
10501,50,Female,Mumbai,2026-06-13,Regular,4.58,Desserts,448.41,Credit Card
10502,60,Male,Delhi,2026-05-03,Regular,8.74,Desserts,399.11,Debit Card
10503,54,Female,Pune,2025-09-18,New,3.87,Desserts,172.84,Debit Card
10504,29,Male,Chennai,2025-11-09,VIP,16.11,Desserts,1470.14,UPI
10505,20,Male,Bangalore,2025-03-10,New,2.02,Desserts,229.79,Credit Card
10506,18,Female,Chennai,2026-02-15,Regular,7.11,Pizza,401.38,UPI
10507,50,Male,Chennai,2024-08-14,Regular,4.14,Pizza,281.92,Debit Card
10508,57,Male,Chennai,2025-10-24,New,1.08,Chinese,346.88,UPI
10509,27,Male,Pune,2024-09-24,Regular,5.98,Chinese,333.09,Debit Card
10510,60,Male,Bangalore,2024-04-25,New,1.7,Burgers,177.68,Credit Card
10511,61,Female,Bangalore,2025-08-22,VIP,15.24,Pizza,1296.99,Debit Card
10512,46,Female,Chennai,2026-04-09,Regular,6.01,Biryani,474.17,Cash
10513,30,Male,Delhi,2026-01-23,Regular,8.71,Pizza,648.63,Wallet
10514,29,Male,Pune,2024-12-25,Regular,4.7,Desserts,331.31,Credit Card
10515,48,Male,Pune,2024-11-24,Regular,9.08,Pizza,453.38,Wallet
10516,63,Male,Hyderabad,2026-04-24,VIP,18.36,Chinese,1433.66,UPI
10517,19,Female,Pune,2024-02-09,New,3.14,South Indian,167.09,UPI
10518,52,Female,Chennai,2024-06-30,New,1.65,Pizza,206.08,Credit Card
10519,40,Male,Mumbai,2025-05-04,New,2.82,Desserts,382.26,Cash
10520,34,Male,Chennai,2024-07-27,VIP,18.63,Indian,1183.06,Debit Card
10521,43,Male,Bangalore,2026-06-21,VIP,15.85,Burgers,888.28,UPI
10522,25,Female,Pune,2024-09-29,Regular,7.13,Chinese,523.65,Debit Card
10523,46,Other,Pune,2024-04-28,Regular,8.09,South Indian,415.78,UPI
10524,43,Male,Hyderabad,2025-01-16,New,1.3,Desserts,250.66,Credit Card
10525,27,Male,Mumbai,2025-06-19,New,2.52,Indian,380.59,UPI
10526,43,Female,Pune,2024-09-14,Regular,5.51,Pizza,487.15,UPI
10527,51,Female,Hyderabad,2025-04-27,New,1.9,Biryani,397.74,UPI
10528,58,Male,Hyderabad,2025-05-23,Regular,7.3,Biryani,650.43,Debit Card
10529,24,Male,Mumbai,2024-04-01,Regular,4.91,Chinese,625.38,Credit Card
10530,21,Male,Chennai,2024-06-09,Regular,9.64,Pizza,407.06,UPI
10531,62,Female,Chennai,2024-05-28,Regular,4.0,Burgers,623.94,UPI
10532,28,Male,Chennai,2024-04-26,Regular,8.53,Chinese,489.93,Debit Card
10533,46,Male,Delhi,2025-04-02,Regular,5.68,Indian,321.57,Cash
10534,53,Female,Chennai,2025-07-18,New,3.98,Biryani,285.67,Wallet
10535,42,Male,Mumbai,2026-03-24,Regular,4.36,Desserts,555.75,UPI
10536,38,Female,Delhi,2024-02-14,New,2.97,South Indian,334.44,UPI
10537,53,Male,Chennai,2026-02-15,New,3.69,South Indian,156.26,UPI
10538,27,Male,Delhi,2026-02-12,Regular,8.73,Burgers,252.42,UPI
10539,54,Female,Mumbai,2026-03-29,VIP,16.74,South Indian,681.7,Credit Card
10540,26,Male,Chennai,2024-08-21,New,3.33,South Indian,259.0,UPI
10541,41,Other,Bangalore,2025-01-09,New,1.58,Desserts,347.78,Wallet
10542,52,Female,Pune,2025-06-30,New,3.13,Burgers,185.62,Debit Card
10543,52,Male,Mumbai,2026-04-29,Regular,5.2,Biryani,263.54,UPI
10544,53,Female,Hyderabad,2026-07-03,Regular,8.33,Indian,392.04,Credit Card
10545,35,Male,Hyderabad,2024-07-15,New,1.35,Chinese,253.73,Credit Card
10546,56,Female,Mumbai,2024-01-25,Regular,9.99,Biryani,429.62,Credit Card
10547,49,Male,Hyderabad,2025-01-29,Regular,7.67,Chinese,436.79,Wallet
10548,41,Female,Mumbai,2025-12-14,Regular,4.63,Burgers,461.06,UPI
10549,40,Male,Bangalore,2026-02-23,Regular,6.52,Biryani,588.3,Debit Card
10550,49,Male,Mumbai,2024-02-05,Regular,4.4,Pizza,466.01,UPI
10551,54,Female,Chennai,2025-04-18,Regular,5.71,Burgers,291.08,Credit Card
10552,29,Female,Chennai,2024-08-10,Regular,6.06,Burgers,342.88,Credit Card
10553,30,Male,Delhi,2026-05-13,New,3.64,Burgers,349.51,UPI
10554,40,Male,Hyderabad,2026-02-27,Regular,9.03,Burgers,478.54,UPI
10555,42,Female,Pune,2025-06-13,Regular,4.07,South Indian,263.47,UPI
10556,52,Female,Hyderabad,2024-07-06,New,3.08,South Indian,229.96,UPI
10557,58,Male,Mumbai,2025-02-05,New,1.1,Biryani,189.87,Credit Card
10558,47,Male,Pune,2024-09-13,New,1.61,Indian,336.63,Cash
10559,34,Male,Pune,2025-10-15,VIP,15.83,Burgers,986.99,UPI
10560,37,Female,Hyderabad,2024-05-15,New,3.01,Chinese,294.89,UPI
10561,42,Male,Pune,2026-03-29,VIP,13.41,Pizza,1100.28,UPI
10562,39,Male,Pune,2025-08-13,Regular,5.32,South Indian,684.41,UPI
10563,30,Female,Chennai,2025-03-19,VIP,16.32,Chinese,1098.2,UPI
10564,36,Male,Bangalore,2025-02-21,Regular,5.24,South Indian,679.48,Credit Card
10565,53,Female,Mumbai,2024-10-18,VIP,19.72,Biryani,1309.22,Wallet
10566,29,Male,Hyderabad,2025-07-27,New,2.42,Indian,361.87,Wallet
10567,58,Male,Chennai,2024-05-08,Regular,7.5,Pizza,394.75,UPI
10568,36,Male,Delhi,2024-12-06,New,1.05,South Indian,295.4,UPI
10569,29,Female,Pune,2026-03-20,Regular,5.12,Pizza,418.25,Credit Card
10570,26,Male,Pune,2024-09-13,Regular,7.54,Pizza,380.24,UPI
10571,24,Female,Hyderabad,2025-12-24,Regular,4.3,Biryani,681.46,Debit Card
10572,45,Female,Bangalore,2025-07-19,Regular,8.89,Chinese,344.45,Credit Card
10573,31,Female,Bangalore,2025-11-17,New,3.84,South Indian,267.15,UPI
10574,48,Male,Hyderabad,2024-04-09,Regular,9.93,Pizza,553.6,UPI
10575,36,Male,Hyderabad,2024-02-08,Regular,9.53,Biryani,386.56,Wallet
10576,64,Male,Chennai,2026-07-14,New,1.13,Burgers,172.62,Credit Card
10577,33,Male,Hyderabad,2024-09-19,VIP,14.94,Desserts,1197.83,Debit Card
10578,22,Male,Delhi,2024-05-29,VIP,18.08,Pizza,1113.59,UPI
10579,52,Female,Chennai,2025-09-24,VIP,19.31,Pizza,1019.38,Debit Card
10580,29,Male,Pune,2025-11-20,Regular,5.86,South Indian,579.61,UPI
10581,42,Male,Pune,2026-03-23,New,1.07,Desserts,371.89,Debit Card
10582,38,Male,Pune,2024-11-25,VIP,9.87,Burgers,1365.69,Debit Card
10583,53,Female,Pune,2024-04-29,Regular,8.83,Pizza,422.79,UPI
10584,40,Male,Mumbai,2025-08-06,New,2.49,South Indian,304.0,UPI
10585,33,Female,Delhi,2024-08-06,Regular,8.12,South Indian,504.23,Credit Card
10586,56,Male,Chennai,2026-06-24,New,3.03,Biryani,385.51,Credit Card
10587,62,Female,Chennai,2026-06-28,Regular,9.37,Desserts,503.52,Credit Card
10588,59,Female,Pune,2026-03-24,New,3.3,Pizza,389.99,Debit Card
10589,56,Male,Bangalore,2024-05-02,Regular,6.95,Indian,309.56,Debit Card
10590,31,Male,Chennai,2024-08-31,Regular,4.66,Indian,309.27,Credit Card
10591,48,Male,Delhi,2026-06-04,Regular,6.8,Chinese,265.94,Credit Card
10592,22,Male,Hyderabad,2025-08-09,New,1.9,Indian,345.9,UPI
10593,52,Female,Delhi,2025-06-01,Regular,7.79,Indian,398.95,UPI
10594,40,Female,Pune,2024-01-21,Regular,9.94,South Indian,351.44,Credit Card
10595,46,Female,Pune,2024-07-08,New,3.94,South Indian,325.64,Debit Card
10596,60,Female,Mumbai,2024-08-12,VIP,10.37,Biryani,1491.48,Wallet
10597,28,Male,Chennai,2026-07-03,Regular,4.68,Desserts,442.23,Debit Card
10598,35,Male,Chennai,2025-09-06,VIP,11.27,Pizza,852.32,Credit Card
10599,64,Female,Chennai,2026-05-05,New,3.33,Desserts,251.54,UPI
10600,29,Male,Pune,2025-04-10,Regular,6.14,Desserts,499.3,UPI
10601,26,Female,Chennai,2024-04-08,New,2.5,Pizza,251.67,UPI
10602,27,Male,Bangalore,2026-04-09,Regular,6.63,South Indian,331.42,Credit Card
10603,61,Male,Bangalore,2024-12-28,New,3.72,Pizza,176.63,UPI
10604,34,Other,Hyderabad,2024-03-23,Regular,5.08,South Indian,260.61,UPI
10605,55,Male,Chennai,2025-11-23,Regular,6.96,Desserts,641.1,Credit Card
10606,24,Other,Mumbai,2025-10-25,New,2.18,Desserts,176.37,UPI
10607,63,Other,Hyderabad,2024-02-25,Regular,8.64,Indian,437.48,Credit Card
10608,30,Female,Pune,2025-12-02,VIP,14.56,Pizza,1092.73,Credit Card
10609,57,Female,Chennai,2026-07-18,New,2.85,Indian,251.46,Debit Card
10610,59,Female,Bangalore,2024-01-22,Regular,5.64,Chinese,539.13,UPI
10611,26,Female,Mumbai,2025-08-02,Regular,7.99,Biryani,452.46,UPI
10612,44,Male,Hyderabad,2024-07-03,Regular,4.88,Biryani,513.39,Debit Card
10613,19,Male,Mumbai,2025-06-05,VIP,19.28,Desserts,746.12,UPI
10614,22,Female,Chennai,2025-07-31,VIP,17.71,Desserts,1076.16,Wallet
10615,46,Male,Delhi,2024-09-20,Regular,7.6,Pizza,410.93,UPI
10616,54,Male,Mumbai,2024-08-12,Regular,7.88,Desserts,434.8,Credit Card
10617,55,Male,Mumbai,2025-09-26,Regular,5.47,South Indian,391.74,UPI
10618,36,Female,Pune,2024-02-07,Regular,9.62,Biryani,284.94,UPI
10619,25,Female,Bangalore,2024-05-02,Regular,4.28,South Indian,266.81,Wallet
10620,62,Male,Chennai,2026-04-09,VIP,10.03,Biryani,912.56,Credit Card
10621,18,Female,Mumbai,2024-06-04,Regular,6.29,Chinese,363.24,Debit Card
10622,39,Female,Chennai,2026-06-24,New,4.0,South Indian,204.74,UPI
10623,34,Female,Bangalore,2024-10-27,New,3.55,Indian,252.16,Wallet
10624,24,Female,Pune,2026-04-12,VIP,12.94,South Indian,754.58,Credit Card
10625,42,Female,Chennai,2024-03-07,New,3.54,Chinese,268.95,UPI
10626,62,Male,Bangalore,2026-06-23,Regular,7.18,Burgers,430.78,UPI
10627,21,Female,Bangalore,2025-10-06,New,2.9,Burgers,357.97,UPI
10628,53,Male,Hyderabad,2026-05-23,New,1.65,Indian,370.41,UPI
10629,23,Female,Pune,2025-01-28,New,1.35,Burgers,258.31,Wallet
10630,48,Other,Pune,2025-10-13,Regular,6.12,Desserts,509.0,UPI
10631,36,Male,Chennai,2025-08-16,New,2.92,South Indian,303.17,UPI
10632,61,Male,Delhi,2025-07-23,Regular,7.17,Chinese,594.58,UPI
10633,56,Female,Hyderabad,2025-10-22,Regular,9.66,Biryani,550.64,UPI
10634,44,Male,Pune,2025-02-08,Regular,4.1,Indian,680.79,UPI
10635,27,Female,Bangalore,2025-03-24,Regular,6.63,Burgers,676.58,UPI
10636,43,Male,Pune,2024-05-10,Regular,8.01,South Indian,439.87,UPI
10637,36,Male,Delhi,2024-03-09,Regular,5.31,Biryani,266.08,Credit Card
10638,56,Other,Mumbai,2024-12-10,Regular,8.36,Biryani,254.98,UPI
10639,20,Female,Mumbai,2026-01-31,Regular,4.49,South Indian,305.44,Wallet
10640,62,Female,Pune,2024-11-15,VIP,10.89,Pizza,1455.1,Credit Card
10641,30,Male,Pune,2024-06-25,Regular,8.06,Pizza,418.01,Credit Card
10642,45,Female,Hyderabad,2025-08-06,Regular,5.6,Desserts,273.79,Wallet
10643,37,Female,Pune,2025-06-12,Regular,4.44,Chinese,531.21,Credit Card
10644,45,Female,Delhi,2026-04-20,Regular,9.74,Desserts,335.58,Credit Card
10645,25,Female,Pune,2024-06-08,New,2.18,Desserts,306.04,UPI
10646,58,Female,Chennai,2025-08-04,Regular,9.56,Indian,296.39,Debit Card
10647,56,Male,Delhi,2025-09-16,Regular,9.87,Burgers,622.48,UPI
10648,18,Male,Hyderabad,2026-01-13,Regular,5.11,Burgers,600.98,Credit Card
10649,20,Female,Chennai,2025-06-16,VIP,9.88,South Indian,669.16,UPI
10650,30,Male,Chennai,2024-05-14,Regular,4.21,Burgers,659.77,Credit Card
10651,45,Female,Mumbai,2026-02-13,Regular,9.35,Desserts,333.57,Wallet
10652,42,Male,Delhi,2024-04-20,VIP,15.33,Chinese,1425.71,UPI
10653,50,Female,Chennai,2026-01-27,Regular,7.8,Pizza,495.63,UPI
10654,55,Female,Hyderabad,2024-10-09,Regular,9.57,South Indian,398.31,Credit Card
10655,23,Male,Mumbai,2025-06-03,Regular,7.45,Indian,287.96,Wallet
10656,61,Male,Chennai,2026-03-06,VIP,12.16,South Indian,1229.68,Debit Card
10657,62,Male,Delhi,2025-12-19,New,2.75,Desserts,160.85,UPI
10658,49,Female,Mumbai,2024-07-12,New,1.11,Burgers,355.22,Cash
10659,62,Female,Delhi,2024-02-16,Regular,5.85,Chinese,356.69,UPI
10660,64,Male,Delhi,2024-12-07,Regular,6.28,Desserts,473.13,Cash
10661,38,Female,Delhi,2024-08-29,Regular,8.78,Indian,298.53,UPI
10662,33,Male,Mumbai,2025-06-05,New,2.31,South Indian,284.15,Cash
10663,38,Male,Chennai,2025-01-04,New,2.25,Burgers,208.19,UPI
10664,28,Female,Pune,2026-03-11,Regular,6.95,South Indian,456.04,Debit Card
10665,54,Male,Bangalore,2026-06-21,New,2.1,Indian,371.49,Debit Card
10666,53,Male,Chennai,2024-05-10,New,3.58,Desserts,366.74,Debit Card
10667,52,Male,Mumbai,2024-09-26,New,1.93,Burgers,384.96,Debit Card
10668,36,Male,Bangalore,2026-07-28,New,2.59,Pizza,271.03,Credit Card
10669,37,Male,Bangalore,2026-03-24,Regular,4.74,Biryani,372.84,UPI
10670,35,Male,Bangalore,2024-03-01,Regular,7.04,Indian,504.28,UPI
10671,64,Female,Pune,2024-06-12,New,3.21,Pizza,254.19,Credit Card
10672,58,Male,Hyderabad,2025-06-08,New,2.59,Pizza,160.49,Credit Card
10673,31,Female,Mumbai,2024-09-28,Regular,5.62,Burgers,544.33,UPI
10674,32,Male,Pune,2025-12-20,Regular,6.95,South Indian,604.74,UPI
10675,48,Male,Pune,2026-01-27,Regular,9.7,Desserts,527.18,Credit Card
10676,18,Female,Hyderabad,2024-05-12,Regular,5.73,South Indian,641.45,Debit Card
10677,20,Other,Bangalore,2024-08-31,VIP,13.44,Chinese,769.65,Wallet
10678,33,Male,Hyderabad,2026-03-16,Regular,5.38,Indian,336.39,UPI
10679,40,Female,Hyderabad,2025-03-09,Regular,5.25,Indian,563.78,Wallet
10680,28,Female,Pune,2024-02-07,Regular,7.27,Desserts,334.85,Wallet
10681,29,Female,Mumbai,2026-05-20,New,3.71,Burgers,266.88,UPI
10682,27,Female,Delhi,2025-07-21,New,2.59,Burgers,169.65,Credit Card
10683,49,Male,Hyderabad,2024-11-14,New,2.59,Chinese,287.98,Credit Card
10684,33,Male,Hyderabad,2025-05-24,Regular,5.7,Chinese,262.93,Credit Card
10685,25,Female,Bangalore,2025-01-10,New,2.91,Pizza,173.77,Credit Card
10686,55,Male,Bangalore,2025-07-13,New,2.61,Biryani,362.87,Credit Card
10687,29,Female,Pune,2025-09-08,Regular,6.1,Chinese,589.71,UPI
10688,41,Male,Bangalore,2025-04-18,VIP,8.72,South Indian,857.72,UPI
10689,45,Male,Chennai,2024-02-28,New,3.64,Pizza,277.23,UPI
10690,25,Female,Hyderabad,2025-08-11,Regular,5.2,Biryani,587.68,Debit Card
10691,45,Male,Bangalore,2026-07-28,New,2.81,Chinese,279.46,UPI
10692,53,Female,Mumbai,2025-05-13,VIP,13.34,Biryani,723.31,Wallet
10693,43,Female,Chennai,2024-08-05,New,1.93,South Indian,236.8,UPI
10694,25,Female,Pune,2026-06-13,VIP,12.94,South Indian,1277.72,UPI
10695,45,Female,Delhi,2025-07-20,New,2.24,Pizza,207.1,Wallet
10696,45,Female,Hyderabad,2025-07-20,Regular,8.01,Pizza,273.24,UPI
10697,54,Female,Hyderabad,2024-05-08,New,1.85,South Indian,162.95,UPI
10698,58,Female,Mumbai,2026-06-22,New,1.55,Burgers,271.2,Cash
10699,53,Male,Delhi,2025-01-17,New,2.75,Desserts,328.75,Credit Card
10700,44,Male,Delhi,2025-01-22,New,2.85,Pizza,257.49,UPI
10701,34,Male,Pune,2024-03-25,Regular,5.9,Desserts,342.84,UPI
10702,26,Male,Pune,2025-05-24,Regular,8.51,Indian,347.25,Wallet
10703,50,Female,Chennai,2025-12-26,Regular,7.84,Burgers,667.7,Credit Card
10704,37,Female,Hyderabad,2025-09-18,VIP,11.93,Indian,614.51,UPI
10705,30,Female,Bangalore,2025-03-12,Regular,5.75,Biryani,670.42,Wallet
10706,45,Male,Pune,2026-04-05,VIP,14.56,Biryani,735.25,UPI
10707,46,Female,Mumbai,2024-10-19,New,2.96,Biryani,336.29,Cash
10708,30,Male,Mumbai,2024-02-18,VIP,10.73,Chinese,861.36,UPI
10709,63,Female,Mumbai,2024-03-07,New,3.47,Pizza,287.8,Credit Card
10710,52,Female,Pune,2026-02-25,Regular,5.98,Pizza,408.4,UPI
10711,23,Male,Pune,2024-05-08,Regular,5.96,South Indian,441.44,UPI
10712,35,Male,Mumbai,2024-01-29,Regular,5.62,Desserts,441.65,UPI
10713,22,Male,Pune,2024-12-08,Regular,6.72,Pizza,671.43,UPI
10714,64,Female,Bangalore,2025-06-28,Regular,8.63,Desserts,280.99,UPI
10715,42,Female,Bangalore,2024-04-28,VIP,10.94,Biryani,1300.74,UPI
10716,19,Female,Chennai,2025-11-22,VIP,8.97,Indian,721.01,Cash
10717,27,Male,Hyderabad,2026-07-25,VIP,11.05,Burgers,832.67,UPI
10718,47,Male,Bangalore,2025-10-24,VIP,8.73,Chinese,1414.91,Credit Card
10719,62,Female,Chennai,2024-05-12,Regular,8.41,Desserts,501.41,Credit Card
10720,22,Female,Delhi,2024-11-22,VIP,13.88,Desserts,1056.33,Debit Card
10721,50,Male,Hyderabad,2024-07-03,VIP,8.08,Burgers,1148.14,Debit Card
10722,18,Male,Bangalore,2025-05-20,Regular,8.68,Indian,663.47,Debit Card
10723,35,Female,Delhi,2025-10-07,Regular,8.02,Chinese,474.97,Cash
10724,49,Male,Chennai,2025-11-19,VIP,15.27,Desserts,1302.23,Debit Card
10725,64,Male,Bangalore,2025-06-17,Regular,9.98,South Indian,371.14,Wallet
10726,28,Male,Bangalore,2024-08-28,Regular,8.54,Pizza,261.25,Credit Card
10727,38,Female,Pune,2025-08-11,New,1.88,Pizza,172.96,Debit Card
10728,43,Female,Delhi,2025-12-16,Regular,4.38,South Indian,625.74,Credit Card
10729,42,Female,Bangalore,2025-05-30,VIP,9.02,Indian,1384.89,UPI
10730,39,Female,Mumbai,2026-04-19,Regular,4.52,Desserts,630.98,UPI
10731,44,Female,Pune,2024-06-13,New,3.75,South Indian,216.03,UPI
10732,30,Male,Pune,2026-07-15,Regular,7.42,Desserts,523.93,UPI
10733,50,Female,Bangalore,2026-07-21,Regular,9.27,Biryani,620.87,Credit Card
10734,51,Male,Pune,2025-10-01,Regular,5.7,Desserts,258.91,UPI
10735,58,Female,Hyderabad,2025-07-10,Regular,7.74,Indian,678.24,Credit Card
10736,52,Male,Delhi,2024-08-05,VIP,15.77,Chinese,548.92,Wallet
10737,18,Male,Hyderabad,2026-01-16,Regular,6.12,Burgers,678.42,UPI
10738,38,Male,Chennai,2025-10-09,Regular,9.68,Burgers,594.03,UPI
10739,23,Male,Hyderabad,2025-11-10,VIP,19.01,South Indian,1444.67,UPI
10740,45,Male,Mumbai,2026-01-18,Regular,7.27,Pizza,324.37,Wallet
10741,34,Male,Pune,2025-08-27,New,2.81,South Indian,167.18,Wallet
10742,22,Other,Pune,2024-01-05,Regular,6.28,Pizza,368.79,Wallet
10743,48,Male,Mumbai,2025-10-29,Regular,4.94,South Indian,447.68,UPI
10744,22,Female,Pune,2026-01-26,Regular,6.12,South Indian,521.76,UPI
10745,55,Female,Hyderabad,2026-05-21,VIP,8.61,Desserts,530.0,Cash
10746,20,Other,Chennai,2024-03-21,Regular,8.77,Burgers,275.39,UPI
10747,40,Female,Bangalore,2024-09-03,New,2.76,Biryani,349.44,UPI
10748,54,Female,Mumbai,2026-05-04,New,1.99,Pizza,357.25,UPI
10749,54,Male,Hyderabad,2025-05-07,Regular,8.15,Biryani,632.98,Cash
10750,27,Male,Hyderabad,2025-10-10,Regular,9.42,Biryani,283.28,UPI
10751,27,Male,Hyderabad,2025-01-20,Regular,9.79,Biryani,614.53,Wallet
10752,36,Female,Bangalore,2025-07-28,Regular,9.02,Burgers,328.03,UPI
10753,34,Female,Delhi,2024-11-02,VIP,11.78,Biryani,570.72,Debit Card
10754,38,Male,Pune,2025-09-19,VIP,13.55,Desserts,508.64,UPI
10755,31,Male,Pune,2025-09-16,New,2.31,Pizza,262.58,UPI
10756,26,Female,Chennai,2025-06-26,Regular,9.34,Chinese,394.3,Credit Card
10757,63,Male,Delhi,2024-01-07,Regular,7.84,Biryani,299.03,UPI
10758,18,Female,Pune,2026-07-14,New,1.33,Biryani,331.64,Debit Card
10759,62,Female,Chennai,2025-05-29,Regular,5.34,Chinese,399.21,Cash
10760,30,Female,Chennai,2026-03-29,New,2.82,Biryani,188.05,UPI
10761,21,Female,Hyderabad,2026-01-24,New,2.42,Chinese,343.73,UPI
10762,18,Female,Mumbai,2025-07-21,Regular,7.97,Indian,315.76,Credit Card
10763,57,Female,Hyderabad,2024-03-13,Regular,9.81,Burgers,383.63,Wallet
10764,49,Female,Bangalore,2024-01-10,Regular,8.23,Burgers,423.38,Debit Card
10765,51,Female,Pune,2025-07-26,Regular,5.55,Chinese,374.76,Credit Card
10766,45,Male,Chennai,2025-07-15,New,3.22,South Indian,350.06,Debit Card
10767,48,Male,Mumbai,2024-05-01,Regular,4.56,Burgers,423.09,UPI
10768,25,Male,Pune,2025-11-17,Regular,8.12,Pizza,598.57,UPI
10769,56,Male,Chennai,2025-05-27,Regular,7.11,Burgers,663.28,Credit Card
10770,43,Female,Chennai,2025-03-16,VIP,17.27,Burgers,979.74,Wallet
10771,51,Female,Hyderabad,2024-02-07,Regular,5.37,Pizza,620.49,UPI
10772,20,Male,Mumbai,2025-12-02,Regular,4.05,Chinese,669.3,Credit Card
10773,29,Male,Mumbai,2025-08-13,Regular,9.87,Desserts,558.98,UPI
10774,18,Other,Pune,2024-12-10,VIP,10.15,Desserts,826.84,Credit Card
10775,61,Male,Chennai,2024-12-03,Regular,6.37,Chinese,400.77,Wallet
10776,22,Male,Mumbai,2025-12-02,New,3.0,Pizza,214.44,Credit Card
10777,47,Female,Mumbai,2024-07-02,Regular,8.06,Desserts,553.17,UPI
10778,47,Female,Pune,2024-03-07,New,2.31,Burgers,362.69,Debit Card
10779,34,Male,Hyderabad,2024-01-17,VIP,15.08,Biryani,1459.11,Credit Card
10780,64,Male,Delhi,2025-01-17,Regular,8.54,Burgers,479.33,Debit Card
10781,40,Male,Bangalore,2025-01-02,Regular,5.03,Chinese,335.04,Wallet
10782,32,Female,Delhi,2026-06-22,Regular,7.37,Biryani,328.25,UPI
10783,54,Female,Mumbai,2024-11-11,Regular,9.1,Indian,571.03,Credit Card
10784,38,Male,Chennai,2025-05-11,VIP,8.92,Chinese,1491.31,Credit Card
10785,31,Female,Bangalore,2026-03-18,VIP,12.36,Pizza,535.96,UPI
10786,19,Female,Bangalore,2025-12-21,New,2.86,Biryani,282.76,Wallet
10787,28,Male,Chennai,2024-12-10,Regular,5.77,Indian,331.02,Debit Card
10788,56,Female,Bangalore,2025-07-06,Regular,5.1,Desserts,443.18,Debit Card
10789,55,Female,Chennai,2026-06-26,Regular,7.75,Indian,642.13,Wallet
10790,51,Male,Bangalore,2025-04-17,Regular,5.76,Pizza,634.63,UPI
10791,55,Male,Pune,2024-04-24,Regular,4.95,Biryani,547.41,Debit Card
10792,51,Female,Pune,2024-04-09,Regular,9.43,South Indian,698.81,Debit Card
10793,35,Female,Delhi,2026-06-03,New,2.51,Chinese,292.53,Wallet
10794,47,Female,Bangalore,2025-03-13,Regular,5.48,Burgers,315.35,Credit Card
10795,32,Female,Hyderabad,2024-12-10,New,1.41,Desserts,375.97,Credit Card
10796,44,Female,Chennai,2024-12-14,New,2.07,Biryani,306.59,UPI
10797,51,Male,Bangalore,2024-05-18,Regular,8.75,Chinese,459.74,Wallet
10798,55,Female,Pune,2026-04-07,New,3.26,Pizza,157.75,Credit Card
10799,50,Male,Pune,2024-11-19,Regular,9.62,Burgers,320.1,Credit Card
10800,41,Male,Chennai,2026-04-25,Regular,8.71,South Indian,646.19,UPI
10801,32,Female,Hyderabad,2024-10-28,Regular,9.14,Desserts,506.08,Credit Card
10802,47,Female,Bangalore,2024-10-20,Regular,4.86,Pizza,587.03,UPI
10803,59,Male,Bangalore,2025-06-12,Regular,4.86,Chinese,270.32,Wallet
10804,34,Female,Hyderabad,2026-04-13,New,3.09,Desserts,227.38,Wallet
10805,22,Male,Hyderabad,2024-10-18,VIP,15.98,Indian,1167.82,UPI
10806,46,Male,Hyderabad,2024-03-14,VIP,17.34,Pizza,780.44,Credit Card
10807,21,Male,Pune,2026-02-13,New,2.56,Pizza,376.16,Credit Card
10808,27,Female,Chennai,2025-04-28,Regular,8.27,Chinese,559.77,Wallet
10809,34,Female,Hyderabad,2024-01-16,Regular,4.18,South Indian,340.42,Debit Card
10810,27,Male,Chennai,2025-06-09,New,1.98,Chinese,185.05,Cash
10811,34,Female,Delhi,2024-12-01,Regular,9.67,Chinese,646.61,UPI
10812,37,Male,Bangalore,2026-03-03,Regular,4.5,South Indian,300.96,UPI
10813,41,Female,Bangalore,2026-05-22,New,3.2,South Indian,186.84,Credit Card
10814,22,Male,Mumbai,2025-05-30,VIP,15.82,Pizza,519.41,Debit Card
10815,51,Male,Delhi,2026-07-13,Regular,9.75,Indian,439.64,UPI
10816,23,Female,Hyderabad,2024-05-06,Regular,9.4,Chinese,448.15,UPI
10817,19,Male,Hyderabad,2026-04-03,Regular,6.64,Indian,675.34,Wallet
10818,30,Male,Pune,2025-06-01,New,3.44,South Indian,315.3,Debit Card
10819,60,Female,Delhi,2024-05-08,Regular,6.59,South Indian,639.24,UPI
10820,60,Other,Hyderabad,2025-05-25,Regular,8.02,Chinese,432.98,Wallet
10821,28,Male,Mumbai,2025-02-26,Regular,5.56,Pizza,298.14,UPI
10822,64,Male,Chennai,2025-01-19,Regular,7.82,Desserts,699.03,UPI
10823,40,Male,Bangalore,2026-06-01,New,3.77,Chinese,379.71,UPI
10824,33,Female,Delhi,2024-08-19,New,1.44,Pizza,152.65,Wallet
10825,48,Male,Bangalore,2026-04-04,New,3.17,Burgers,397.29,Debit Card
10826,28,Female,Chennai,2024-07-13,VIP,11.8,Pizza,965.07,UPI
10827,33,Other,Delhi,2024-03-05,New,2.8,Chinese,306.38,UPI
10828,25,Male,Chennai,2026-04-12,New,1.54,Chinese,240.01,Debit Card
10829,21,Male,Hyderabad,2025-09-06,VIP,14.09,Pizza,1243.68,Credit Card
10830,57,Male,Hyderabad,2024-10-03,Regular,6.07,Indian,434.53,Cash
10831,21,Male,Hyderabad,2025-10-31,Regular,8.0,Pizza,281.59,Debit Card
10832,42,Female,Chennai,2024-08-11,New,3.49,Burgers,312.23,UPI
10833,20,Male,Chennai,2026-03-11,Regular,4.45,Burgers,419.48,Debit Card
10834,49,Male,Chennai,2024-10-04,New,2.8,Indian,169.0,UPI
10835,20,Female,Bangalore,2025-11-24,Regular,4.49,Burgers,290.22,Cash
10836,44,Male,Chennai,2024-12-31,VIP,10.24,Chinese,1311.49,UPI
10837,46,Female,Hyderabad,2025-05-30,Regular,5.05,Indian,564.74,UPI
10838,49,Male,Mumbai,2024-08-02,New,1.34,Indian,302.16,Credit Card
10839,36,Female,Chennai,2025-03-14,Regular,8.55,Indian,461.99,UPI
10840,38,Female,Mumbai,2025-03-03,Regular,5.48,Biryani,374.77,UPI
10841,22,Female,Hyderabad,2025-12-29,Regular,8.28,Pizza,389.41,Credit Card
10842,35,Female,Chennai,2025-01-30,Regular,6.68,Pizza,402.09,UPI
10843,45,Male,Bangalore,2024-07-27,Regular,5.7,Indian,351.38,Credit Card
10844,59,Male,Bangalore,2025-05-15,Regular,7.14,Desserts,632.79,Wallet
10845,39,Female,Mumbai,2025-04-07,VIP,14.46,Burgers,1197.01,Credit Card
10846,38,Female,Pune,2025-08-08,Regular,5.38,Biryani,433.28,Wallet
10847,23,Male,Bangalore,2024-08-14,New,3.81,Biryani,365.11,UPI
10848,18,Male,Bangalore,2025-01-09,Regular,8.79,Chinese,251.72,UPI
10849,22,Male,Bangalore,2025-05-14,New,2.0,Chinese,157.26,Debit Card
10850,58,Male,Hyderabad,2024-04-02,Regular,6.29,Pizza,567.83,UPI
10851,29,Male,Bangalore,2025-04-04,New,2.03,South Indian,231.17,UPI
10852,43,Female,Delhi,2025-07-30,Regular,9.04,Indian,652.75,Wallet
10853,63,Male,Chennai,2024-11-16,Regular,5.98,South Indian,469.29,Credit Card
10854,51,Male,Bangalore,2024-01-10,New,1.02,Chinese,161.83,UPI
10855,31,Female,Pune,2026-07-02,Regular,8.9,Desserts,646.92,Debit Card
10856,43,Female,Pune,2024-10-29,Regular,8.61,Pizza,646.52,UPI
10857,62,Female,Bangalore,2024-11-17,Regular,6.34,Pizza,433.93,Credit Card
10858,44,Female,Bangalore,2026-03-27,Regular,9.63,Pizza,356.96,UPI
10859,26,Male,Delhi,2025-03-31,VIP,10.16,Pizza,1464.87,UPI
10860,43,Female,Bangalore,2024-10-04,New,2.41,Pizza,172.2,UPI
10861,64,Female,Bangalore,2025-08-20,Regular,8.19,Indian,668.24,Wallet
10862,39,Male,Chennai,2025-06-21,Regular,4.27,Biryani,282.5,UPI
10863,64,Female,Pune,2025-12-30,VIP,13.89,South Indian,893.81,Credit Card
10864,47,Female,Delhi,2025-01-27,Regular,9.29,Desserts,620.32,UPI
10865,60,Male,Pune,2026-07-05,Regular,4.97,Biryani,423.97,UPI
10866,34,Male,Delhi,2024-04-04,VIP,11.41,Chinese,562.46,Credit Card
10867,43,Male,Pune,2026-01-25,Regular,6.43,Chinese,334.77,Credit Card
10868,53,Male,Bangalore,2024-04-16,Regular,6.14,Biryani,405.92,Debit Card
10869,18,Male,Pune,2025-01-24,New,3.54,Pizza,253.73,Wallet
10870,25,Female,Pune,2026-01-29,Regular,9.98,Pizza,689.69,UPI
10871,52,Male,Delhi,2025-06-09,Regular,5.54,Biryani,399.18,UPI
10872,32,Female,Mumbai,2025-11-03,Regular,8.23,Pizza,683.66,Wallet
10873,64,Female,Delhi,2024-03-11,Regular,8.55,Biryani,384.94,Cash
10874,39,Female,Delhi,2025-10-25,New,1.2,Desserts,398.04,UPI
10875,31,Female,Delhi,2025-08-09,Regular,4.58,Burgers,345.4,Credit Card
10876,43,Male,Hyderabad,2025-01-10,New,3.65,Chinese,220.32,UPI
10877,45,Male,Hyderabad,2025-12-27,New,3.47,Pizza,388.24,Credit Card
10878,40,Female,Hyderabad,2025-01-02,Regular,6.05,South Indian,338.08,UPI
10879,31,Female,Delhi,2024-02-20,Regular,7.84,Burgers,670.65,Cash
10880,41,Female,Mumbai,2026-06-16,Regular,9.76,Indian,346.38,UPI
10881,19,Male,Delhi,2024-05-22,New,2.46,Desserts,370.8,UPI
10882,62,Female,Bangalore,2025-02-22,New,3.28,Burgers,159.94,Credit Card
10883,43,Male,Mumbai,2025-07-01,Regular,9.83,Burgers,254.51,UPI
10884,31,Female,Hyderabad,2025-05-14,Regular,5.02,Desserts,641.86,Credit Card
10885,24,Other,Pune,2026-06-04,Regular,8.64,Burgers,513.97,Cash
10886,20,Male,Pune,2024-06-15,New,1.59,South Indian,378.39,Credit Card
10887,64,Female,Chennai,2026-01-17,Regular,6.16,Desserts,286.88,Wallet
10888,40,Male,Mumbai,2024-09-16,VIP,12.07,Chinese,1387.93,UPI
10889,63,Male,Hyderabad,2024-07-10,New,2.08,Desserts,380.38,UPI
10890,60,Female,Mumbai,2024-07-20,Regular,5.88,Pizza,467.63,Wallet
10891,64,Female,Mumbai,2026-02-12,Regular,5.0,South Indian,533.68,UPI
10892,62,Female,Pune,2024-07-03,New,2.97,South Indian,380.71,Debit Card
10893,35,Female,Delhi,2024-06-06,New,1.73,Desserts,170.69,UPI
10894,55,Female,Bangalore,2026-01-27,Regular,8.81,Biryani,544.77,UPI
10895,52,Female,Chennai,2025-09-13,New,2.08,Pizza,340.64,Debit Card
10896,32,Female,Hyderabad,2024-04-08,New,3.37,Biryani,344.26,Debit Card
10897,42,Male,Mumbai,2024-08-28,Regular,8.49,Biryani,464.72,Wallet
10898,54,Other,Chennai,2025-05-05,New,2.09,Desserts,159.78,UPI
10899,45,Male,Mumbai,2024-07-20,Regular,9.55,Burgers,419.4,Debit Card
10900,27,Female,Pune,2025-09-25,New,2.27,Biryani,384.05,UPI
10901,56,Male,Bangalore,2025-05-23,Regular,5.51,Indian,636.89,Debit Card
10902,34,Male,Pune,2025-09-20,Regular,9.94,Burgers,532.51,UPI
10903,56,Male,Chennai,2024-04-05,Regular,8.02,Burgers,512.28,Credit Card
10904,39,Female,Hyderabad,2026-01-15,Regular,5.72,Biryani,442.19,UPI
10905,43,Male,Mumbai,2025-05-04,New,3.31,Biryani,237.91,UPI
10906,61,Male,Bangalore,2025-08-01,Regular,8.0,Chinese,612.72,Debit Card
10907,42,Female,Pune,2026-06-06,New,2.24,Burgers,371.04,UPI
10908,34,Female,Chennai,2024-08-05,New,2.9,Indian,397.13,Debit Card
10909,30,Male,Pune,2025-06-10,Regular,5.61,South Indian,579.01,Credit Card
10910,37,Male,Mumbai,2024-09-29,VIP,11.83,Desserts,791.64,UPI
10911,42,Male,Mumbai,2024-08-06,Regular,9.15,Biryani,294.55,UPI
10912,21,Male,Hyderabad,2026-02-24,New,1.28,Burgers,358.1,Wallet
10913,27,Female,Bangalore,2026-06-01,VIP,18.74,South Indian,574.85,Cash
10914,20,Female,Delhi,2025-10-20,New,2.0,Biryani,328.66,UPI
10915,58,Female,Pune,2024-11-27,VIP,17.84,Chinese,887.43,UPI
10916,62,Male,Mumbai,2026-05-05,Regular,9.12,Desserts,333.13,UPI
10917,35,Female,Chennai,2025-03-28,Regular,9.68,Biryani,263.78,Debit Card
10918,64,Female,Pune,2024-05-31,Regular,9.5,Indian,322.87,Debit Card
10919,53,Female,Hyderabad,2024-12-12,VIP,11.96,Pizza,581.82,UPI
10920,64,Female,Hyderabad,2026-03-26,VIP,9.42,Pizza,876.16,UPI
10921,39,Female,Mumbai,2025-02-17,Regular,4.0,Biryani,635.97,Wallet
10922,51,Female,Mumbai,2025-06-10,Regular,6.11,Chinese,572.29,UPI
10923,64,Male,Mumbai,2025-03-06,Regular,4.68,Indian,695.68,Debit Card
10924,25,Female,Delhi,2025-01-13,Regular,9.3,Biryani,285.42,UPI
10925,57,Female,Mumbai,2026-06-13,Regular,9.57,South Indian,308.6,Debit Card
10926,61,Female,Pune,2025-03-03,New,1.64,Chinese,291.17,Credit Card
10927,36,Male,Pune,2026-05-15,Regular,6.2,Burgers,492.31,Credit Card
10928,59,Female,Bangalore,2026-07-11,VIP,17.11,South Indian,1081.91,Credit Card
10929,58,Female,Chennai,2024-03-24,VIP,16.64,Biryani,1466.52,Credit Card
10930,54,Male,Mumbai,2024-07-10,New,3.32,Burgers,182.37,Credit Card
10931,23,Male,Pune,2024-02-10,New,1.22,Burgers,367.09,UPI
10932,43,Female,Pune,2026-05-13,VIP,13.8,Desserts,764.56,Cash
10933,51,Female,Pune,2026-04-15,Regular,9.73,South Indian,419.15,Wallet
10934,62,Female,Delhi,2026-02-11,Regular,6.2,Desserts,623.12,Credit Card
10935,23,Male,Chennai,2024-11-04,New,3.76,Burgers,255.93,UPI
10936,54,Female,Hyderabad,2025-01-12,VIP,8.77,Desserts,993.03,UPI
10937,50,Male,Pune,2024-05-15,New,3.34,Pizza,154.97,Wallet
10938,39,Male,Mumbai,2026-02-28,New,2.37,Desserts,278.9,Wallet
10939,38,Male,Pune,2024-04-15,New,1.96,South Indian,248.44,UPI
10940,23,Male,Chennai,2025-06-02,VIP,17.63,Chinese,622.91,Debit Card
10941,23,Male,Hyderabad,2026-07-06,Regular,9.96,Pizza,582.83,Credit Card
10942,21,Male,Delhi,2026-03-24,Regular,9.46,Chinese,276.84,UPI
10943,47,Male,Bangalore,2025-06-25,Regular,6.95,Indian,374.96,UPI
10944,28,Male,Mumbai,2024-05-05,VIP,8.68,Chinese,812.81,Debit Card
10945,47,Female,Bangalore,2024-12-22,Regular,7.77,South Indian,488.85,UPI
10946,48,Female,Delhi,2025-02-03,Regular,4.67,Chinese,540.35,UPI
10947,41,Male,Chennai,2024-03-19,VIP,14.33,Indian,737.52,UPI
10948,26,Female,Chennai,2025-01-23,Regular,6.78,Burgers,580.24,Wallet
10949,20,Male,Delhi,2025-08-01,Regular,7.86,South Indian,682.5,Credit Card
10950,48,Female,Pune,2025-06-18,VIP,13.79,Biryani,1371.36,Credit Card
10951,57,Male,Delhi,2025-12-01,Regular,5.86,Pizza,384.13,Debit Card
10952,54,Male,Mumbai,2024-03-14,Regular,7.65,Pizza,496.41,Cash
10953,53,Female,Hyderabad,2024-01-05,New,3.78,Chinese,326.09,UPI
10954,41,Female,Bangalore,2026-07-07,Regular,5.17,Pizza,504.69,UPI
10955,48,Female,Bangalore,2025-04-07,Regular,8.05,Desserts,507.44,UPI
10956,23,Female,Chennai,2024-03-22,New,3.0,Indian,369.16,Wallet
10957,19,Female,Pune,2025-06-20,VIP,16.81,Biryani,805.88,UPI
10958,37,Male,Chennai,2026-02-14,Regular,5.2,Desserts,586.04,Debit Card
10959,45,Male,Mumbai,2025-02-08,Regular,7.6,Pizza,314.68,UPI
10960,28,Male,Delhi,2025-05-28,Regular,7.43,Desserts,261.79,Credit Card
10961,21,Male,Bangalore,2024-10-04,Regular,5.19,Chinese,483.51,UPI
10962,32,Female,Mumbai,2026-04-19,New,3.36,Pizza,211.3,UPI
10963,23,Female,Chennai,2026-05-04,Regular,8.05,Desserts,265.68,UPI
10964,47,Male,Chennai,2024-08-11,New,1.35,Burgers,395.16,Credit Card
10965,55,Female,Bangalore,2025-08-06,New,2.14,Burgers,303.9,Debit Card
10966,19,Female,Chennai,2024-03-08,New,1.7,Pizza,255.17,Wallet
10967,32,Male,Pune,2024-11-15,New,1.3,South Indian,274.96,UPI
10968,28,Male,Chennai,2025-08-28,Regular,8.09,Biryani,344.63,Debit Card
10969,25,Male,Hyderabad,2024-01-19,Regular,9.04,Pizza,607.51,Wallet
10970,43,Male,Delhi,2025-10-01,VIP,13.08,Burgers,864.41,UPI
10971,62,Male,Chennai,2024-12-08,Regular,6.63,Burgers,465.05,Credit Card
10972,61,Female,Hyderabad,2025-08-16,Regular,6.67,Indian,651.33,Credit Card
10973,22,Male,Mumbai,2026-02-04,Regular,7.8,Chinese,612.78,UPI
10974,23,Male,Chennai,2026-01-02,Regular,6.01,Indian,601.84,UPI
10975,43,Other,Pune,2024-12-08,Regular,6.51,South Indian,322.2,UPI
10976,21,Female,Mumbai,2024-04-06,Regular,4.07,Chinese,271.66,Credit Card
10977,36,Female,Chennai,2024-02-21,New,1.39,Pizza,167.94,UPI
10978,37,Male,Bangalore,2024-06-23,Regular,7.42,Pizza,434.81,UPI
10979,50,Male,Hyderabad,2024-12-03,Regular,5.3,South Indian,659.08,Debit Card
10980,37,Female,Hyderabad,2025-11-24,Regular,4.87,Biryani,407.32,UPI
10981,29,Male,Bangalore,2026-07-28,VIP,19.05,Burgers,909.23,UPI
10982,64,Male,Delhi,2024-12-18,New,3.85,Biryani,334.51,UPI
10983,18,Female,Pune,2025-01-25,New,1.31,Pizza,218.09,Cash
10984,43,Female,Hyderabad,2024-04-24,Regular,5.7,Indian,370.73,UPI
10985,31,Male,Mumbai,2024-12-13,VIP,12.23,Burgers,1288.85,UPI
10986,55,Female,Pune,2024-01-01,Regular,8.8,Pizza,492.96,UPI
10987,54,Male,Hyderabad,2024-03-03,Regular,4.38,Burgers,628.44,UPI
10988,28,Male,Delhi,2026-01-29,New,2.95,Biryani,189.45,Credit Card
10989,53,Male,Mumbai,2026-01-12,Regular,6.3,Chinese,597.4,Cash
10990,30,Male,Pune,2024-08-13,Regular,8.05,Pizza,273.14,Credit Card
10991,60,Male,Mumbai,2025-02-26,VIP,17.88,Pizza,642.22,UPI
10992,20,Female,Bangalore,2024-01-19,New,2.56,Burgers,375.76,UPI
10993,50,Female,Chennai,2024-01-31,Regular,8.6,Chinese,452.24,UPI
10994,23,Female,Bangalore,2026-04-24,Regular,4.84,Indian,300.22,UPI
10995,27,Male,Pune,2025-09-24,New,3.62,Chinese,301.06,Debit Card
10996,22,Male,Chennai,2024-01-24,Regular,7.86,Indian,309.02,Credit Card
10997,40,Male,Bangalore,2026-04-16,Regular,9.53,Desserts,336.54,UPI
10998,27,Male,Chennai,2024-07-29,New,1.49,Desserts,267.22,UPI
10999,61,Male,Hyderabad,2024-06-09,Regular,6.91,South Indian,252.96,UPI
11000,19,Female,Mumbai,2024-09-11,New,3.93,Biryani,356.73,Debit Card
11001,30,Female,Chennai,2025-07-24,VIP,15.68,Chinese,732.21,UPI
11002,57,Female,Hyderabad,2024-04-23,Regular,5.72,Indian,317.26,Debit Card
11003,19,Male,Delhi,2025-05-18,Regular,6.1,Burgers,393.99,Credit Card
11004,37,Female,Bangalore,2026-07-17,New,2.58,Indian,200.38,UPI
11005,18,Male,Delhi,2025-11-02,VIP,12.11,South Indian,775.66,Cash
11006,54,Male,Pune,2024-08-07,Regular,8.08,Indian,415.24,UPI
11007,26,Male,Hyderabad,2024-12-22,New,3.0,Biryani,260.23,UPI
11008,34,Female,Delhi,2024-06-17,Regular,5.98,Desserts,442.3,Wallet
11009,26,Other,Delhi,2025-06-07,New,2.6,Chinese,152.23,UPI
11010,28,Male,Hyderabad,2024-08-29,VIP,18.71,Indian,951.47,UPI
11011,32,Female,Mumbai,2025-01-09,VIP,17.83,Chinese,1048.35,Wallet
11012,41,Female,Chennai,2024-05-18,VIP,11.04,South Indian,966.95,Credit Card
11013,55,Male,Pune,2024-04-06,Regular,8.46,Indian,574.8,UPI
11014,52,Male,Pune,2024-05-26,Regular,9.17,Indian,432.27,Credit Card
11015,47,Male,Bangalore,2024-06-30,New,1.54,South Indian,317.35,Wallet
11016,48,Other,Chennai,2024-02-26,New,1.32,Biryani,376.71,UPI
11017,22,Male,Bangalore,2024-02-11,New,2.16,Indian,252.35,Credit Card
11018,61,Female,Pune,2026-05-15,Regular,6.03,Chinese,452.47,Cash
11019,31,Male,Chennai,2025-12-11,VIP,8.96,Biryani,909.57,Cash
11020,28,Female,Delhi,2025-06-26,VIP,19.07,Pizza,663.87,Credit Card
11021,26,Male,Mumbai,2025-11-22,New,3.67,Biryani,165.7,UPI
11022,51,Female,Delhi,2024-01-02,Regular,6.18,Desserts,631.1,Debit Card
11023,29,Female,Mumbai,2026-07-22,Regular,5.59,Pizza,429.1,UPI
11024,52,Female,Hyderabad,2024-10-14,Regular,4.04,Desserts,594.23,Debit Card
11025,52,Female,Bangalore,2024-05-17,Regular,5.09,Chinese,390.98,UPI
11026,18,Male,Bangalore,2025-09-08,Regular,6.85,Desserts,578.69,Debit Card
11027,57,Female,Hyderabad,2025-05-26,VIP,19.74,Indian,1339.52,UPI
11028,39,Male,Chennai,2026-06-22,Regular,9.25,Chinese,457.35,Wallet
11029,46,Male,Hyderabad,2025-12-30,Regular,4.86,South Indian,275.44,UPI
11030,25,Female,Pune,2024-08-09,New,3.18,Chinese,151.33,UPI
11031,28,Male,Hyderabad,2024-11-26,New,3.05,Pizza,269.21,Debit Card
11032,58,Female,Mumbai,2025-09-08,Regular,5.66,Desserts,607.02,UPI
11033,54,Other,Pune,2025-02-07,Regular,5.83,Biryani,387.21,Credit Card
11034,31,Male,Hyderabad,2025-05-22,VIP,13.58,Desserts,790.11,Wallet
11035,47,Female,Bangalore,2026-07-04,Regular,7.04,Burgers,507.94,Credit Card
11036,52,Male,Delhi,2024-05-06,Regular,6.12,South Indian,630.8,Debit Card
11037,38,Male,Mumbai,2024-09-21,Regular,7.88,Indian,670.58,UPI
11038,54,Male,Mumbai,2025-12-12,New,3.17,Desserts,391.08,Debit Card
11039,22,Female,Chennai,2026-02-02,Regular,8.03,Biryani,523.34,UPI
11040,36,Female,Delhi,2024-01-15,Regular,7.63,Chinese,575.76,Credit Card
11041,31,Female,Mumbai,2024-08-13,New,3.14,South Indian,237.46,Wallet
11042,43,Other,Hyderabad,2026-05-14,Regular,8.88,Pizza,433.36,Credit Card
11043,21,Male,Mumbai,2024-04-14,Regular,8.79,Desserts,334.36,Cash
11044,42,Male,Mumbai,2026-01-14,New,2.78,Indian,224.37,Debit Card
11045,62,Female,Mumbai,2025-05-07,VIP,10.41,Chinese,519.62,Debit Card
11046,59,Female,Chennai,2024-11-14,Regular,9.09,Desserts,644.89,Credit Card
11047,42,Male,Mumbai,2024-08-06,New,2.32,Biryani,353.13,UPI
11048,35,Male,Mumbai,2024-10-03,New,1.88,Chinese,237.71,UPI
11049,57,Female,Chennai,2026-02-11,VIP,18.87,Indian,760.19,UPI
11050,25,Female,Pune,2026-06-11,Regular,9.74,Biryani,638.92,UPI
11051,56,Male,Delhi,2026-07-19,Regular,9.84,Burgers,531.64,Cash
11052,57,Male,Pune,2024-12-06,New,1.17,Burgers,256.14,UPI
11053,31,Female,Bangalore,2025-03-27,VIP,9.06,South Indian,1110.12,Debit Card
11054,49,Female,Chennai,2025-01-03,Regular,8.9,Desserts,625.85,Credit Card
11055,55,Male,Chennai,2026-04-27,Regular,4.54,Chinese,647.1,Credit Card
11056,50,Female,Mumbai,2025-04-18,VIP,13.54,South Indian,1328.34,Credit Card
11057,40,Male,Mumbai,2024-07-08,New,1.13,Indian,347.91,UPI
11058,32,Male,Bangalore,2026-06-02,Regular,8.89,Biryani,636.84,Wallet
11059,50,Female,Mumbai,2025-02-22,New,2.33,South Indian,320.1,Wallet
11060,42,Female,Hyderabad,2025-12-10,Regular,7.57,Desserts,267.17,Credit Card
11061,34,Male,Mumbai,2026-05-14,New,3.94,Chinese,217.63,Wallet
11062,50,Female,Mumbai,2026-02-27,VIP,16.94,Desserts,1209.13,UPI
11063,64,Female,Hyderabad,2026-04-27,Regular,5.86,Burgers,373.82,UPI
11064,19,Female,Bangalore,2025-05-09,Regular,8.54,Burgers,686.67,Credit Card
11065,31,Female,Hyderabad,2024-02-08,VIP,15.23,Indian,1187.13,Wallet
11066,57,Female,Chennai,2024-06-10,VIP,16.79,Pizza,861.1,UPI
11067,57,Female,Hyderabad,2024-04-30,Regular,4.1,South Indian,321.67,Credit Card
11068,56,Male,Delhi,2026-06-10,Regular,6.3,Indian,419.64,UPI
11069,23,Male,Chennai,2025-02-02,New,1.21,Burgers,289.45,Cash
11070,23,Male,Mumbai,2024-09-18,New,2.45,Desserts,237.38,Debit Card
11071,20,Female,Chennai,2025-12-28,Regular,6.49,Chinese,347.02,UPI
11072,24,Female,Bangalore,2026-04-03,New,1.58,Chinese,255.51,Cash
11073,25,Male,Bangalore,2025-07-14,Regular,8.29,Biryani,587.06,UPI
11074,59,Male,Hyderabad,2025-08-26,New,1.5,Pizza,257.89,Credit Card
11075,32,Female,Chennai,2024-05-08,Regular,7.99,Pizza,297.89,UPI
11076,64,Male,Mumbai,2026-04-12,Regular,4.34,Burgers,464.34,UPI
11077,46,Female,Bangalore,2025-06-23,New,3.05,Pizza,326.01,UPI
11078,50,Male,Pune,2024-12-21,New,3.75,Pizza,313.68,UPI
11079,47,Female,Mumbai,2025-10-21,Regular,7.92,Chinese,315.42,Wallet
11080,56,Female,Pune,2025-03-07,Regular,4.32,Biryani,468.43,UPI
11081,44,Male,Delhi,2026-04-19,Regular,4.13,South Indian,668.68,UPI
11082,53,Male,Pune,2024-03-05,Regular,4.71,Desserts,469.06,Credit Card
11083,46,Male,Bangalore,2024-08-05,New,2.89,Chinese,183.16,Debit Card
11084,55,Female,Hyderabad,2025-07-16,New,3.77,Biryani,349.78,Cash
11085,50,Female,Delhi,2025-03-02,New,3.02,Chinese,285.75,Credit Card
11086,54,Male,Chennai,2026-03-27,Regular,5.82,Burgers,272.08,Debit Card
11087,44,Female,Mumbai,2026-07-09,Regular,9.68,Biryani,319.03,UPI
11088,50,Female,Bangalore,2024-03-14,New,1.76,Biryani,301.47,UPI
11089,21,Male,Delhi,2025-04-04,Regular,4.57,Burgers,288.4,UPI
11090,39,Male,Delhi,2025-02-28,Regular,4.52,Biryani,385.95,UPI
11091,19,Female,Bangalore,2025-12-11,VIP,16.42,Desserts,829.15,UPI
11092,27,Female,Chennai,2024-07-10,Regular,8.46,South Indian,496.91,Debit Card
11093,22,Female,Chennai,2024-07-07,Regular,5.29,Indian,397.28,UPI
11094,27,Female,Hyderabad,2024-01-12,Regular,4.28,Pizza,432.34,Cash
11095,50,Female,Pune,2024-08-26,VIP,9.91,Biryani,903.66,Cash
11096,55,Male,Chennai,2026-05-21,VIP,18.13,Pizza,1449.57,Credit Card
11097,30,Female,Hyderabad,2025-08-15,Regular,7.59,Chinese,424.81,Credit Card
11098,48,Female,Pune,2025-03-28,Regular,5.68,Chinese,365.69,UPI
11099,64,Female,Delhi,2025-01-17,Regular,8.55,Biryani,497.12,UPI
11100,53,Male,Bangalore,2026-02-20,Regular,5.18,Biryani,581.35,Cash
11101,62,Male,Chennai,2026-03-12,Regular,8.72,Biryani,617.64,UPI
11102,41,Male,Hyderabad,2024-02-17,New,1.28,Desserts,332.58,UPI
11103,32,Male,Delhi,2024-11-12,VIP,16.57,Desserts,916.98,UPI
11104,46,Male,Chennai,2024-07-27,Regular,6.87,South Indian,603.28,Debit Card
11105,25,Female,Mumbai,2025-06-30,Regular,8.88,Biryani,320.65,UPI
11106,22,Female,Delhi,2024-04-28,Regular,6.31,Desserts,360.44,Wallet
11107,46,Male,Chennai,2025-07-30,Regular,4.17,Pizza,552.27,UPI
11108,64,Female,Delhi,2024-11-10,Regular,7.32,Chinese,688.66,Wallet
11109,21,Male,Bangalore,2026-01-23,Regular,8.08,Chinese,419.26,Cash
11110,29,Male,Bangalore,2024-02-05,Regular,8.44,Desserts,353.41,Debit Card
11111,62,Male,Bangalore,2025-04-07,Regular,6.41,Biryani,641.11,Credit Card
11112,19,Female,Pune,2026-02-02,VIP,15.07,Burgers,776.96,UPI
11113,44,Male,Mumbai,2026-07-03,New,2.33,Desserts,356.14,Wallet
11114,48,Male,Bangalore,2026-01-24,Regular,5.98,Indian,265.41,Debit Card
11115,53,Male,Mumbai,2025-07-07,New,3.27,Biryani,246.83,UPI
11116,53,Female,Bangalore,2025-08-03,VIP,10.91,South Indian,838.97,Credit Card
11117,43,Male,Pune,2025-02-06,New,1.79,Indian,350.27,UPI
11118,60,Female,Delhi,2024-04-16,Regular,5.86,Indian,314.1,Debit Card
11119,44,Female,Chennai,2024-02-08,New,2.67,Biryani,319.2,UPI
11120,22,Female,Chennai,2025-08-03,Regular,7.08,South Indian,307.93,Debit Card
11121,37,Female,Bangalore,2024-06-28,VIP,12.19,Desserts,948.41,Debit Card
11122,28,Male,Chennai,2024-01-12,New,1.17,Pizza,269.57,UPI
11123,27,Male,Bangalore,2024-12-04,Regular,6.63,Biryani,588.51,Wallet
11124,57,Female,Bangalore,2026-07-31,New,1.29,Chinese,301.8,Debit Card
11125,55,Male,Hyderabad,2025-12-16,Regular,4.93,South Indian,279.74,Credit Card
11126,23,Female,Hyderabad,2025-07-01,Regular,8.03,Chinese,336.67,Wallet
11127,25,Female,Hyderabad,2024-05-05,Regular,4.15,Desserts,651.69,Wallet
11128,40,Female,Mumbai,2024-03-03,Regular,6.7,Desserts,437.03,Debit Card
11129,64,Female,Hyderabad,2026-04-23,Regular,7.3,Desserts,464.53,UPI
11130,43,Other,Bangalore,2024-03-22,New,3.19,Biryani,228.81,Credit Card
11131,63,Female,Pune,2026-03-29,Regular,8.5,Desserts,697.7,Wallet
11132,60,Male,Pune,2024-10-25,New,2.25,Biryani,373.16,Credit Card
11133,29,Female,Delhi,2024-02-03,Regular,9.83,Burgers,250.91,Credit Card
11134,43,Male,Hyderabad,2026-01-21,Regular,7.05,Indian,497.83,Cash
11135,30,Male,Pune,2025-08-31,New,3.36,Burgers,227.72,UPI
11136,57,Female,Hyderabad,2024-02-18,New,2.38,Desserts,169.01,UPI
11137,35,Male,Delhi,2025-10-19,New,1.06,Indian,289.03,Wallet
11138,42,Male,Pune,2025-09-28,VIP,10.0,Desserts,1362.92,UPI
11139,50,Male,Bangalore,2025-12-01,Regular,8.14,Desserts,262.97,UPI
11140,64,Female,Mumbai,2024-02-26,Regular,5.87,Pizza,605.63,Wallet
11141,57,Female,Hyderabad,2026-05-10,Regular,7.24,South Indian,455.55,Debit Card
11142,60,Female,Pune,2024-04-18,New,1.57,Pizza,225.22,Credit Card
11143,29,Male,Pune,2025-05-31,Regular,7.73,Indian,365.06,Debit Card
11144,61,Female,Delhi,2024-01-24,Regular,6.69,Biryani,602.85,UPI
11145,53,Female,Bangalore,2024-08-08,Regular,6.89,Desserts,607.19,Credit Card
11146,21,Male,Chennai,2024-11-10,VIP,11.01,Burgers,1299.28,Credit Card
11147,22,Male,Pune,2024-10-20,Regular,8.24,Desserts,657.08,UPI
11148,54,Male,Mumbai,2026-07-17,New,2.77,Indian,233.97,Debit Card
11149,25,Other,Delhi,2024-01-10,Regular,7.02,Desserts,603.98,UPI
11150,59,Female,Pune,2025-11-07,Regular,6.8,Biryani,501.36,UPI
11151,45,Female,Pune,2025-04-25,VIP,18.93,Pizza,643.52,UPI
11152,48,Male,Delhi,2025-12-27,Regular,9.0,Biryani,309.54,UPI
11153,26,Female,Delhi,2025-09-29,Regular,5.7,Biryani,385.45,Wallet
11154,46,Female,Hyderabad,2024-09-23,Regular,8.93,Pizza,635.34,UPI
11155,31,Female,Pune,2026-03-02,Regular,5.08,Burgers,604.43,UPI
11156,57,Other,Chennai,2024-03-28,Regular,8.58,Desserts,540.31,UPI
11157,58,Male,Mumbai,2025-03-30,VIP,19.31,Biryani,594.6,Credit Card
11158,39,Male,Bangalore,2025-09-17,Regular,5.79,Burgers,679.67,UPI
11159,28,Female,Bangalore,2025-06-16,New,2.17,Biryani,196.33,UPI
11160,40,Female,Chennai,2024-05-27,VIP,15.65,Biryani,1144.99,Debit Card
11161,18,Female,Delhi,2026-01-26,New,1.73,Pizza,356.22,Debit Card
11162,63,Male,Delhi,2026-02-16,New,2.72,Indian,231.35,Wallet
11163,54,Female,Delhi,2025-12-29,Regular,6.78,Desserts,543.49,Wallet
11164,38,Male,Pune,2025-03-06,New,3.0,Indian,358.48,UPI
11165,43,Male,Delhi,2026-01-21,VIP,9.77,South Indian,1461.48,Debit Card
11166,63,Female,Delhi,2026-07-31,Regular,4.91,Pizza,575.41,Credit Card
11167,53,Female,Pune,2026-06-29,Regular,4.12,South Indian,319.79,UPI
11168,40,Male,Pune,2026-07-28,New,3.54,Biryani,272.31,UPI
11169,18,Male,Chennai,2026-01-13,New,2.9,Pizza,182.01,UPI
11170,57,Male,Hyderabad,2026-01-13,Regular,6.24,South Indian,439.55,UPI
11171,32,Male,Pune,2024-08-29,Regular,4.94,Chinese,284.75,UPI
11172,38,Female,Mumbai,2025-12-02,Regular,4.54,Indian,589.71,Cash
11173,64,Female,Delhi,2026-06-20,New,3.22,Indian,283.88,Wallet
11174,26,Male,Hyderabad,2026-01-10,Regular,9.86,Chinese,627.06,UPI
11175,26,Female,Bangalore,2024-03-06,New,2.88,Burgers,260.94,UPI
11176,27,Female,Chennai,2025-01-12,Regular,6.19,Chinese,437.46,UPI
11177,43,Female,Hyderabad,2025-01-22,Regular,7.01,Desserts,639.92,UPI
11178,58,Male,Pune,2026-03-01,New,2.7,Indian,318.76,Credit Card
11179,52,Female,Delhi,2026-02-19,Regular,7.11,Desserts,369.05,Debit Card
11180,42,Male,Delhi,2024-07-27,New,1.86,Pizza,235.33,UPI
11181,43,Male,Delhi,2025-02-18,Regular,4.1,South Indian,421.71,UPI
11182,28,Male,Hyderabad,2024-01-16,Regular,8.33,Indian,694.03,Cash
11183,55,Female,Delhi,2024-10-23,New,3.38,Desserts,278.47,UPI
11184,19,Male,Pune,2024-08-07,VIP,8.23,Chinese,662.78,UPI
11185,24,Male,Hyderabad,2026-02-07,Regular,7.42,Pizza,543.35,UPI
11186,35,Male,Delhi,2025-01-01,VIP,19.74,Indian,1199.39,UPI
11187,44,Female,Bangalore,2026-02-18,New,2.31,Chinese,170.07,Wallet
11188,51,Female,Bangalore,2024-08-16,VIP,17.2,Desserts,1132.59,Debit Card
11189,44,Male,Mumbai,2025-09-22,New,1.59,Indian,241.12,UPI
11190,34,Female,Delhi,2025-03-15,Regular,9.96,Chinese,475.78,UPI
11191,60,Female,Delhi,2025-11-20,VIP,13.78,Biryani,1100.86,Wallet
11192,61,Female,Hyderabad,2025-06-15,New,2.73,Chinese,182.57,UPI
11193,41,Male,Hyderabad,2025-03-25,New,1.89,Indian,379.08,UPI
11194,42,Female,Delhi,2024-02-05,Regular,8.77,Pizza,420.48,Wallet
11195,24,Female,Mumbai,2026-04-26,Regular,6.57,Indian,568.68,Wallet
11196,23,Female,Delhi,2025-02-25,Regular,4.41,Indian,608.01,Debit Card
11197,41,Male,Pune,2026-07-06,New,1.93,Biryani,280.48,Credit Card
11198,50,Female,Hyderabad,2025-09-11,Regular,8.59,Pizza,432.22,UPI
11199,46,Female,Delhi,2024-07-07,New,2.55,Biryani,258.99,Wallet
11200,60,Female,Hyderabad,2024-06-26,VIP,17.42,Indian,680.5,Credit Card
11201,39,Male,Delhi,2025-08-30,Regular,5.65,Biryani,405.9,UPI
11202,43,Male,Chennai,2024-11-10,Regular,9.15,South Indian,266.05,UPI
11203,45,Female,Hyderabad,2024-01-20,New,1.88,South Indian,249.13,UPI
11204,38,Female,Mumbai,2025-11-06,VIP,14.29,South Indian,1341.41,UPI
11205,24,Male,Chennai,2025-01-16,Regular,4.28,Chinese,294.93,UPI
11206,34,Female,Pune,2025-08-31,VIP,16.04,Burgers,973.28,UPI
11207,37,Male,Delhi,2024-05-22,New,2.34,Desserts,197.89,UPI
11208,58,Female,Pune,2024-03-02,Regular,4.22,Biryani,385.69,UPI
11209,37,Female,Hyderabad,2024-08-29,Regular,5.09,Indian,258.02,UPI
11210,39,Female,Chennai,2024-08-25,New,1.53,Burgers,161.62,UPI
11211,45,Female,Pune,2024-05-10,Regular,7.93,Biryani,512.98,UPI
11212,57,Male,Mumbai,2025-08-27,New,2.67,South Indian,240.67,UPI
11213,24,Female,Hyderabad,2025-08-25,Regular,6.75,Desserts,639.36,UPI
11214,18,Male,Chennai,2025-10-06,Regular,8.61,Pizza,364.11,Credit Card
11215,49,Female,Pune,2024-05-02,Regular,6.74,South Indian,352.35,UPI
11216,30,Female,Chennai,2025-03-15,Regular,6.09,Desserts,652.59,UPI
11217,47,Female,Chennai,2026-07-15,Regular,9.77,Indian,330.76,Wallet
11218,40,Male,Pune,2024-12-07,New,2.57,Burgers,319.75,Credit Card
11219,36,Female,Bangalore,2025-02-22,Regular,5.83,Burgers,611.34,Debit Card
11220,49,Male,Delhi,2025-09-21,VIP,9.93,Biryani,594.97,Debit Card
11221,47,Male,Hyderabad,2025-03-30,Regular,8.7,Chinese,265.48,UPI
11222,46,Female,Hyderabad,2024-07-16,New,3.19,Pizza,386.26,Credit Card
11223,62,Male,Hyderabad,2024-10-08,Regular,4.28,Desserts,299.29,Credit Card
11224,46,Female,Chennai,2026-06-04,Regular,8.25,South Indian,650.86,UPI
11225,47,Male,Pune,2024-01-01,Regular,8.32,Desserts,431.82,Debit Card
11226,33,Male,Delhi,2025-12-23,Regular,5.28,Desserts,264.64,Debit Card
11227,57,Female,Mumbai,2026-02-13,New,2.67,Pizza,268.75,UPI
11228,36,Female,Hyderabad,2026-07-20,Regular,8.5,Indian,343.6,UPI
11229,35,Male,Pune,2024-11-27,Regular,5.5,Chinese,355.81,UPI
11230,18,Female,Delhi,2024-07-30,New,3.54,South Indian,165.39,UPI
11231,31,Female,Delhi,2024-03-27,New,3.45,Indian,290.04,UPI
11232,64,Female,Bangalore,2025-10-26,Regular,4.19,Pizza,250.28,UPI
11233,19,Male,Pune,2026-05-11,Regular,5.5,Chinese,447.54,UPI
11234,45,Female,Hyderabad,2025-11-29,Regular,6.01,South Indian,289.09,Wallet
11235,47,Female,Chennai,2024-03-01,VIP,14.18,Pizza,1309.29,Debit Card
11236,55,Female,Delhi,2026-03-07,New,2.06,South Indian,164.87,Credit Card
11237,21,Male,Delhi,2024-04-04,VIP,10.94,Desserts,1468.11,UPI
11238,18,Female,Mumbai,2026-02-24,Regular,6.81,Chinese,457.44,UPI
11239,25,Female,Bangalore,2025-07-06,Regular,9.74,Chinese,506.76,Debit Card
11240,46,Female,Delhi,2024-05-26,VIP,12.78,Pizza,964.93,UPI
11241,56,Male,Delhi,2024-09-02,Regular,5.86,South Indian,594.48,UPI
11242,20,Female,Chennai,2025-10-05,Regular,5.96,Burgers,416.97,Wallet
11243,49,Female,Chennai,2024-10-23,VIP,10.44,Indian,963.7,UPI
11244,27,Male,Mumbai,2024-05-02,Regular,9.51,Chinese,510.56,UPI
11245,27,Male,Pune,2025-10-16,Regular,4.06,South Indian,641.16,Cash
11246,36,Female,Mumbai,2025-11-24,VIP,10.29,Pizza,1165.24,UPI
11247,63,Male,Mumbai,2025-12-04,Regular,9.1,Desserts,333.53,Debit Card
11248,51,Other,Chennai,2025-03-31,Regular,6.46,Pizza,620.17,Wallet
11249,50,Female,Pune,2025-02-02,Regular,8.32,Chinese,602.37,UPI
11250,40,Female,Chennai,2025-12-19,Regular,8.15,Biryani,687.56,Wallet
11251,45,Male,Bangalore,2024-08-18,New,2.95,Chinese,213.92,UPI
11252,49,Male,Hyderabad,2025-06-17,Regular,6.7,Desserts,516.05,Wallet
11253,24,Female,Hyderabad,2025-02-05,New,1.15,Biryani,354.1,UPI
11254,46,Male,Bangalore,2025-08-14,Regular,8.29,Burgers,551.89,Cash
11255,25,Female,Hyderabad,2024-05-09,VIP,19.59,Pizza,1386.37,Credit Card
11256,18,Male,Pune,2024-10-18,Regular,8.56,South Indian,489.52,Credit Card
11257,20,Male,Chennai,2024-10-02,New,2.58,Biryani,238.64,Wallet
11258,41,Male,Hyderabad,2026-06-30,New,1.03,Indian,332.74,UPI
11259,40,Female,Pune,2026-04-14,Regular,6.98,Indian,384.54,UPI
11260,25,Other,Chennai,2025-01-10,VIP,16.32,Burgers,1400.57,UPI
11261,64,Male,Pune,2026-07-14,Regular,6.24,Biryani,267.37,UPI
11262,54,Male,Bangalore,2024-02-24,New,3.72,Biryani,284.25,Credit Card
11263,20,Male,Mumbai,2025-07-31,Regular,8.04,South Indian,327.83,Wallet
11264,50,Female,Bangalore,2026-01-08,Regular,7.48,Indian,455.84,Credit Card
11265,45,Male,Hyderabad,2024-01-26,Regular,9.17,Indian,457.37,UPI
11266,64,Female,Chennai,2025-03-16,Regular,4.61,Desserts,594.35,Debit Card
11267,25,Female,Pune,2026-02-03,Regular,5.81,South Indian,476.03,UPI
11268,51,Female,Hyderabad,2024-07-15,Regular,6.97,Desserts,458.39,Debit Card
11269,52,Male,Hyderabad,2025-10-03,Regular,9.75,Biryani,354.23,UPI
11270,49,Other,Mumbai,2024-08-30,New,1.31,South Indian,390.53,UPI
11271,41,Male,Hyderabad,2026-04-03,VIP,17.47,Chinese,954.57,Credit Card
11272,31,Male,Mumbai,2025-12-24,Regular,9.56,Indian,692.03,UPI
11273,49,Female,Chennai,2024-07-08,New,1.51,Biryani,342.27,UPI
11274,63,Female,Chennai,2026-03-12,VIP,14.64,Indian,810.63,Credit Card
11275,60,Male,Pune,2026-01-07,Regular,5.85,Desserts,409.45,UPI
11276,33,Male,Mumbai,2026-01-27,New,3.04,Burgers,260.84,Credit Card
11277,21,Female,Bangalore,2025-07-21,Regular,7.03,Chinese,324.94,Cash
11278,54,Male,Chennai,2025-07-20,VIP,8.82,Chinese,1489.81,Credit Card
11279,38,Female,Pune,2024-10-02,Regular,5.43,Indian,499.49,Credit Card
11280,31,Female,Bangalore,2026-03-28,New,3.02,Pizza,348.58,UPI
11281,48,Male,Chennai,2025-02-12,Regular,5.97,Pizza,554.18,Credit Card
11282,35,Male,Chennai,2024-12-05,Regular,6.06,Desserts,629.92,UPI
11283,24,Male,Pune,2024-06-01,Regular,7.82,South Indian,507.55,Credit Card
11284,27,Female,Pune,2025-07-18,New,3.12,Chinese,320.77,UPI
11285,24,Female,Delhi,2025-02-01,Regular,5.35,Indian,304.63,UPI
11286,50,Male,Hyderabad,2025-03-19,New,1.38,Desserts,367.61,Credit Card
11287,40,Female,Hyderabad,2025-09-14,Regular,8.67,Desserts,579.31,Debit Card
11288,38,Other,Bangalore,2025-03-02,VIP,12.57,Biryani,1214.31,UPI
11289,36,Male,Hyderabad,2025-05-01,New,2.05,Indian,300.43,UPI
11290,36,Female,Bangalore,2024-07-22,Regular,8.17,Indian,295.9,Credit Card
11291,53,Male,Chennai,2024-04-21,Regular,8.07,Desserts,343.16,Debit Card
11292,46,Male,Delhi,2024-11-20,Regular,6.85,Biryani,616.83,UPI
11293,35,Male,Delhi,2024-09-14,Regular,8.48,Biryani,465.93,UPI
11294,19,Male,Chennai,2025-06-11,Regular,4.08,Burgers,683.27,UPI
11295,18,Male,Pune,2024-12-15,VIP,10.94,Pizza,632.48,UPI
11296,64,Male,Mumbai,2026-07-27,Regular,8.07,Burgers,610.32,Credit Card
11297,22,Female,Mumbai,2025-11-08,Regular,9.92,Indian,366.18,UPI
11298,37,Female,Hyderabad,2026-03-23,Regular,4.02,Indian,354.0,Credit Card
11299,28,Female,Pune,2026-06-12,VIP,12.04,Chinese,852.43,Wallet
11300,59,Male,Bangalore,2025-03-10,New,3.03,Chinese,399.33,Debit Card
11301,19,Male,Delhi,2025-03-01,New,1.85,Pizza,315.87,Debit Card
11302,20,Male,Hyderabad,2024-10-06,Regular,4.14,Biryani,567.9,Credit Card
11303,40,Female,Chennai,2025-01-05,Regular,7.18,South Indian,681.56,Wallet
11304,29,Female,Pune,2025-10-31,VIP,15.17,Indian,1344.15,UPI
11305,37,Male,Delhi,2026-07-21,New,3.45,Chinese,174.81,UPI
11306,22,Male,Bangalore,2024-09-05,Regular,5.85,Pizza,326.03,Credit Card
11307,54,Female,Bangalore,2026-06-09,Regular,8.59,Burgers,328.72,Wallet
11308,55,Male,Mumbai,2024-06-29,Regular,9.67,Indian,471.59,UPI
11309,47,Male,Hyderabad,2025-12-03,Regular,9.86,South Indian,678.38,UPI
11310,26,Female,Chennai,2025-10-12,New,3.54,Pizza,288.69,Cash
11311,51,Female,Delhi,2024-03-18,New,1.35,Biryani,376.97,UPI
11312,61,Male,Bangalore,2026-07-07,VIP,19.72,South Indian,986.25,UPI
11313,52,Male,Delhi,2026-06-03,Regular,7.75,Indian,514.97,UPI
11314,39,Other,Chennai,2024-12-01,New,2.03,Pizza,379.63,Credit Card
11315,61,Male,Delhi,2024-02-19,Regular,4.06,Biryani,303.71,Wallet
11316,41,Male,Hyderabad,2024-03-25,VIP,17.73,Desserts,1018.43,UPI
11317,34,Male,Mumbai,2025-11-25,Regular,9.44,Desserts,679.62,Credit Card
11318,27,Male,Delhi,2025-11-25,Regular,9.39,Chinese,678.15,UPI
11319,47,Male,Pune,2024-01-04,Regular,5.22,South Indian,501.74,Credit Card
11320,63,Female,Mumbai,2024-11-12,Regular,6.29,Burgers,535.87,UPI
11321,40,Male,Chennai,2024-04-20,New,2.96,Burgers,191.25,UPI
11322,49,Male,Mumbai,2024-11-29,New,1.61,Desserts,207.89,Wallet
11323,34,Female,Delhi,2026-04-30,Regular,7.19,South Indian,273.62,UPI
11324,34,Female,Delhi,2026-02-01,Regular,9.81,Indian,349.31,Debit Card
11325,31,Female,Pune,2024-05-12,Regular,8.79,Indian,252.65,Wallet
11326,26,Female,Bangalore,2025-09-03,New,3.71,Indian,380.21,UPI
11327,57,Male,Pune,2026-07-02,New,3.72,Desserts,379.28,UPI
11328,19,Female,Delhi,2025-11-14,New,1.41,Burgers,207.5,UPI
11329,62,Male,Mumbai,2026-03-09,New,1.44,Burgers,225.54,UPI
11330,42,Other,Pune,2024-04-28,Regular,5.52,Chinese,585.19,Debit Card
11331,56,Female,Pune,2024-12-15,Regular,5.38,Indian,368.24,UPI
11332,26,Other,Bangalore,2026-07-05,Regular,9.19,Burgers,484.15,Cash
11333,39,Female,Delhi,2025-11-17,Regular,4.51,Burgers,581.46,Wallet
11334,60,Male,Delhi,2025-06-25,New,3.05,Indian,350.66,Wallet
11335,63,Female,Chennai,2024-02-24,Regular,8.92,Indian,289.85,UPI
11336,21,Other,Bangalore,2024-12-26,New,3.99,Burgers,179.94,UPI
11337,43,Female,Chennai,2025-12-08,New,2.29,Biryani,259.46,UPI
11338,46,Male,Chennai,2025-03-28,New,3.8,South Indian,307.63,Debit Card
11339,62,Female,Chennai,2025-07-06,VIP,13.49,Burgers,546.56,UPI
11340,51,Male,Hyderabad,2025-11-15,Regular,5.94,Chinese,283.57,Wallet
11341,40,Male,Chennai,2024-11-25,VIP,11.09,Pizza,1194.85,Credit Card
11342,54,Male,Pune,2024-08-06,Regular,7.92,Biryani,538.21,Credit Card
11343,28,Male,Mumbai,2024-07-26,Regular,9.88,Indian,365.52,Credit Card
11344,23,Female,Pune,2025-10-31,Regular,4.4,Desserts,684.04,Credit Card
11345,35,Male,Pune,2026-04-24,New,3.03,Chinese,161.8,UPI
11346,38,Female,Delhi,2026-01-09,New,1.31,South Indian,160.56,UPI
11347,59,Male,Hyderabad,2024-03-25,VIP,8.58,Desserts,1318.23,Credit Card
11348,53,Male,Chennai,2025-11-15,Regular,5.57,Pizza,408.88,Debit Card
11349,58,Male,Delhi,2024-09-01,New,1.72,Biryani,188.83,UPI
11350,55,Male,Bangalore,2026-05-21,New,3.37,Burgers,287.07,Wallet
11351,51,Male,Bangalore,2025-11-15,VIP,10.32,Indian,611.0,Wallet
11352,34,Male,Delhi,2024-11-30,VIP,14.52,Burgers,739.61,UPI
11353,54,Female,Mumbai,2024-07-30,Regular,4.04,Chinese,638.23,Credit Card
11354,42,Male,Delhi,2025-08-18,New,2.28,Desserts,356.88,UPI
11355,55,Male,Delhi,2025-11-15,Regular,8.84,Desserts,286.15,UPI
11356,29,Male,Hyderabad,2024-07-01,Regular,4.22,Indian,262.27,Wallet
11357,40,Female,Bangalore,2024-05-12,Regular,5.06,Burgers,299.5,Cash
11358,59,Female,Bangalore,2026-06-10,Regular,8.93,Desserts,251.89,Credit Card
11359,39,Female,Chennai,2026-03-10,Regular,4.52,Indian,397.13,Wallet
11360,38,Male,Pune,2026-02-12,Regular,9.65,Chinese,384.7,Credit Card
11361,44,Male,Delhi,2024-12-15,VIP,9.77,Burgers,848.0,Credit Card
11362,48,Female,Delhi,2024-10-08,Regular,9.32,Pizza,543.0,Credit Card
11363,23,Male,Mumbai,2024-10-19,Regular,8.43,Desserts,696.36,UPI
11364,44,Male,Bangalore,2024-09-25,New,3.61,South Indian,244.76,UPI
11365,57,Male,Mumbai,2026-05-10,New,1.21,Burgers,282.72,UPI
11366,51,Male,Hyderabad,2024-07-15,Regular,8.38,Indian,596.49,Credit Card
11367,29,Male,Chennai,2025-06-20,Regular,6.38,Biryani,671.59,Credit Card
11368,62,Female,Mumbai,2025-10-14,Regular,7.42,Burgers,657.86,Debit Card
11369,24,Male,Bangalore,2026-01-04,New,3.67,Indian,295.91,UPI
11370,27,Female,Hyderabad,2024-01-20,New,2.12,Desserts,392.7,UPI
11371,62,Male,Delhi,2026-01-28,Regular,5.95,Biryani,381.85,UPI
11372,34,Male,Hyderabad,2026-04-19,Regular,8.88,Chinese,287.6,UPI
11373,43,Female,Pune,2025-12-13,Regular,6.56,Biryani,469.52,Wallet
11374,38,Male,Mumbai,2025-02-08,Regular,5.87,South Indian,274.66,Debit Card
11375,45,Female,Bangalore,2024-04-24,Regular,6.6,Indian,699.31,UPI
11376,63,Female,Mumbai,2026-06-13,Regular,4.19,Burgers,411.24,Debit Card
11377,19,Male,Delhi,2025-12-01,Regular,9.34,Desserts,681.25,Credit Card
11378,60,Female,Delhi,2024-01-26,New,3.08,Biryani,310.42,Credit Card
11379,18,Male,Bangalore,2025-07-19,Regular,4.63,Chinese,435.08,Cash
11380,53,Female,Pune,2025-11-12,Regular,5.73,Biryani,303.24,Credit Card
11381,43,Male,Chennai,2025-01-29,New,2.65,Pizza,214.33,Wallet
11382,46,Female,Hyderabad,2026-07-21,VIP,14.42,Burgers,585.63,Wallet
11383,38,Male,Hyderabad,2025-01-15,Regular,5.75,South Indian,623.47,UPI
11384,28,Female,Delhi,2025-06-06,Regular,6.56,Chinese,690.75,UPI
11385,57,Female,Mumbai,2025-06-22,Regular,5.55,Burgers,309.47,UPI
11386,28,Female,Mumbai,2026-05-11,New,3.37,Indian,356.51,Debit Card
11387,53,Female,Pune,2024-03-23,New,3.66,Indian,329.2,Wallet
11388,56,Female,Chennai,2026-03-12,Regular,5.75,Indian,367.16,Debit Card
11389,57,Female,Mumbai,2025-07-03,New,2.15,Burgers,169.2,UPI
11390,52,Male,Hyderabad,2025-03-20,New,3.0,South Indian,277.29,Debit Card
11391,51,Male,Mumbai,2024-03-27,VIP,20.0,Indian,668.26,Debit Card
11392,64,Male,Chennai,2026-04-12,Regular,8.81,Burgers,450.88,UPI
11393,41,Male,Hyderabad,2025-01-21,New,2.52,Burgers,231.78,UPI
11394,39,Male,Mumbai,2025-10-29,Regular,8.25,Desserts,528.26,Credit Card
11395,22,Female,Hyderabad,2025-02-01,Regular,9.02,South Indian,476.05,Debit Card
11396,50,Male,Delhi,2026-03-30,Regular,9.78,Chinese,400.64,Credit Card
11397,53,Female,Delhi,2024-10-12,New,2.6,Chinese,273.22,UPI
11398,64,Male,Pune,2025-11-28,Regular,4.05,Burgers,375.99,UPI
11399,37,Male,Delhi,2025-11-24,New,2.31,Chinese,207.15,Debit Card
11400,36,Female,Mumbai,2025-01-03,Regular,5.59,Pizza,680.76,Cash
11401,52,Female,Chennai,2025-10-16,Regular,6.81,South Indian,578.03,Wallet
11402,60,Female,Hyderabad,2025-02-25,New,1.31,Burgers,291.87,Credit Card
11403,34,Female,Bangalore,2025-12-18,New,2.39,Chinese,187.19,Wallet
11404,62,Male,Delhi,2025-10-15,Regular,4.75,Biryani,614.16,UPI
11405,60,Female,Delhi,2025-11-27,Regular,9.03,Chinese,396.63,Wallet
11406,51,Male,Bangalore,2025-03-18,New,2.0,South Indian,398.87,Credit Card
11407,26,Male,Bangalore,2026-01-22,New,2.18,Biryani,240.44,Debit Card
11408,43,Male,Mumbai,2025-06-03,VIP,18.02,Indian,1114.89,UPI
11409,19,Male,Hyderabad,2025-08-06,New,1.91,Chinese,228.61,Wallet
11410,26,Male,Delhi,2026-07-03,VIP,14.23,Biryani,1469.7,Credit Card
11411,26,Female,Chennai,2024-10-14,New,3.83,South Indian,311.13,UPI
11412,57,Female,Mumbai,2024-04-04,New,3.74,Biryani,274.04,UPI
11413,34,Male,Mumbai,2025-10-30,Regular,6.43,Desserts,438.72,UPI
11414,18,Male,Chennai,2024-02-10,New,2.52,Indian,325.33,UPI
11415,42,Male,Chennai,2024-11-26,New,3.48,Biryani,212.83,UPI
11416,60,Male,Pune,2026-03-23,New,3.51,Desserts,346.06,Credit Card
11417,57,Female,Chennai,2026-02-19,VIP,9.55,Burgers,837.04,Wallet
11418,59,Male,Bangalore,2024-06-03,Regular,5.81,Desserts,456.41,Cash
11419,42,Female,Delhi,2025-05-18,Regular,8.99,Indian,412.82,UPI
11420,56,Male,Pune,2024-10-01,Regular,7.99,Chinese,256.26,UPI
11421,52,Other,Bangalore,2025-10-27,Regular,9.17,Burgers,510.55,UPI
11422,20,Male,Pune,2025-07-18,Regular,9.86,Burgers,315.17,UPI
11423,54,Female,Delhi,2024-06-27,Regular,9.23,Indian,344.95,Wallet
11424,61,Male,Pune,2026-07-21,New,3.31,Burgers,280.3,Credit Card
11425,61,Female,Bangalore,2026-01-21,New,2.55,Desserts,239.06,Credit Card
11426,47,Male,Hyderabad,2024-05-16,New,2.17,Desserts,370.72,UPI
11427,55,Male,Delhi,2026-02-05,New,2.78,Indian,180.68,Debit Card
11428,51,Female,Mumbai,2026-01-05,New,2.55,Indian,268.38,Cash
11429,29,Female,Delhi,2024-06-28,VIP,14.9,Biryani,917.85,Credit Card
11430,36,Female,Delhi,2024-06-30,VIP,10.58,Desserts,1153.03,Cash
11431,54,Female,Delhi,2024-09-15,New,3.51,Indian,312.97,UPI
11432,61,Female,Hyderabad,2024-08-30,New,3.44,Desserts,276.45,UPI
11433,34,Male,Bangalore,2024-04-05,New,1.21,South Indian,214.2,Cash
11434,27,Male,Mumbai,2024-07-15,New,1.26,Chinese,364.24,Debit Card
11435,64,Male,Bangalore,2026-06-22,New,2.98,Burgers,314.38,UPI
11436,29,Female,Pune,2025-06-09,VIP,15.78,Pizza,757.27,UPI
11437,33,Male,Pune,2025-09-23,New,2.97,Biryani,219.01,Credit Card
11438,41,Male,Pune,2025-01-21,New,1.43,Chinese,309.26,Debit Card
11439,36,Female,Bangalore,2025-02-11,New,2.19,Pizza,328.54,Wallet
11440,25,Female,Chennai,2024-09-25,VIP,15.83,Indian,947.67,UPI
11441,48,Male,Hyderabad,2024-06-19,VIP,17.44,Burgers,1259.75,Debit Card
11442,38,Male,Chennai,2026-07-13,Regular,7.51,Biryani,286.34,Credit Card
11443,34,Male,Pune,2025-08-06,Regular,4.29,Chinese,602.71,Credit Card
11444,40,Male,Hyderabad,2025-11-21,New,2.19,Pizza,303.39,Credit Card
11445,54,Male,Bangalore,2024-06-18,New,3.7,Pizza,283.46,Credit Card
11446,33,Female,Pune,2024-06-07,Regular,6.22,Pizza,610.47,UPI
11447,23,Female,Bangalore,2025-05-23,Regular,6.47,Chinese,358.78,Credit Card
11448,25,Female,Hyderabad,2025-03-22,New,2.36,South Indian,321.2,UPI
11449,42,Male,Bangalore,2025-10-27,Regular,4.08,Indian,562.02,UPI
11450,35,Female,Bangalore,2026-07-02,Regular,7.38,Burgers,269.86,UPI
11451,42,Male,Mumbai,2024-03-22,New,1.28,Pizza,233.28,UPI
11452,29,Male,Chennai,2024-02-26,Regular,9.48,Biryani,250.65,Credit Card
11453,32,Female,Chennai,2025-06-02,Regular,7.51,Chinese,499.48,UPI
11454,43,Male,Chennai,2024-04-21,New,3.92,Biryani,359.59,UPI
11455,58,Male,Delhi,2024-02-17,Regular,4.59,Pizza,661.97,Cash
11456,62,Female,Mumbai,2025-08-14,VIP,17.23,Chinese,971.54,UPI
11457,43,Male,Pune,2026-06-05,New,1.42,Biryani,271.99,UPI
11458,64,Female,Pune,2025-01-10,Regular,4.1,South Indian,409.54,Debit Card
11459,49,Male,Pune,2026-04-07,New,2.69,Pizza,236.68,UPI
11460,27,Female,Chennai,2024-02-02,Regular,7.53,Desserts,576.4,Credit Card
11461,33,Male,Chennai,2025-05-18,Regular,4.27,Pizza,517.42,UPI
11462,24,Male,Mumbai,2025-09-18,Regular,5.44,Burgers,501.58,UPI
11463,34,Female,Bangalore,2026-06-14,New,1.94,Chinese,202.27,Wallet
11464,40,Male,Chennai,2024-01-03,VIP,8.8,Chinese,666.53,UPI
11465,43,Male,Pune,2025-04-30,Regular,8.68,South Indian,597.25,UPI
11466,38,Male,Bangalore,2025-05-30,Regular,9.52,Pizza,307.39,UPI
11467,39,Male,Chennai,2026-05-17,Regular,9.77,Burgers,686.42,UPI
11468,24,Male,Hyderabad,2026-02-10,New,3.18,Biryani,193.98,UPI
11469,31,Male,Delhi,2024-02-11,Regular,9.14,Indian,451.48,UPI
11470,32,Female,Chennai,2024-01-09,Regular,7.66,Burgers,260.22,Credit Card
11471,24,Male,Hyderabad,2026-03-29,Regular,6.75,Biryani,497.66,Debit Card
11472,26,Female,Mumbai,2025-10-18,New,2.94,Burgers,362.59,Credit Card
11473,25,Male,Hyderabad,2026-07-01,Regular,5.35,Biryani,362.39,Credit Card
11474,40,Male,Mumbai,2025-08-31,Regular,4.66,Burgers,693.49,Wallet
11475,46,Female,Chennai,2026-02-26,VIP,10.98,Desserts,704.33,Cash
11476,35,Male,Mumbai,2024-05-21,New,1.37,Burgers,157.5,Credit Card
11477,48,Other,Hyderabad,2026-02-28,Regular,7.46,Pizza,458.4,Wallet
11478,47,Male,Delhi,2025-03-11,Regular,6.9,Burgers,302.27,Credit Card
11479,56,Female,Bangalore,2024-01-27,VIP,8.57,Biryani,721.82,Debit Card
11480,52,Female,Bangalore,2024-02-12,Regular,6.87,Biryani,401.38,Credit Card
11481,35,Female,Delhi,2024-05-10,VIP,12.48,Chinese,537.0,Wallet
11482,59,Female,Pune,2024-08-03,VIP,8.61,Biryani,926.38,UPI
11483,56,Female,Bangalore,2025-08-28,New,3.44,Chinese,383.78,Debit Card
11484,34,Male,Chennai,2025-06-03,Regular,4.49,Desserts,523.48,Credit Card
11485,31,Male,Pune,2025-08-20,Regular,8.59,Desserts,266.94,Wallet
11486,48,Female,Chennai,2024-12-10,New,1.21,Biryani,160.63,Cash
11487,41,Male,Hyderabad,2025-05-22,New,3.71,Burgers,362.85,UPI
11488,52,Male,Hyderabad,2025-10-11,New,1.49,Biryani,350.93,Credit Card
11489,61,Female,Pune,2026-05-30,Regular,8.28,Desserts,494.79,UPI
11490,62,Male,Pune,2025-02-16,Regular,4.37,Chinese,389.65,UPI
11491,51,Female,Pune,2026-07-24,VIP,12.76,Desserts,515.89,Wallet
11492,20,Female,Pune,2024-09-02,Regular,6.27,Pizza,533.94,Credit Card
11493,54,Female,Mumbai,2025-03-24,Regular,8.16,Desserts,359.88,UPI
11494,60,Female,Pune,2024-01-21,New,3.13,Desserts,179.63,Debit Card
11495,57,Male,Pune,2025-02-11,Regular,6.6,Indian,268.32,Credit Card
11496,43,Male,Hyderabad,2025-04-01,Regular,9.88,Burgers,290.85,UPI
11497,40,Male,Chennai,2025-03-19,New,2.44,Biryani,175.04,UPI
11498,61,Male,Hyderabad,2026-07-10,Regular,9.09,Chinese,634.75,Credit Card
11499,56,Female,Bangalore,2024-09-21,Regular,8.95,Chinese,320.53,UPI
11500,32,Female,Mumbai,2025-10-21,New,3.78,Desserts,367.44,UPI
11501,21,Male,Mumbai,2024-07-02,Regular,9.49,Pizza,409.41,UPI
11502,46,Male,Chennai,2024-08-14,New,3.92,Desserts,160.07,Wallet
11503,39,Other,Pune,2026-03-14,Regular,8.09,Biryani,332.21,UPI
11504,42,Male,Hyderabad,2025-07-01,Regular,7.71,Pizza,678.99,Wallet
11505,30,Female,Bangalore,2024-09-02,New,3.68,Indian,399.29,Credit Card
11506,35,Male,Hyderabad,2024-03-13,Regular,5.68,Biryani,679.78,UPI
11507,50,Female,Pune,2024-05-29,Regular,6.05,South Indian,374.82,Credit Card
11508,33,Female,Pune,2025-05-27,Regular,5.31,South Indian,514.47,UPI
11509,62,Female,Delhi,2024-03-09,New,3.51,Biryani,246.98,Wallet
11510,59,Female,Hyderabad,2026-03-15,New,1.39,South Indian,333.54,Wallet
11511,61,Male,Chennai,2024-08-17,New,1.8,Indian,235.28,UPI
11512,19,Male,Hyderabad,2025-12-23,VIP,16.28,Burgers,565.0,Debit Card
11513,52,Female,Mumbai,2024-03-12,New,3.95,Desserts,336.78,UPI
11514,59,Male,Bangalore,2026-05-24,Regular,8.54,South Indian,303.89,UPI
11515,51,Female,Chennai,2025-08-30,VIP,9.4,Desserts,1223.83,UPI
11516,47,Female,Delhi,2025-01-31,Regular,8.95,South Indian,391.55,Debit Card
11517,30,Female,Bangalore,2024-03-24,Regular,8.68,Biryani,645.5,UPI
11518,30,Female,Bangalore,2026-01-09,VIP,16.44,Chinese,884.48,Credit Card
11519,35,Female,Mumbai,2024-10-25,Regular,5.53,Chinese,350.58,Wallet
11520,49,Female,Mumbai,2026-01-17,Regular,4.62,Burgers,265.24,Debit Card
11521,49,Male,Mumbai,2024-10-19,New,2.92,Biryani,312.11,Wallet
11522,52,Male,Chennai,2026-01-03,New,3.63,Pizza,366.87,UPI
11523,56,Male,Hyderabad,2024-08-10,Regular,9.88,Indian,313.59,Credit Card
11524,63,Female,Bangalore,2026-03-03,New,3.93,South Indian,314.9,Wallet
11525,46,Male,Hyderabad,2026-01-02,Regular,5.2,Biryani,585.29,UPI
11526,46,Female,Hyderabad,2024-08-03,New,2.02,Desserts,282.79,Debit Card
11527,61,Male,Mumbai,2024-08-18,New,1.44,Desserts,192.99,UPI
11528,33,Female,Hyderabad,2025-02-08,Regular,9.15,Biryani,320.15,Debit Card
11529,61,Male,Bangalore,2024-06-17,New,3.61,Indian,323.28,Debit Card
11530,64,Female,Bangalore,2024-11-24,Regular,9.78,Chinese,570.8,Wallet
11531,27,Female,Pune,2025-03-01,VIP,14.25,Indian,1182.23,Credit Card
11532,47,Male,Delhi,2025-07-07,Regular,9.33,Chinese,406.97,Wallet
11533,42,Male,Chennai,2026-02-08,Regular,5.04,Indian,337.3,UPI
11534,56,Female,Hyderabad,2024-07-14,VIP,8.94,Desserts,1313.5,UPI
11535,37,Female,Chennai,2026-06-22,New,2.86,Chinese,272.31,UPI
11536,22,Male,Chennai,2025-08-30,Regular,8.85,Indian,461.25,Credit Card
11537,18,Other,Chennai,2026-04-08,New,2.72,South Indian,235.13,Credit Card
11538,47,Female,Pune,2025-06-09,New,2.3,South Indian,193.22,Cash
11539,20,Female,Chennai,2025-09-16,VIP,13.68,Burgers,1457.07,UPI
11540,62,Male,Pune,2024-03-17,Regular,9.78,Indian,462.28,UPI
11541,31,Male,Bangalore,2024-10-03,Regular,4.84,Pizza,367.48,Cash
11542,47,Female,Hyderabad,2026-07-08,Regular,4.26,Burgers,671.34,UPI
11543,21,Female,Pune,2025-04-10,Regular,4.05,Indian,581.89,Credit Card
11544,35,Female,Delhi,2026-07-29,VIP,9.77,Pizza,628.72,UPI
11545,54,Male,Chennai,2025-03-23,Regular,4.34,South Indian,550.49,UPI
11546,42,Male,Delhi,2024-11-15,Regular,7.23,Desserts,489.73,UPI
11547,18,Male,Bangalore,2026-07-10,Regular,6.2,Desserts,316.42,UPI
11548,63,Male,Bangalore,2024-06-08,VIP,15.79,South Indian,761.27,Credit Card
11549,32,Male,Mumbai,2025-05-06,New,1.83,Desserts,386.43,Debit Card
11550,26,Male,Chennai,2024-11-08,Regular,4.33,Biryani,535.44,Wallet
11551,32,Other,Mumbai,2025-09-22,Regular,5.91,South Indian,270.34,UPI
11552,41,Male,Delhi,2024-06-09,New,1.04,Biryani,293.52,UPI
11553,21,Female,Hyderabad,2024-11-03,New,3.66,Desserts,390.1,Credit Card
11554,29,Female,Mumbai,2026-05-12,Regular,5.55,Pizza,456.74,UPI
11555,54,Female,Bangalore,2024-05-25,VIP,16.7,Chinese,528.36,Wallet
11556,54,Male,Chennai,2025-11-05,Regular,9.59,Indian,358.34,Credit Card
11557,60,Female,Delhi,2025-01-30,Regular,6.5,Burgers,534.25,Cash
11558,23,Female,Pune,2025-11-21,Regular,6.36,Biryani,276.54,UPI
11559,56,Female,Bangalore,2024-03-29,Regular,5.84,Burgers,445.42,UPI
11560,63,Female,Pune,2026-01-04,VIP,15.19,Desserts,1009.37,UPI
11561,41,Other,Hyderabad,2026-02-16,Regular,7.41,South Indian,388.66,UPI
11562,28,Female,Chennai,2026-01-20,New,3.39,Chinese,383.47,Debit Card
11563,30,Male,Hyderabad,2024-11-03,New,3.82,Biryani,361.19,Wallet
11564,51,Female,Hyderabad,2025-06-29,VIP,14.72,Indian,1386.83,UPI
11565,42,Male,Chennai,2025-01-05,VIP,19.85,Biryani,1190.29,UPI
11566,24,Female,Chennai,2025-03-26,New,3.51,Indian,283.97,UPI
11567,21,Male,Pune,2024-06-15,New,1.49,Burgers,221.04,Credit Card
11568,25,Male,Hyderabad,2025-01-26,Regular,9.74,Burgers,566.01,Credit Card
11569,37,Female,Delhi,2025-09-28,Regular,8.45,Burgers,668.97,Debit Card
11570,46,Female,Pune,2026-01-05,Regular,4.79,Indian,462.67,Debit Card
11571,62,Male,Chennai,2025-05-05,VIP,9.67,Biryani,711.31,Credit Card
11572,63,Male,Bangalore,2026-07-13,Regular,7.33,Burgers,488.83,Credit Card
11573,27,Female,Pune,2024-05-29,VIP,14.11,Indian,931.96,Wallet
11574,60,Male,Mumbai,2025-04-12,Regular,6.56,South Indian,658.82,UPI
11575,51,Female,Delhi,2025-12-01,Regular,7.87,Desserts,550.47,UPI
11576,43,Male,Pune,2024-02-12,Regular,5.7,Desserts,527.91,UPI
11577,58,Female,Chennai,2024-01-29,Regular,5.99,Desserts,666.91,UPI
11578,20,Female,Chennai,2026-05-23,New,2.81,Biryani,362.17,UPI
11579,23,Male,Delhi,2025-09-23,New,1.63,Biryani,267.32,UPI
11580,22,Male,Mumbai,2026-04-28,Regular,7.5,Biryani,587.05,UPI
11581,22,Male,Pune,2024-01-31,Regular,4.7,Chinese,510.98,Debit Card
11582,64,Female,Pune,2025-11-23,Regular,7.69,Burgers,457.45,Credit Card
11583,40,Female,Hyderabad,2025-11-04,New,3.69,Indian,291.94,UPI
11584,26,Female,Bangalore,2024-05-07,Regular,8.07,South Indian,632.62,Debit Card
11585,52,Male,Chennai,2026-02-05,New,2.88,Pizza,300.03,Debit Card
11586,37,Male,Pune,2024-10-20,Regular,7.41,South Indian,422.2,UPI
11587,59,Male,Pune,2025-03-16,Regular,7.68,Chinese,549.72,Cash
11588,52,Male,Pune,2026-05-18,Regular,8.14,South Indian,489.26,UPI
11589,35,Female,Mumbai,2025-01-22,Regular,8.54,Burgers,362.22,Debit Card
11590,34,Female,Bangalore,2026-02-04,Regular,4.82,Burgers,452.67,Cash
11591,41,Female,Pune,2025-10-03,Regular,9.79,Pizza,345.5,Debit Card
11592,20,Male,Delhi,2025-06-07,Regular,9.06,Biryani,475.19,Debit Card
11593,49,Female,Chennai,2025-06-30,New,1.64,Indian,337.01,Wallet
11594,52,Female,Hyderabad,2025-12-10,Regular,9.34,Desserts,266.49,UPI
11595,55,Female,Delhi,2026-01-29,Regular,6.29,South Indian,594.42,UPI
11596,30,Female,Chennai,2024-04-19,Regular,4.21,Pizza,259.0,Credit Card
11597,64,Male,Mumbai,2024-11-23,Regular,8.36,Desserts,482.77,Wallet
11598,42,Male,Bangalore,2025-02-08,VIP,10.69,Burgers,808.94,Credit Card
11599,26,Female,Bangalore,2024-09-01,New,2.85,Desserts,277.89,Cash
11600,21,Male,Chennai,2026-01-31,Regular,7.86,Biryani,592.46,UPI
11601,31,Male,Delhi,2026-05-27,VIP,9.14,Indian,609.15,Wallet
11602,54,Female,Hyderabad,2026-04-08,Regular,9.43,Indian,279.87,Wallet
11603,51,Female,Mumbai,2024-06-11,New,3.15,Chinese,242.88,UPI
11604,28,Female,Chennai,2025-07-13,VIP,12.28,Biryani,1384.82,Cash
11605,58,Male,Mumbai,2025-02-02,New,1.18,Burgers,150.85,UPI
11606,20,Male,Bangalore,2025-08-05,Regular,7.47,Indian,355.69,Cash
11607,45,Female,Pune,2025-02-02,Regular,9.51,Chinese,303.89,Wallet
11608,46,Other,Pune,2025-05-07,Regular,7.5,Chinese,382.81,UPI
11609,26,Female,Hyderabad,2025-10-07,Regular,9.52,Burgers,456.32,Credit Card
11610,20,Female,Mumbai,2024-08-26,New,1.53,Indian,332.52,Credit Card
11611,42,Female,Chennai,2025-04-09,New,2.16,Desserts,336.33,UPI
11612,51,Female,Hyderabad,2025-08-02,Regular,4.13,Biryani,413.11,UPI
11613,29,Male,Delhi,2026-02-28,New,1.8,Indian,386.73,UPI
11614,59,Female,Pune,2024-02-01,VIP,17.04,South Indian,1186.96,Credit Card
11615,26,Female,Chennai,2024-05-02,Regular,5.93,Indian,440.68,Credit Card
11616,32,Female,Mumbai,2025-06-17,New,2.44,Chinese,338.88,Wallet
11617,57,Female,Hyderabad,2025-10-28,Regular,5.01,Pizza,519.56,UPI
11618,42,Female,Chennai,2024-04-19,Regular,6.46,Burgers,521.29,Debit Card
11619,22,Male,Hyderabad,2024-09-27,New,3.42,Pizza,183.3,UPI
11620,28,Female,Hyderabad,2025-01-14,Regular,5.3,Indian,649.42,Debit Card
11621,51,Male,Hyderabad,2024-10-26,VIP,11.62,Biryani,863.89,Wallet
11622,41,Female,Mumbai,2025-09-18,Regular,7.54,Biryani,640.33,UPI
11623,32,Male,Chennai,2026-01-01,Regular,8.15,Desserts,276.74,UPI
11624,55,Male,Bangalore,2026-01-11,Regular,8.4,Desserts,393.16,Credit Card
11625,25,Male,Bangalore,2026-02-02,New,1.57,Chinese,175.96,UPI
11626,22,Female,Mumbai,2024-09-05,New,2.53,Pizza,365.76,UPI
11627,43,Male,Mumbai,2025-06-04,Regular,5.42,Burgers,451.88,UPI
11628,35,Male,Pune,2024-02-03,VIP,14.6,South Indian,1379.27,UPI
11629,23,Female,Hyderabad,2024-08-15,New,1.15,Pizza,256.37,Debit Card
11630,54,Male,Chennai,2025-08-07,Regular,7.56,Biryani,349.72,Wallet
11631,30,Female,Chennai,2025-02-02,VIP,18.04,South Indian,1308.71,Credit Card
11632,45,Female,Delhi,2026-03-23,New,2.89,Biryani,224.49,UPI
11633,22,Female,Delhi,2025-12-24,New,1.13,Desserts,175.24,UPI
11634,30,Male,Bangalore,2025-08-06,VIP,13.6,Desserts,708.86,Cash
11635,34,Female,Delhi,2025-07-23,Regular,7.71,Indian,257.24,Wallet
11636,57,Male,Delhi,2024-08-07,New,3.43,Indian,382.56,UPI
11637,62,Male,Bangalore,2025-01-05,Regular,6.79,Burgers,429.82,Wallet
11638,49,Male,Pune,2026-02-25,New,1.05,South Indian,330.77,Cash
11639,46,Female,Bangalore,2026-01-30,Regular,8.64,South Indian,416.5,UPI
11640,20,Male,Delhi,2025-06-11,Regular,5.36,Burgers,657.42,Debit Card
11641,57,Female,Chennai,2024-03-15,Regular,9.27,Desserts,480.06,Credit Card
11642,51,Female,Delhi,2025-09-09,Regular,4.4,Biryani,694.04,UPI
11643,57,Female,Hyderabad,2024-05-15,Regular,6.48,Pizza,492.98,UPI
11644,44,Male,Hyderabad,2026-07-17,New,2.15,Burgers,301.09,UPI
11645,30,Other,Hyderabad,2024-03-14,New,2.75,Desserts,310.81,Wallet
11646,62,Female,Pune,2024-09-10,Regular,4.24,Indian,380.47,Wallet
11647,50,Female,Mumbai,2024-01-18,Regular,4.91,South Indian,564.99,UPI
11648,23,Male,Hyderabad,2026-07-19,New,2.47,Chinese,222.8,Credit Card
11649,41,Female,Chennai,2024-02-12,Regular,7.49,Biryani,621.38,UPI
11650,36,Male,Pune,2024-02-19,Regular,8.77,Desserts,499.17,Credit Card
11651,33,Male,Mumbai,2025-05-29,Regular,4.1,Chinese,288.32,Debit Card
11652,57,Male,Mumbai,2026-01-13,Regular,6.51,Indian,413.97,Credit Card
11653,45,Female,Hyderabad,2025-12-31,New,1.46,South Indian,260.02,UPI
11654,50,Male,Delhi,2025-07-24,New,2.04,South Indian,252.54,UPI
11655,58,Male,Bangalore,2026-03-06,Regular,9.1,Burgers,366.46,Credit Card
11656,30,Female,Delhi,2026-03-24,Regular,9.78,Pizza,424.85,Debit Card
11657,60,Female,Delhi,2025-07-29,Regular,8.11,Burgers,626.77,Credit Card
11658,62,Male,Mumbai,2025-08-04,VIP,16.52,Chinese,573.42,Credit Card
11659,42,Female,Mumbai,2024-10-29,VIP,15.14,South Indian,1236.95,Debit Card
11660,59,Male,Pune,2024-05-21,New,3.66,Pizza,388.92,Credit Card
11661,53,Male,Pune,2026-06-21,New,3.11,Burgers,294.83,Cash
11662,44,Male,Mumbai,2024-07-20,Regular,9.49,Pizza,412.28,UPI
11663,55,Female,Chennai,2024-07-25,New,2.56,Desserts,381.09,Wallet
11664,24,Male,Chennai,2025-02-18,Regular,9.47,Biryani,674.16,UPI
11665,22,Male,Bangalore,2024-08-08,VIP,13.35,Biryani,1057.06,Credit Card
11666,60,Male,Mumbai,2024-12-27,Regular,9.91,Chinese,301.35,Credit Card
11667,62,Female,Hyderabad,2026-01-27,New,2.91,Pizza,332.07,UPI
11668,48,Male,Pune,2024-03-21,New,2.32,Desserts,391.22,Cash
11669,40,Male,Mumbai,2026-02-01,Regular,9.23,Biryani,347.26,UPI
11670,59,Male,Chennai,2025-07-16,Regular,8.49,South Indian,378.27,Debit Card
11671,27,Male,Mumbai,2024-10-11,Regular,8.22,Biryani,306.14,Wallet
11672,49,Female,Chennai,2025-01-03,New,1.82,Pizza,332.11,UPI
11673,60,Female,Mumbai,2025-05-06,New,3.92,Pizza,150.17,Cash
11674,47,Male,Hyderabad,2026-06-29,VIP,9.26,Burgers,922.98,Credit Card
11675,56,Male,Bangalore,2026-06-14,Regular,6.54,Desserts,560.05,Wallet
11676,48,Male,Hyderabad,2024-12-11,VIP,10.03,Desserts,1271.36,Debit Card
11677,35,Male,Chennai,2024-07-22,Regular,4.89,Pizza,323.83,Credit Card
11678,53,Male,Pune,2024-01-25,Regular,6.75,Pizza,428.73,UPI
11679,19,Female,Pune,2025-07-06,New,2.69,Chinese,184.46,Debit Card
11680,31,Other,Delhi,2024-03-09,Regular,7.91,Pizza,268.45,UPI
11681,30,Other,Hyderabad,2025-05-30,Regular,4.34,Desserts,544.52,Credit Card
11682,46,Female,Mumbai,2025-05-06,VIP,12.47,Burgers,981.15,UPI
11683,29,Female,Bangalore,2024-08-27,New,1.36,Desserts,229.52,UPI
11684,56,Female,Mumbai,2024-12-26,New,2.23,Burgers,357.75,UPI
11685,19,Male,Mumbai,2025-03-16,Regular,8.37,Desserts,250.04,Wallet
11686,49,Female,Hyderabad,2024-01-31,New,1.51,Desserts,399.62,Credit Card
11687,30,Male,Bangalore,2026-06-17,Regular,6.09,South Indian,665.85,Debit Card
11688,63,Female,Delhi,2025-09-20,New,2.24,Biryani,165.45,Wallet
11689,44,Female,Mumbai,2025-12-07,New,3.28,Chinese,260.75,Debit Card
11690,58,Male,Bangalore,2025-08-24,Regular,4.64,Indian,482.66,UPI
11691,34,Male,Delhi,2025-11-20,Regular,9.61,South Indian,487.02,Credit Card
11692,57,Female,Mumbai,2025-10-18,Regular,8.22,Pizza,384.33,Cash
11693,48,Male,Bangalore,2025-12-14,New,1.79,Biryani,298.03,UPI
11694,51,Female,Hyderabad,2024-11-17,VIP,16.7,Chinese,702.55,Credit Card
11695,41,Female,Pune,2024-12-09,New,3.8,South Indian,260.73,Credit Card
11696,62,Female,Pune,2025-12-15,New,2.06,Burgers,282.55,UPI
11697,52,Female,Mumbai,2025-06-19,Regular,8.44,Chinese,582.27,Cash
11698,23,Male,Mumbai,2024-12-20,New,1.63,Chinese,368.01,UPI
11699,36,Male,Bangalore,2025-04-15,Regular,8.83,Desserts,636.98,UPI
11700,47,Female,Pune,2026-07-16,VIP,15.69,Desserts,964.07,Cash
11701,24,Female,Mumbai,2024-04-14,Regular,7.83,Pizza,448.6,Debit Card
11702,27,Female,Delhi,2026-02-25,Regular,8.62,Chinese,551.09,UPI
11703,58,Male,Mumbai,2024-11-17,Regular,5.03,Biryani,540.59,UPI
11704,49,Male,Pune,2025-07-25,New,3.43,Desserts,219.46,Wallet
11705,51,Other,Chennai,2026-06-01,Regular,8.06,Desserts,674.48,UPI
11706,45,Male,Pune,2025-06-10,Regular,7.97,Biryani,693.85,Credit Card
11707,32,Female,Delhi,2025-05-18,VIP,18.21,Chinese,1221.2,UPI
11708,47,Male,Bangalore,2024-03-25,New,1.43,Indian,382.04,Cash
11709,54,Female,Delhi,2026-07-19,Regular,5.95,Desserts,499.44,Debit Card
11710,46,Female,Chennai,2025-12-09,VIP,12.64,Pizza,1322.39,Credit Card
11711,39,Female,Chennai,2024-08-22,Regular,8.59,Desserts,675.33,Debit Card
11712,21,Male,Mumbai,2026-07-11,VIP,10.83,Chinese,1206.82,Wallet
11713,37,Female,Mumbai,2026-05-05,Regular,8.53,Chinese,298.58,Cash
11714,49,Female,Pune,2024-09-19,Regular,4.59,Indian,668.3,Debit Card
11715,53,Male,Hyderabad,2024-01-06,Regular,9.27,Indian,345.87,Wallet
11716,21,Female,Delhi,2025-05-08,New,3.46,Burgers,173.53,UPI
11717,44,Female,Pune,2026-06-11,New,2.4,Pizza,342.02,UPI
11718,34,Female,Hyderabad,2024-10-15,Regular,7.86,Indian,682.08,Wallet
11719,29,Female,Pune,2025-07-23,Regular,7.1,Chinese,606.0,Debit Card
11720,39,Male,Chennai,2025-10-18,VIP,9.48,Indian,1249.69,Wallet
11721,34,Male,Mumbai,2026-05-27,VIP,18.75,South Indian,1328.47,UPI
11722,27,Male,Mumbai,2025-07-07,VIP,17.83,Burgers,956.59,Debit Card
11723,18,Female,Pune,2024-12-15,New,3.33,Burgers,277.01,Credit Card
11724,39,Female,Mumbai,2024-07-18,Regular,6.96,Biryani,541.65,Debit Card
11725,43,Female,Bangalore,2026-07-24,Regular,4.77,Pizza,611.11,UPI
11726,35,Male,Pune,2025-11-16,VIP,10.77,Burgers,1233.5,Wallet
11727,31,Male,Chennai,2026-06-15,Regular,5.91,Pizza,661.57,UPI
11728,64,Female,Pune,2024-11-30,New,1.67,South Indian,381.09,Debit Card
11729,46,Male,Pune,2025-08-29,VIP,17.71,Biryani,1017.03,Credit Card
11730,29,Male,Mumbai,2024-08-04,Regular,4.26,Chinese,480.72,UPI
11731,53,Female,Chennai,2025-09-14,Regular,5.52,South Indian,481.94,Debit Card
11732,52,Male,Pune,2024-12-18,Regular,4.41,Pizza,418.3,Cash
11733,29,Male,Mumbai,2025-11-22,Regular,4.76,Pizza,296.58,UPI
11734,24,Male,Delhi,2025-11-05,Regular,4.67,Pizza,406.19,Debit Card
11735,46,Male,Chennai,2025-09-22,Regular,9.23,Chinese,442.03,UPI
11736,28,Other,Hyderabad,2024-11-20,Regular,9.58,Biryani,465.56,Wallet
11737,50,Male,Bangalore,2026-06-19,New,3.97,Biryani,345.29,UPI
11738,23,Male,Hyderabad,2024-08-15,Regular,7.78,Pizza,408.43,UPI
11739,64,Male,Chennai,2024-05-24,Regular,8.18,South Indian,432.97,Debit Card
11740,32,Female,Pune,2024-11-03,Regular,6.35,Biryani,657.74,Credit Card
11741,49,Male,Mumbai,2025-10-15,Regular,6.22,Chinese,588.66,UPI
11742,28,Female,Chennai,2025-09-25,Regular,8.05,South Indian,260.29,Cash
11743,40,Male,Bangalore,2024-10-11,Regular,6.26,Desserts,615.44,Credit Card
11744,43,Male,Chennai,2025-01-26,Regular,7.49,Chinese,695.47,Credit Card
11745,51,Male,Mumbai,2026-01-07,Regular,7.09,Pizza,672.9,Credit Card
11746,63,Female,Hyderabad,2024-12-25,Regular,7.15,Biryani,626.18,Wallet
11747,51,Female,Delhi,2026-02-07,Regular,8.98,Chinese,533.13,UPI
11748,46,Male,Hyderabad,2026-03-07,Regular,8.22,Indian,375.19,UPI
11749,21,Female,Mumbai,2026-07-20,New,2.75,South Indian,207.53,UPI
11750,34,Female,Mumbai,2024-06-13,VIP,12.88,Indian,500.86,Credit Card
11751,52,Male,Bangalore,2026-01-02,Regular,4.87,Indian,376.7,UPI
11752,30,Female,Chennai,2025-08-03,Regular,8.43,Pizza,364.9,Debit Card
11753,58,Male,Chennai,2026-03-31,Regular,7.99,Desserts,428.62,UPI
11754,56,Female,Hyderabad,2024-08-11,VIP,12.15,Pizza,1469.53,Debit Card
11755,32,Female,Delhi,2024-05-03,New,2.06,Indian,343.34,Debit Card
11756,46,Female,Delhi,2024-12-09,Regular,4.37,Chinese,500.05,UPI
11757,46,Female,Bangalore,2026-04-30,New,2.43,Pizza,173.13,UPI
11758,28,Male,Mumbai,2025-06-07,Regular,9.11,South Indian,382.8,Wallet
11759,49,Female,Bangalore,2024-02-21,VIP,16.14,Indian,848.81,Debit Card
11760,19,Male,Chennai,2024-05-08,Regular,4.95,South Indian,463.01,Wallet
11761,64,Male,Pune,2024-05-14,Regular,8.95,Desserts,295.41,UPI
11762,31,Female,Pune,2025-10-18,VIP,9.9,Biryani,1287.38,Cash
11763,37,Female,Pune,2024-05-06,Regular,6.34,Desserts,402.4,Debit Card
11764,39,Female,Mumbai,2026-01-07,Regular,7.99,South Indian,366.44,UPI
11765,28,Male,Bangalore,2026-07-27,Regular,8.55,South Indian,629.67,Credit Card
11766,44,Female,Hyderabad,2024-03-11,Regular,4.38,Indian,581.94,Debit Card
11767,20,Female,Chennai,2024-09-29,Regular,8.61,Burgers,648.05,UPI
11768,34,Male,Pune,2024-07-05,VIP,17.27,Desserts,1374.9,Wallet
11769,61,Male,Delhi,2024-01-03,Regular,7.54,Biryani,445.96,Debit Card
11770,45,Male,Bangalore,2024-10-11,Regular,6.03,Pizza,371.76,UPI
11771,46,Male,Chennai,2024-01-22,New,1.94,South Indian,245.96,Wallet
11772,38,Other,Chennai,2024-06-14,Regular,4.62,Indian,528.11,UPI
11773,64,Female,Delhi,2024-11-05,Regular,4.01,Burgers,426.83,Credit Card
11774,33,Female,Delhi,2026-05-24,Regular,5.24,Indian,671.47,Debit Card
11775,54,Other,Delhi,2025-04-21,New,2.76,Pizza,155.08,Credit Card
11776,37,Male,Pune,2025-05-12,VIP,8.24,Desserts,1438.72,UPI
11777,23,Female,Pune,2025-03-09,New,1.96,Desserts,357.82,UPI
11778,36,Male,Bangalore,2026-01-27,New,3.25,Indian,212.55,Credit Card
11779,22,Female,Delhi,2024-08-21,Regular,5.85,Desserts,581.48,Credit Card
11780,20,Male,Hyderabad,2026-04-16,Regular,8.35,Chinese,353.61,Credit Card
11781,18,Female,Chennai,2025-10-31,Regular,6.95,Biryani,518.47,Credit Card
11782,55,Male,Delhi,2025-10-24,Regular,4.12,Chinese,431.06,Credit Card
11783,32,Male,Chennai,2025-12-25,Regular,5.36,Desserts,317.45,Credit Card
11784,51,Female,Mumbai,2025-01-10,New,3.26,South Indian,298.78,Credit Card
11785,52,Male,Mumbai,2025-12-30,New,1.14,Indian,212.52,UPI
11786,42,Female,Delhi,2024-09-02,VIP,17.74,Indian,664.98,UPI
11787,41,Male,Chennai,2024-10-29,New,1.32,South Indian,357.63,Credit Card
11788,29,Female,Mumbai,2025-02-08,New,3.48,South Indian,199.71,UPI
11789,35,Male,Delhi,2026-02-26,Regular,7.1,Desserts,405.86,UPI
11790,32,Male,Chennai,2025-10-24,Regular,8.0,Biryani,477.23,UPI
11791,61,Male,Delhi,2025-12-08,Regular,5.16,Desserts,589.56,UPI
11792,33,Male,Pune,2026-07-05,VIP,17.88,Burgers,846.79,UPI
11793,44,Male,Chennai,2024-01-21,Regular,7.04,Indian,496.04,UPI
11794,25,Male,Mumbai,2024-09-13,Regular,9.55,Pizza,465.62,UPI
11795,63,Male,Delhi,2025-02-02,Regular,6.06,Pizza,651.88,UPI
11796,42,Male,Mumbai,2025-06-12,Regular,6.41,Pizza,500.19,UPI
11797,34,Female,Delhi,2024-02-20,Regular,5.14,South Indian,311.8,UPI
11798,46,Female,Bangalore,2025-03-22,New,3.3,South Indian,391.17,Debit Card
11799,25,Male,Mumbai,2024-09-26,Regular,8.44,South Indian,529.48,UPI
11800,32,Female,Mumbai,2026-04-06,New,2.5,Desserts,150.4,Credit Card
11801,44,Female,Hyderabad,2025-08-17,VIP,8.58,Pizza,695.98,UPI
11802,63,Male,Pune,2026-03-28,Regular,5.82,Burgers,280.5,UPI
11803,24,Female,Mumbai,2025-09-27,New,3.91,Biryani,192.14,Credit Card
11804,20,Male,Chennai,2026-03-12,New,2.75,Chinese,157.53,Credit Card
11805,46,Female,Delhi,2024-09-18,VIP,11.63,Indian,794.38,UPI
11806,61,Male,Bangalore,2024-12-30,Regular,8.98,Chinese,455.16,UPI
11807,41,Female,Chennai,2024-02-18,Regular,8.79,Indian,296.27,UPI
11808,20,Female,Chennai,2025-06-01,Regular,5.29,South Indian,635.29,Debit Card
11809,37,Male,Chennai,2025-09-20,VIP,18.78,Pizza,851.27,UPI
11810,63,Male,Chennai,2024-04-27,Regular,7.23,Chinese,396.85,UPI
11811,32,Other,Bangalore,2025-03-28,New,3.87,South Indian,313.59,Wallet
11812,42,Male,Hyderabad,2026-02-13,New,2.87,Indian,233.61,UPI
11813,47,Female,Pune,2026-05-14,Regular,8.63,Biryani,591.13,UPI
11814,31,Female,Mumbai,2026-06-04,VIP,13.15,Biryani,761.96,UPI
11815,24,Female,Chennai,2025-10-02,New,3.73,Chinese,165.28,UPI
11816,34,Female,Mumbai,2025-01-31,Regular,4.67,Chinese,485.22,UPI
11817,61,Female,Mumbai,2025-11-13,Regular,5.44,Chinese,508.95,Wallet
11818,37,Female,Chennai,2024-01-27,VIP,19.43,Chinese,959.95,Wallet
11819,53,Male,Hyderabad,2025-12-11,Regular,4.96,Chinese,394.79,UPI
11820,26,Male,Mumbai,2025-01-06,Regular,4.05,South Indian,633.37,UPI
11821,55,Male,Delhi,2026-06-17,New,1.66,Desserts,208.13,Credit Card
11822,39,Other,Mumbai,2026-04-05,New,3.38,Indian,260.4,Credit Card
11823,19,Female,Pune,2026-05-06,Regular,8.83,Indian,427.41,Debit Card
11824,41,Male,Chennai,2024-04-06,Regular,7.68,Burgers,549.68,Credit Card
11825,25,Female,Bangalore,2025-06-12,Regular,8.99,Desserts,339.06,UPI
11826,28,Female,Mumbai,2025-11-15,VIP,19.92,Desserts,503.81,UPI
11827,30,Male,Hyderabad,2025-09-04,Regular,4.56,Pizza,514.08,Wallet
11828,34,Female,Delhi,2024-07-04,Regular,7.7,Biryani,690.97,UPI
11829,25,Male,Delhi,2025-11-26,New,1.12,Chinese,322.83,Wallet
11830,38,Female,Bangalore,2024-08-02,New,2.7,Biryani,238.18,Debit Card
11831,35,Male,Pune,2024-09-07,Regular,8.81,Indian,296.06,UPI
11832,47,Female,Bangalore,2024-08-03,Regular,8.39,Pizza,515.65,UPI
11833,35,Female,Pune,2024-01-29,Regular,6.6,Pizza,438.99,UPI
11834,63,Male,Mumbai,2024-04-11,VIP,16.37,South Indian,1087.14,Credit Card
11835,64,Other,Chennai,2024-05-02,Regular,8.15,Chinese,487.59,Debit Card
11836,48,Female,Hyderabad,2024-02-23,Regular,4.72,Burgers,479.76,Debit Card
11837,55,Male,Delhi,2024-10-09,VIP,17.54,Pizza,1069.27,UPI
11838,49,Male,Bangalore,2025-09-05,Regular,8.37,South Indian,306.89,UPI
11839,28,Female,Hyderabad,2024-04-26,New,1.85,Chinese,221.26,Debit Card
11840,62,Male,Pune,2025-09-07,New,1.62,Indian,208.87,Wallet
11841,42,Male,Chennai,2025-07-10,Regular,4.61,Burgers,619.07,Wallet
11842,50,Male,Delhi,2024-04-23,Regular,8.33,Chinese,312.42,Credit Card
11843,55,Male,Delhi,2026-05-04,New,2.88,South Indian,330.32,UPI
11844,58,Female,Pune,2025-06-26,Regular,8.22,Biryani,677.61,UPI
11845,25,Male,Chennai,2025-11-06,Regular,6.31,South Indian,498.88,UPI
11846,28,Male,Delhi,2025-12-01,VIP,12.19,South Indian,1161.04,Debit Card
11847,39,Male,Chennai,2024-10-19,Regular,7.52,South Indian,560.07,Credit Card
11848,41,Male,Delhi,2024-07-13,VIP,12.53,South Indian,983.3,Credit Card
11849,58,Female,Mumbai,2024-10-18,Regular,9.3,Burgers,393.02,Wallet
11850,34,Male,Pune,2026-06-05,New,1.26,Pizza,336.7,UPI
11851,29,Other,Chennai,2024-09-17,New,1.42,Desserts,306.47,Wallet
11852,63,Female,Hyderabad,2026-07-30,Regular,4.8,Pizza,612.01,UPI
11853,49,Male,Mumbai,2024-07-25,Regular,7.24,Desserts,528.47,UPI
11854,32,Female,Hyderabad,2025-07-17,VIP,14.69,Indian,504.1,Wallet
11855,33,Male,Pune,2024-02-18,New,1.85,Desserts,247.22,Wallet
11856,39,Female,Delhi,2024-01-06,Regular,8.22,Pizza,329.42,Debit Card
11857,45,Other,Hyderabad,2025-01-13,New,2.39,South Indian,319.75,Wallet
11858,37,Male,Mumbai,2025-01-28,Regular,7.72,Pizza,272.4,Wallet
11859,50,Male,Chennai,2026-06-04,VIP,11.69,Desserts,989.41,Credit Card
11860,27,Female,Bangalore,2024-08-11,New,1.47,Biryani,316.67,Debit Card
11861,57,Male,Hyderabad,2024-01-23,Regular,4.67,Desserts,619.54,UPI
11862,49,Male,Bangalore,2025-10-18,New,1.33,Biryani,338.34,UPI
11863,50,Male,Pune,2024-04-19,Regular,6.29,Pizza,688.33,Credit Card
11864,19,Male,Hyderabad,2025-12-24,New,2.74,South Indian,214.55,Debit Card
11865,50,Female,Hyderabad,2026-03-22,Regular,8.64,Desserts,421.61,UPI
11866,50,Male,Chennai,2025-07-06,Regular,5.4,Burgers,321.46,UPI
11867,58,Male,Delhi,2025-02-02,Regular,8.42,South Indian,266.63,Cash
11868,30,Female,Mumbai,2024-06-20,New,2.72,Pizza,336.51,Credit Card
11869,47,Male,Mumbai,2025-11-28,Regular,5.17,Pizza,360.01,Cash
11870,50,Male,Mumbai,2025-12-26,Regular,4.46,Indian,439.01,Wallet
11871,30,Female,Pune,2024-11-01,Regular,7.56,South Indian,313.04,Credit Card
11872,43,Male,Delhi,2025-07-17,New,2.29,Indian,332.25,UPI
11873,39,Female,Bangalore,2025-08-04,Regular,4.39,Indian,664.04,UPI
11874,56,Female,Mumbai,2025-12-08,Regular,8.21,Chinese,586.69,UPI
11875,19,Male,Bangalore,2024-05-30,New,2.57,Biryani,208.62,Debit Card
11876,55,Female,Delhi,2025-03-03,New,3.74,Indian,156.44,UPI
11877,56,Male,Pune,2025-09-12,VIP,14.28,Biryani,855.31,Wallet
11878,43,Male,Delhi,2025-04-11,New,2.91,Pizza,231.47,Debit Card
11879,63,Female,Chennai,2025-09-21,VIP,12.62,Desserts,1388.53,UPI
11880,32,Female,Mumbai,2026-05-26,Regular,7.86,Pizza,342.54,Debit Card
11881,51,Male,Pune,2025-08-29,Regular,9.64,Chinese,637.12,UPI
11882,59,Female,Chennai,2026-02-06,Regular,6.33,Chinese,455.99,UPI
11883,61,Female,Mumbai,2025-07-09,New,1.74,Desserts,351.77,UPI
11884,57,Other,Delhi,2024-03-07,Regular,4.23,South Indian,539.52,UPI
11885,28,Female,Delhi,2024-06-04,Regular,4.88,Desserts,554.54,Wallet
11886,20,Male,Hyderabad,2026-04-14,VIP,13.0,Chinese,953.89,Credit Card
11887,23,Male,Hyderabad,2024-07-24,Regular,6.01,Burgers,345.59,Credit Card
11888,26,Female,Delhi,2026-02-24,Regular,7.66,Pizza,467.03,Debit Card
11889,23,Male,Delhi,2024-06-03,New,3.68,Pizza,289.55,Debit Card
11890,26,Female,Bangalore,2025-11-21,Regular,8.37,Biryani,688.61,Credit Card
11891,56,Male,Bangalore,2025-05-23,New,1.93,Chinese,329.5,Wallet
11892,48,Male,Chennai,2025-07-25,New,1.73,Biryani,380.37,UPI
11893,49,Male,Hyderabad,2024-03-14,New,2.72,Chinese,190.53,Wallet
11894,58,Other,Hyderabad,2024-02-18,Regular,8.63,Pizza,398.97,Debit Card
11895,29,Male,Delhi,2026-02-21,Regular,9.17,Chinese,420.87,UPI
11896,25,Female,Delhi,2025-04-11,Regular,9.33,South Indian,471.68,Credit Card
11897,25,Male,Chennai,2025-08-07,Regular,7.11,Chinese,263.6,Wallet
11898,45,Male,Pune,2025-12-08,VIP,17.59,Chinese,909.87,Wallet
11899,37,Male,Pune,2026-06-29,Regular,7.36,Desserts,411.04,UPI
11900,64,Female,Pune,2024-06-27,Regular,6.41,South Indian,502.75,UPI
11901,24,Male,Hyderabad,2024-02-17,Regular,5.44,South Indian,254.04,UPI
11902,28,Male,Bangalore,2024-03-12,VIP,9.11,South Indian,927.73,UPI
11903,37,Male,Pune,2024-04-22,Regular,5.4,Biryani,595.9,UPI
11904,33,Male,Mumbai,2026-01-26,Regular,5.62,Pizza,475.49,UPI
11905,21,Other,Chennai,2026-06-15,New,1.64,Desserts,304.72,UPI
11906,23,Female,Pune,2026-06-21,VIP,14.84,Chinese,706.78,UPI
11907,39,Male,Mumbai,2026-03-31,New,3.85,South Indian,384.18,Wallet
11908,43,Female,Pune,2024-06-07,New,1.57,South Indian,348.67,UPI
11909,20,Female,Bangalore,2026-02-24,Regular,8.75,Pizza,367.6,Credit Card
11910,58,Male,Bangalore,2026-02-18,Regular,6.69,Burgers,496.96,Credit Card
11911,59,Female,Pune,2026-03-26,Regular,9.73,Chinese,673.46,Wallet
11912,31,Female,Mumbai,2024-01-30,Regular,4.89,Burgers,555.91,UPI
11913,28,Male,Chennai,2024-04-06,Regular,9.1,Burgers,455.46,UPI
11914,35,Male,Mumbai,2024-09-07,Regular,5.49,South Indian,308.56,Wallet
11915,29,Other,Chennai,2025-06-02,Regular,9.6,Biryani,471.95,Wallet
11916,40,Female,Pune,2024-04-01,Regular,5.36,Pizza,448.49,Credit Card
11917,29,Male,Chennai,2024-04-22,VIP,17.81,Chinese,1027.8,UPI
11918,30,Male,Delhi,2024-09-15,Regular,4.37,Chinese,436.01,UPI
11919,42,Male,Hyderabad,2024-04-16,VIP,8.13,Chinese,874.16,UPI
11920,62,Female,Hyderabad,2025-07-28,New,3.74,Biryani,267.6,UPI
11921,36,Female,Bangalore,2025-01-24,Regular,8.02,Burgers,270.93,UPI
11922,63,Other,Delhi,2024-12-23,New,1.5,Indian,335.85,UPI
11923,53,Male,Hyderabad,2026-02-21,Regular,9.54,Pizza,406.09,UPI
11924,62,Female,Pune,2024-07-17,VIP,10.34,Indian,719.73,Debit Card
11925,25,Female,Chennai,2025-03-02,Regular,6.45,Burgers,570.37,Debit Card
11926,46,Male,Chennai,2025-04-22,New,3.89,South Indian,202.97,UPI
11927,49,Male,Mumbai,2026-05-08,New,1.69,Indian,191.2,Cash
11928,61,Other,Mumbai,2026-04-28,Regular,4.7,Indian,637.89,Debit Card
11929,35,Female,Chennai,2025-05-17,New,2.52,Pizza,236.73,UPI
11930,23,Female,Pune,2025-10-19,Regular,5.48,Burgers,484.56,UPI
11931,35,Female,Chennai,2026-07-06,Regular,7.14,Pizza,469.06,UPI
11932,36,Male,Mumbai,2025-07-26,Regular,7.58,South Indian,425.41,Debit Card
11933,39,Female,Hyderabad,2024-04-29,Regular,6.17,Biryani,299.55,UPI
11934,54,Female,Bangalore,2025-07-26,Regular,7.98,Biryani,306.86,UPI
11935,49,Female,Mumbai,2024-11-04,Regular,5.5,Biryani,330.59,UPI
11936,58,Other,Pune,2025-06-21,New,3.14,Chinese,251.74,Debit Card
11937,20,Female,Hyderabad,2025-09-18,VIP,12.22,Biryani,898.61,UPI
11938,45,Male,Hyderabad,2025-04-19,Regular,5.92,Desserts,676.66,Credit Card
11939,27,Female,Hyderabad,2025-07-05,New,2.52,Biryani,274.52,UPI
11940,52,Male,Delhi,2024-12-09,New,1.2,Burgers,300.09,UPI
11941,46,Male,Delhi,2025-09-19,New,3.77,Desserts,295.88,UPI
11942,32,Male,Hyderabad,2024-05-15,Regular,4.67,Biryani,271.43,UPI
11943,50,Male,Pune,2024-10-03,Regular,7.11,Biryani,505.78,Credit Card
11944,24,Female,Chennai,2026-03-21,Regular,6.35,South Indian,673.48,UPI
11945,29,Female,Pune,2025-06-16,Regular,6.71,South Indian,267.6,UPI
11946,47,Female,Delhi,2026-06-17,VIP,13.05,Indian,1412.44,UPI
11947,38,Female,Mumbai,2024-01-31,VIP,8.43,Desserts,552.33,UPI
11948,48,Male,Delhi,2024-09-03,Regular,8.53,Pizza,506.38,UPI
11949,41,Female,Chennai,2025-02-14,Regular,5.98,Indian,302.29,UPI
11950,37,Male,Bangalore,2024-01-27,Regular,5.74,Indian,465.66,UPI
11951,54,Male,Delhi,2024-03-13,Regular,5.62,Chinese,573.98,UPI
11952,21,Female,Pune,2024-04-06,Regular,6.09,Pizza,324.0,Wallet
11953,45,Male,Pune,2025-11-03,New,3.72,Chinese,369.47,Wallet
11954,61,Male,Hyderabad,2024-12-11,Regular,5.62,Biryani,277.09,UPI
11955,37,Female,Hyderabad,2025-04-20,New,2.08,South Indian,307.27,Credit Card
11956,41,Female,Hyderabad,2024-10-26,New,2.1,Biryani,198.25,Cash
11957,49,Male,Bangalore,2024-10-25,Regular,5.99,Chinese,608.24,Credit Card
11958,58,Other,Chennai,2024-10-13,Regular,5.68,South Indian,632.56,Wallet
11959,53,Female,Mumbai,2026-06-03,VIP,19.36,Indian,985.8,Wallet
11960,51,Female,Pune,2025-03-24,Regular,4.88,Biryani,293.1,Wallet
11961,53,Male,Pune,2024-07-30,VIP,8.31,Chinese,1080.92,UPI
11962,19,Female,Chennai,2024-03-16,Regular,5.02,Biryani,542.22,UPI
11963,32,Female,Bangalore,2025-02-04,Regular,6.22,Pizza,321.03,UPI
11964,51,Female,Hyderabad,2025-10-16,Regular,5.2,Chinese,500.97,Credit Card
11965,53,Female,Chennai,2024-02-03,New,3.0,South Indian,185.46,Credit Card
11966,23,Male,Mumbai,2025-05-12,Regular,8.57,Burgers,281.28,UPI
11967,56,Male,Hyderabad,2026-04-27,Regular,6.86,Biryani,287.67,UPI
11968,59,Male,Mumbai,2025-05-30,New,1.74,Desserts,354.25,Debit Card
11969,29,Male,Delhi,2024-11-23,Regular,4.28,Biryani,543.52,UPI
11970,20,Female,Mumbai,2024-04-07,New,3.86,Desserts,282.6,Credit Card
11971,62,Male,Hyderabad,2024-12-31,New,3.21,Pizza,268.97,Debit Card
11972,35,Other,Delhi,2025-12-29,Regular,9.07,South Indian,587.69,UPI
11973,57,Female,Hyderabad,2025-04-07,VIP,15.42,Biryani,1133.78,UPI
11974,38,Male,Pune,2024-01-28,Regular,6.89,Desserts,302.23,Wallet
11975,32,Male,Hyderabad,2025-12-13,Regular,9.4,Burgers,694.7,UPI
11976,50,Female,Delhi,2025-01-20,VIP,19.82,Biryani,791.01,Wallet
11977,52,Other,Mumbai,2024-09-29,Regular,9.28,Pizza,453.43,Wallet
11978,43,Male,Pune,2026-04-05,Regular,6.95,Burgers,698.01,Credit Card
11979,25,Male,Bangalore,2024-05-06,New,1.06,Indian,235.89,Credit Card
11980,53,Female,Bangalore,2024-07-20,Regular,8.36,Indian,455.37,UPI
11981,47,Female,Bangalore,2025-06-04,Regular,7.16,Biryani,438.46,Wallet
11982,40,Male,Bangalore,2024-10-13,Regular,8.01,Chinese,293.16,UPI
11983,59,Female,Chennai,2025-03-25,Regular,4.94,Chinese,666.93,Credit Card
11984,61,Male,Bangalore,2024-03-28,Regular,7.89,Chinese,629.7,UPI
11985,31,Male,Delhi,2024-11-13,New,1.34,Chinese,377.75,Wallet
11986,31,Male,Bangalore,2024-01-19,VIP,13.03,Desserts,1193.15,Wallet
11987,19,Male,Hyderabad,2025-08-15,Regular,8.03,Biryani,593.23,Debit Card
11988,54,Male,Bangalore,2024-04-16,VIP,19.76,Burgers,1178.54,UPI
11989,22,Female,Mumbai,2025-04-02,Regular,7.89,Pizza,526.14,UPI
11990,55,Male,Delhi,2024-11-06,New,2.1,Pizza,208.77,Credit Card
11991,62,Male,Delhi,2025-02-15,Regular,8.21,Desserts,605.45,Debit Card
11992,58,Male,Pune,2026-01-11,Regular,7.85,Chinese,319.21,Credit Card
11993,64,Other,Chennai,2025-09-15,New,1.95,Indian,245.47,Credit Card
11994,31,Male,Hyderabad,2026-01-01,Regular,6.39,South Indian,396.71,Wallet
11995,56,Male,Delhi,2025-09-26,Regular,9.04,Chinese,266.28,UPI
11996,42,Female,Mumbai,2025-05-12,Regular,6.29,Chinese,305.67,Wallet
11997,37,Other,Bangalore,2024-08-31,New,1.33,Biryani,245.57,UPI
11998,19,Male,Delhi,2025-11-20,Regular,5.76,Desserts,357.96,UPI
11999,56,Female,Mumbai,2025-07-30,New,3.82,Indian,238.27,Debit Card
12000,23,Female,Bangalore,2025-01-14,Regular,4.78,South Indian,436.67,Wallet
12001,34,Female,Chennai,2025-05-29,New,1.3,Burgers,300.26,Credit Card
12002,42,Male,Delhi,2024-07-25,New,3.92,Burgers,393.5,Credit Card
12003,45,Female,Delhi,2025-01-28,Regular,5.65,South Indian,388.85,Wallet
12004,19,Male,Mumbai,2024-01-21,New,3.3,South Indian,271.45,Wallet
12005,52,Female,Pune,2026-03-15,Regular,4.15,Desserts,403.49,Cash
12006,54,Female,Hyderabad,2025-06-10,VIP,18.33,Burgers,829.58,UPI
12007,22,Male,Chennai,2024-12-08,Regular,6.04,Chinese,583.21,Credit Card
12008,18,Female,Hyderabad,2025-12-18,Regular,8.25,Desserts,322.15,Wallet
12009,57,Male,Delhi,2024-07-20,VIP,11.74,Chinese,1414.53,Credit Card
12010,29,Female,Hyderabad,2024-04-29,VIP,15.05,Biryani,1355.69,Credit Card
12011,53,Male,Bangalore,2025-10-10,VIP,18.27,Indian,1028.71,Credit Card
12012,62,Male,Chennai,2026-03-22,New,3.63,South Indian,385.0,UPI
12013,40,Male,Hyderabad,2026-03-17,Regular,4.2,Chinese,380.14,UPI
12014,64,Female,Bangalore,2025-01-23,Regular,9.71,Chinese,547.72,UPI
12015,48,Male,Mumbai,2025-06-20,Regular,7.01,Indian,680.1,Credit Card
12016,28,Male,Hyderabad,2026-04-03,Regular,7.02,South Indian,317.0,UPI
12017,27,Male,Chennai,2024-08-21,New,2.07,Indian,326.95,Wallet
12018,20,Female,Bangalore,2025-09-24,VIP,17.38,Indian,1210.04,UPI
12019,31,Female,Hyderabad,2025-08-24,Regular,5.99,Burgers,329.44,UPI
12020,33,Male,Mumbai,2024-11-15,Regular,7.94,Indian,415.08,Cash
12021,27,Male,Hyderabad,2025-12-12,Regular,8.71,Desserts,305.63,Credit Card
12022,46,Male,Bangalore,2024-06-28,Regular,8.2,Desserts,538.92,UPI
12023,27,Male,Hyderabad,2026-05-06,New,2.76,Desserts,269.82,Wallet
12024,29,Male,Chennai,2025-01-02,Regular,7.45,South Indian,548.88,Debit Card
12025,47,Female,Delhi,2024-03-16,VIP,9.37,Chinese,901.32,Credit Card
12026,58,Male,Bangalore,2025-10-10,Regular,7.3,Chinese,585.82,Wallet
12027,18,Male,Bangalore,2025-10-11,Regular,5.38,Burgers,266.14,UPI
12028,22,Male,Bangalore,2025-05-10,Regular,7.25,South Indian,680.88,UPI
12029,37,Other,Bangalore,2025-06-05,Regular,8.28,Desserts,349.94,Wallet
12030,25,Female,Hyderabad,2024-07-19,Regular,7.92,Chinese,304.7,UPI
12031,60,Female,Chennai,2026-04-09,Regular,5.46,Indian,673.51,Wallet
12032,29,Male,Mumbai,2024-12-11,New,2.11,Desserts,223.84,UPI
12033,18,Male,Chennai,2025-04-27,New,3.49,Desserts,227.8,UPI
12034,37,Male,Bangalore,2024-08-06,Regular,9.9,Pizza,297.14,UPI
12035,45,Male,Pune,2024-02-29,VIP,15.82,Desserts,537.68,Debit Card
12036,60,Female,Hyderabad,2025-10-20,Regular,6.79,Pizza,524.06,UPI
12037,54,Female,Pune,2025-09-10,New,1.72,Desserts,156.64,UPI
12038,64,Female,Hyderabad,2025-07-03,Regular,9.28,Desserts,690.13,Cash
12039,54,Female,Bangalore,2025-10-07,New,1.28,Desserts,181.06,Wallet
12040,29,Male,Hyderabad,2026-06-29,Regular,9.45,Pizza,476.97,UPI
12041,54,Female,Bangalore,2024-08-08,New,1.66,Pizza,364.82,Credit Card
12042,61,Male,Chennai,2026-03-25,VIP,13.49,Indian,752.5,Credit Card
12043,45,Male,Delhi,2026-07-29,New,3.84,Chinese,275.78,Wallet
12044,64,Female,Hyderabad,2025-05-16,New,1.79,Burgers,194.85,Credit Card
12045,32,Male,Bangalore,2024-05-12,Regular,9.06,Indian,520.94,Wallet
12046,23,Male,Pune,2026-04-25,New,1.53,Chinese,336.22,Wallet
12047,61,Male,Bangalore,2024-02-22,Regular,9.23,South Indian,312.03,Credit Card
12048,37,Female,Pune,2025-03-25,VIP,15.01,Chinese,845.4,UPI
12049,31,Female,Hyderabad,2024-03-02,New,2.87,Chinese,296.81,Credit Card
12050,19,Male,Mumbai,2024-01-23,Regular,5.85,Chinese,260.77,Wallet
12051,26,Female,Pune,2024-02-13,VIP,9.1,Indian,843.25,Credit Card
12052,54,Male,Bangalore,2026-03-30,Regular,4.77,Chinese,647.39,Wallet
12053,37,Male,Hyderabad,2025-07-11,VIP,9.08,Desserts,751.07,Wallet
12054,43,Female,Bangalore,2025-10-20,New,2.34,Chinese,150.97,UPI
12055,46,Female,Mumbai,2025-12-28,New,3.83,South Indian,391.09,UPI
12056,18,Other,Delhi,2026-05-01,New,2.19,South Indian,279.24,Debit Card
12057,52,Male,Mumbai,2024-02-16,Regular,7.3,Pizza,343.8,UPI
12058,23,Female,Chennai,2026-05-08,Regular,7.24,Biryani,645.13,Credit Card
12059,54,Female,Hyderabad,2026-03-30,New,3.34,Indian,349.38,UPI
12060,22,Female,Mumbai,2024-01-24,Regular,7.41,Chinese,327.94,Wallet
12061,50,Male,Delhi,2025-10-18,New,3.99,Pizza,340.55,Wallet
12062,31,Female,Bangalore,2024-03-29,Regular,6.94,Pizza,337.71,UPI
12063,29,Female,Hyderabad,2024-06-22,New,3.95,Indian,242.82,Debit Card
12064,59,Male,Pune,2025-07-29,New,3.85,Biryani,355.78,Credit Card
12065,37,Male,Mumbai,2024-04-28,Regular,5.94,Pizza,411.96,Debit Card
12066,41,Male,Delhi,2026-01-04,New,2.36,Pizza,184.45,Debit Card
12067,60,Female,Mumbai,2025-10-29,Regular,7.84,Indian,671.16,UPI
12068,51,Female,Chennai,2024-06-26,Regular,7.97,Burgers,406.67,UPI
12069,42,Female,Hyderabad,2026-04-11,VIP,17.35,Pizza,1146.43,UPI
12070,46,Female,Bangalore,2026-07-12,Regular,7.99,South Indian,582.24,Wallet
12071,56,Female,Delhi,2024-12-07,Regular,5.86,Desserts,488.77,Credit Card
12072,48,Male,Mumbai,2025-07-21,VIP,17.36,Pizza,610.62,Cash
12073,64,Male,Hyderabad,2024-02-28,VIP,10.25,Indian,943.61,UPI
12074,60,Female,Mumbai,2026-06-19,Regular,8.53,Indian,650.97,Credit Card
12075,40,Male,Hyderabad,2025-03-13,Regular,6.6,Biryani,515.76,Debit Card
12076,61,Male,Chennai,2025-03-03,Regular,6.19,Desserts,333.3,Debit Card
12077,55,Female,Mumbai,2025-03-01,Regular,8.3,Burgers,459.83,UPI
12078,37,Male,Chennai,2025-01-15,VIP,16.81,Burgers,593.89,UPI
12079,40,Male,Pune,2025-04-30,Regular,4.06,Biryani,444.49,UPI
12080,62,Male,Pune,2026-01-01,New,2.26,Biryani,211.12,Wallet
12081,33,Male,Delhi,2024-07-03,New,2.6,South Indian,161.16,Debit Card
12082,59,Female,Chennai,2025-07-12,New,3.11,Desserts,305.49,UPI
12083,25,Female,Hyderabad,2025-04-04,New,3.09,South Indian,255.04,UPI
12084,38,Female,Delhi,2026-06-07,New,2.07,Pizza,396.09,UPI
12085,18,Male,Mumbai,2026-07-09,Regular,5.99,Burgers,648.4,Credit Card
12086,25,Female,Mumbai,2024-04-11,New,2.69,South Indian,352.09,Credit Card
12087,46,Female,Hyderabad,2025-07-09,Regular,8.04,Pizza,430.43,Cash
12088,49,Female,Bangalore,2024-01-15,New,3.24,Chinese,344.45,Debit Card
12089,55,Male,Bangalore,2026-01-17,New,2.17,Pizza,198.65,UPI
12090,22,Female,Mumbai,2026-05-22,Regular,8.2,Desserts,523.65,UPI
12091,64,Female,Hyderabad,2024-02-20,VIP,9.76,South Indian,1210.79,UPI
12092,39,Female,Bangalore,2024-11-04,Regular,4.6,Desserts,305.85,UPI
12093,64,Female,Chennai,2024-02-03,Regular,5.18,Pizza,528.23,Debit Card
12094,51,Male,Mumbai,2025-09-27,Regular,5.68,Desserts,655.84,UPI
12095,18,Female,Pune,2025-08-11,New,1.88,Desserts,159.24,Credit Card
12096,43,Male,Chennai,2026-06-22,Regular,8.05,Chinese,402.63,Credit Card
12097,60,Female,Hyderabad,2025-09-26,New,1.04,South Indian,314.43,UPI
12098,27,Male,Pune,2024-07-23,Regular,9.87,Pizza,558.7,UPI
12099,47,Male,Chennai,2026-01-09,Regular,5.46,South Indian,290.34,Debit Card
12100,35,Male,Bangalore,2024-03-10,Regular,7.66,Biryani,642.76,Wallet
12101,34,Female,Bangalore,2024-08-17,New,2.57,Biryani,163.97,UPI
12102,43,Male,Pune,2025-04-24,Regular,8.81,Pizza,635.96,Credit Card
12103,25,Female,Delhi,2025-06-16,New,3.28,Indian,189.47,Credit Card
12104,64,Female,Mumbai,2024-04-17,New,3.0,South Indian,393.95,Debit Card
12105,57,Male,Pune,2026-05-25,Regular,5.55,South Indian,610.15,Debit Card
12106,29,Male,Hyderabad,2024-08-28,Regular,6.13,Biryani,637.07,Wallet
12107,44,Male,Mumbai,2024-09-07,New,3.49,Biryani,326.29,UPI
12108,25,Female,Chennai,2024-05-14,Regular,8.74,Desserts,302.07,UPI
12109,42,Female,Hyderabad,2024-03-30,VIP,17.59,South Indian,1196.33,Debit Card
12110,63,Male,Hyderabad,2025-08-13,New,2.88,South Indian,207.6,Wallet
12111,21,Male,Bangalore,2025-03-15,Regular,4.92,Biryani,320.38,UPI
12112,50,Female,Chennai,2025-11-19,New,2.77,Pizza,366.18,Credit Card
12113,18,Female,Bangalore,2024-10-24,Regular,4.36,Burgers,278.52,UPI
12114,36,Female,Bangalore,2025-02-10,New,2.75,Desserts,211.61,Wallet
12115,48,Female,Delhi,2024-11-03,VIP,17.59,Pizza,1195.86,Debit Card
12116,33,Male,Bangalore,2024-04-11,Regular,5.06,Chinese,533.2,UPI
12117,31,Male,Mumbai,2024-12-26,Regular,7.83,Indian,531.59,Credit Card
12118,22,Male,Hyderabad,2026-04-26,New,1.54,Pizza,378.55,Credit Card
12119,58,Male,Bangalore,2025-09-15,Regular,8.52,Pizza,699.29,UPI
12120,43,Male,Pune,2025-11-23,VIP,9.56,South Indian,1128.1,Wallet
12121,45,Male,Mumbai,2025-09-07,Regular,4.3,Desserts,657.29,UPI
12122,19,Male,Chennai,2025-06-11,VIP,17.81,Chinese,1280.82,Credit Card
12123,23,Female,Hyderabad,2025-08-30,New,3.75,Desserts,268.59,Credit Card
12124,26,Female,Pune,2024-10-19,Regular,7.89,South Indian,588.78,Wallet
12125,50,Female,Pune,2024-05-25,Regular,9.74,Biryani,364.21,UPI
12126,58,Female,Chennai,2025-02-07,Regular,8.86,Desserts,304.29,Credit Card
12127,42,Male,Pune,2026-03-24,VIP,9.93,South Indian,976.88,UPI
12128,30,Female,Mumbai,2024-01-02,New,1.46,Burgers,162.47,Wallet
12129,26,Male,Chennai,2024-04-28,New,2.85,Indian,157.13,UPI
12130,30,Female,Pune,2026-05-04,New,2.79,Burgers,186.8,Debit Card
12131,48,Male,Chennai,2025-08-28,VIP,19.77,South Indian,976.99,Credit Card
12132,58,Other,Chennai,2024-07-09,VIP,10.92,Indian,1464.56,UPI
12133,28,Male,Bangalore,2024-01-03,Regular,8.39,Pizza,356.79,UPI
12134,21,Male,Bangalore,2026-07-30,Regular,4.26,Desserts,505.2,UPI
12135,51,Female,Bangalore,2025-05-01,Regular,8.45,Chinese,285.55,Wallet
12136,55,Male,Pune,2025-09-14,Regular,9.28,Burgers,546.22,Credit Card
12137,63,Female,Hyderabad,2024-06-25,New,3.0,Chinese,383.93,Wallet
12138,21,Female,Mumbai,2024-09-13,Regular,6.48,South Indian,326.23,UPI
12139,55,Female,Pune,2026-05-22,Regular,5.83,Indian,518.34,UPI
12140,36,Other,Bangalore,2025-06-17,Regular,9.26,Biryani,523.14,Wallet
12141,23,Other,Chennai,2025-04-21,New,1.31,Desserts,378.42,Debit Card
12142,51,Male,Pune,2025-02-01,Regular,7.48,Desserts,678.96,Debit Card
12143,35,Female,Chennai,2025-05-10,Regular,7.97,Pizza,298.67,Wallet
12144,30,Female,Chennai,2024-08-07,Regular,5.8,Indian,432.98,Cash
12145,58,Female,Chennai,2024-06-21,Regular,6.6,Biryani,647.31,UPI
12146,40,Male,Delhi,2026-01-05,Regular,8.45,Chinese,423.84,UPI
12147,36,Female,Hyderabad,2025-01-24,Regular,9.91,Chinese,441.09,UPI
12148,62,Other,Mumbai,2025-05-16,Regular,4.21,Pizza,550.72,Wallet
12149,28,Female,Mumbai,2025-07-30,Regular,4.26,Biryani,549.5,UPI
12150,18,Male,Bangalore,2026-02-27,Regular,6.57,Biryani,260.31,Credit Card
12151,41,Male,Delhi,2026-01-30,Regular,7.96,Pizza,455.06,Wallet
12152,24,Male,Pune,2024-09-16,Regular,6.32,Indian,400.08,Debit Card
12153,42,Female,Pune,2024-05-10,Regular,10.0,Burgers,532.46,UPI
12154,38,Female,Mumbai,2024-04-22,Regular,5.17,Indian,500.07,UPI
12155,32,Male,Hyderabad,2026-03-08,Regular,4.05,Desserts,542.89,UPI
12156,18,Male,Chennai,2026-03-09,Regular,5.14,Chinese,544.2,Credit Card
12157,29,Male,Bangalore,2026-07-18,Regular,9.32,Indian,364.69,UPI
12158,24,Male,Hyderabad,2025-12-23,VIP,12.54,South Indian,1264.33,UPI
12159,32,Female,Mumbai,2024-01-20,Regular,6.87,Indian,416.63,Wallet
12160,38,Female,Delhi,2024-08-02,New,2.61,Desserts,158.77,Cash
12161,36,Male,Bangalore,2024-11-05,Regular,7.99,Indian,557.26,Cash
12162,46,Female,Mumbai,2024-09-07,Regular,4.33,Biryani,521.29,UPI
12163,42,Male,Pune,2025-05-02,VIP,16.14,Desserts,798.7,Wallet
12164,50,Other,Bangalore,2025-01-16,Regular,6.13,Desserts,647.85,Debit Card
12165,49,Male,Mumbai,2025-02-12,New,1.87,South Indian,362.33,Wallet
12166,52,Male,Pune,2024-09-27,Regular,9.09,Chinese,307.17,Wallet
12167,61,Male,Pune,2026-07-22,Regular,6.4,Pizza,345.83,Cash
12168,55,Female,Chennai,2025-02-10,Regular,9.96,Indian,492.93,UPI
12169,43,Female,Delhi,2025-11-22,Regular,4.31,Burgers,402.29,Debit Card
12170,28,Female,Chennai,2024-07-12,Regular,8.73,Biryani,633.05,Debit Card
12171,52,Male,Mumbai,2025-03-16,Regular,6.6,Biryani,472.63,UPI
12172,25,Male,Hyderabad,2024-11-08,Regular,6.6,Pizza,661.88,UPI
12173,63,Male,Chennai,2024-03-19,New,3.47,Burgers,393.75,UPI
12174,31,Female,Hyderabad,2024-06-28,New,2.03,Indian,282.02,Wallet
12175,27,Male,Pune,2025-11-05,Regular,4.51,Burgers,648.6,Wallet
12176,19,Female,Mumbai,2025-12-14,New,1.78,Biryani,245.86,Credit Card
12177,63,Female,Delhi,2024-01-14,New,3.3,Pizza,391.76,Credit Card
12178,26,Female,Hyderabad,2026-05-08,New,2.14,Burgers,329.73,UPI
12179,20,Male,Mumbai,2024-09-02,VIP,16.05,Burgers,791.69,Debit Card
12180,38,Male,Hyderabad,2024-01-14,New,1.06,Pizza,208.01,UPI
12181,43,Male,Chennai,2024-04-08,New,1.41,Desserts,289.87,Credit Card
12182,25,Female,Mumbai,2024-02-02,New,2.09,Pizza,239.19,Wallet
12183,19,Female,Chennai,2025-03-11,Regular,4.0,Pizza,267.89,Credit Card
12184,23,Male,Bangalore,2024-09-13,Regular,6.19,Biryani,450.54,Credit Card
12185,45,Male,Mumbai,2024-02-03,New,1.15,Pizza,245.79,UPI
12186,46,Female,Hyderabad,2024-01-19,Regular,7.47,South Indian,392.14,UPI
12187,43,Female,Bangalore,2025-10-25,Regular,8.37,Indian,619.72,Debit Card
12188,42,Male,Chennai,2024-09-16,Regular,9.28,Biryani,545.32,UPI
12189,29,Female,Chennai,2025-11-06,Regular,9.44,Desserts,698.01,UPI
12190,22,Male,Hyderabad,2025-08-11,Regular,7.17,Pizza,327.47,UPI
12191,51,Male,Bangalore,2026-04-05,New,3.17,Chinese,380.12,Credit Card
12192,54,Female,Pune,2025-02-19,Regular,9.11,Burgers,614.34,UPI
12193,32,Female,Delhi,2024-05-16,Regular,8.84,Pizza,347.06,Credit Card
12194,61,Female,Hyderabad,2024-12-24,Regular,8.19,Pizza,319.17,Credit Card
12195,53,Male,Chennai,2025-12-20,Regular,7.63,Indian,442.43,UPI
12196,32,Female,Mumbai,2026-01-23,VIP,15.14,Pizza,604.87,UPI
12197,60,Male,Bangalore,2025-08-01,Regular,6.18,Biryani,691.09,Wallet
12198,40,Male,Pune,2024-04-25,New,1.54,South Indian,348.58,Credit Card
12199,23,Female,Delhi,2025-02-07,Regular,7.71,Chinese,637.43,UPI
12200,63,Male,Mumbai,2024-07-20,Regular,5.34,Chinese,649.58,UPI
12201,61,Female,Bangalore,2025-01-10,Regular,5.44,Desserts,321.04,UPI
12202,60,Female,Pune,2024-09-06,Regular,9.17,Pizza,571.89,UPI
12203,62,Male,Hyderabad,2025-03-21,New,2.38,Indian,397.99,Credit Card
12204,38,Male,Pune,2024-10-04,Regular,6.39,Biryani,292.63,UPI
12205,40,Male,Hyderabad,2024-04-21,VIP,9.53,Biryani,860.84,Credit Card
12206,60,Male,Bangalore,2026-04-22,New,3.95,Pizza,328.78,UPI
12207,33,Female,Pune,2025-04-17,Regular,5.11,Burgers,405.41,UPI
12208,64,Female,Delhi,2026-01-15,Regular,6.82,Biryani,395.8,UPI
12209,32,Male,Pune,2025-11-18,Regular,8.07,Biryani,340.13,UPI
12210,42,Male,Bangalore,2025-01-26,Regular,7.39,Biryani,445.53,Wallet
12211,53,Female,Mumbai,2024-05-22,Regular,9.53,Chinese,442.73,UPI
12212,28,Female,Mumbai,2024-02-01,Regular,4.24,Biryani,433.94,Cash
12213,32,Male,Pune,2024-06-29,VIP,16.05,Burgers,811.89,Cash
12214,21,Male,Pune,2025-08-01,Regular,4.34,South Indian,402.89,Credit Card
12215,38,Female,Hyderabad,2025-05-30,Regular,5.17,Chinese,263.67,Debit Card
12216,30,Male,Bangalore,2026-03-08,New,1.8,Chinese,361.53,Wallet
12217,39,Male,Hyderabad,2024-09-25,New,3.16,South Indian,295.52,UPI
12218,36,Female,Delhi,2024-08-23,Regular,6.22,Burgers,515.89,UPI
12219,51,Female,Mumbai,2024-10-03,New,2.41,Pizza,244.36,UPI
12220,31,Female,Chennai,2025-07-06,Regular,4.14,Desserts,562.5,Credit Card
12221,21,Female,Chennai,2025-09-24,Regular,7.92,Indian,337.41,UPI
12222,63,Female,Bangalore,2024-10-01,VIP,10.49,Burgers,623.62,Wallet
12223,44,Male,Bangalore,2026-01-12,New,2.32,South Indian,226.46,UPI
12224,46,Male,Chennai,2026-03-26,New,3.71,Desserts,302.14,Wallet
12225,64,Male,Bangalore,2024-03-26,New,3.57,Biryani,255.02,UPI
12226,45,Male,Mumbai,2024-03-03,Regular,7.8,Biryani,520.76,Debit Card
12227,52,Female,Delhi,2025-02-07,Regular,7.4,South Indian,639.26,Credit Card
12228,25,Female,Delhi,2024-07-10,New,2.91,Biryani,275.65,UPI
12229,33,Other,Hyderabad,2024-10-19,VIP,8.43,South Indian,681.66,Wallet
12230,59,Female,Mumbai,2024-01-31,VIP,11.8,Desserts,1462.61,UPI
12231,53,Male,Bangalore,2024-11-25,Regular,4.98,Chinese,296.84,UPI
12232,47,Male,Bangalore,2025-10-19,New,3.98,Pizza,197.52,Cash
12233,35,Female,Hyderabad,2024-04-16,Regular,7.33,Chinese,267.14,UPI
12234,19,Female,Hyderabad,2026-05-20,Regular,7.15,Chinese,315.24,UPI
12235,30,Female,Bangalore,2025-09-13,Regular,9.09,Chinese,660.93,UPI
12236,21,Female,Bangalore,2024-10-02,New,1.54,South Indian,358.23,Credit Card
12237,43,Female,Mumbai,2025-12-22,New,1.6,Burgers,303.41,Credit Card
12238,42,Female,Hyderabad,2025-10-12,VIP,18.11,Desserts,621.38,Credit Card
12239,47,Male,Mumbai,2025-08-20,New,1.72,Indian,313.01,Debit Card
12240,28,Female,Pune,2025-07-09,Regular,8.2,Indian,499.26,UPI
12241,24,Female,Bangalore,2024-03-22,Regular,9.82,Pizza,468.76,UPI
12242,48,Male,Chennai,2024-03-04,Regular,4.15,Pizza,438.96,Debit Card
12243,61,Female,Chennai,2026-06-08,Regular,5.57,South Indian,662.6,Debit Card
12244,27,Male,Pune,2026-07-18,Regular,7.29,Indian,254.28,UPI
12245,56,Female,Bangalore,2026-05-04,Regular,7.72,Burgers,274.07,UPI
12246,30,Male,Hyderabad,2026-04-12,Regular,5.65,South Indian,471.63,Wallet
12247,48,Female,Chennai,2025-07-20,Regular,8.96,Pizza,398.73,Wallet
12248,24,Male,Hyderabad,2025-08-08,Regular,4.99,South Indian,433.7,Debit Card
12249,59,Female,Chennai,2026-06-03,Regular,4.01,Pizza,699.03,UPI
12250,59,Male,Hyderabad,2024-05-08,Regular,9.71,Indian,598.81,Credit Card
12251,53,Male,Chennai,2024-09-12,Regular,6.35,Desserts,644.83,UPI
12252,37,Female,Hyderabad,2026-07-22,New,2.1,South Indian,210.54,Debit Card
12253,21,Female,Pune,2024-08-18,Regular,5.67,Chinese,357.8,Debit Card
12254,24,Male,Mumbai,2025-05-11,New,1.65,Biryani,333.54,Credit Card
12255,18,Male,Hyderabad,2024-05-16,VIP,18.5,Desserts,1224.31,UPI
12256,61,Female,Mumbai,2026-05-12,VIP,12.84,Pizza,871.46,Debit Card
12257,62,Female,Mumbai,2025-03-30,New,2.02,Chinese,258.02,Wallet
12258,59,Female,Bangalore,2026-07-01,New,3.24,Pizza,199.11,Credit Card
12259,64,Male,Pune,2024-12-20,Regular,7.92,Desserts,461.96,Debit Card
12260,30,Female,Mumbai,2025-09-15,VIP,19.88,Chinese,760.55,UPI
12261,39,Male,Delhi,2025-04-29,Regular,9.1,Indian,482.7,Debit Card
12262,38,Male,Mumbai,2026-03-30,Regular,5.64,Desserts,695.29,Credit Card
12263,39,Female,Hyderabad,2024-05-25,Regular,9.09,Desserts,381.82,UPI
12264,45,Female,Mumbai,2024-02-02,New,1.69,Indian,319.97,Debit Card
12265,26,Female,Hyderabad,2024-09-16,Regular,7.58,Burgers,562.29,Credit Card
12266,43,Male,Hyderabad,2024-03-27,New,1.76,Burgers,298.58,Credit Card
12267,26,Male,Delhi,2026-04-22,Regular,4.24,Burgers,514.81,UPI
12268,32,Male,Mumbai,2024-09-21,New,2.59,South Indian,243.32,UPI
12269,27,Other,Mumbai,2026-04-11,Regular,4.83,Desserts,634.39,Cash
12270,41,Male,Chennai,2025-06-25,VIP,15.91,Pizza,730.08,UPI
12271,59,Male,Chennai,2025-01-26,Regular,6.84,South Indian,621.82,UPI
12272,25,Male,Bangalore,2024-08-19,Regular,9.37,Burgers,339.86,Wallet
12273,41,Female,Hyderabad,2026-06-19,New,3.3,Pizza,272.78,UPI
12274,33,Male,Delhi,2025-08-10,Regular,7.36,South Indian,632.74,UPI
12275,43,Female,Chennai,2025-03-22,New,2.41,Indian,270.8,UPI
12276,44,Male,Mumbai,2024-05-08,Regular,5.9,Pizza,330.88,Cash
12277,54,Female,Bangalore,2024-09-27,New,1.06,Desserts,325.96,UPI
12278,21,Male,Delhi,2024-03-29,New,3.0,Burgers,170.11,Debit Card
12279,41,Female,Pune,2025-04-10,New,2.76,Indian,388.33,Credit Card
12280,36,Female,Mumbai,2026-07-22,Regular,6.81,Pizza,505.01,UPI
12281,53,Male,Mumbai,2024-06-18,Regular,8.59,South Indian,577.29,UPI
12282,56,Other,Pune,2024-05-07,Regular,9.07,Biryani,490.78,UPI
12283,27,Male,Hyderabad,2024-06-22,New,3.49,Biryani,211.97,Cash
12284,42,Female,Hyderabad,2024-01-26,Regular,7.7,Burgers,320.01,Wallet
12285,35,Female,Chennai,2025-07-26,Regular,4.0,South Indian,472.28,Wallet
12286,36,Male,Chennai,2025-05-25,Regular,7.3,Indian,323.44,UPI
12287,53,Male,Mumbai,2025-05-02,Regular,9.85,Desserts,644.16,UPI
12288,27,Male,Mumbai,2026-06-09,Regular,5.87,Indian,669.51,Credit Card
12289,50,Male,Chennai,2025-08-01,New,1.02,Indian,357.77,Credit Card
12290,22,Male,Pune,2025-02-09,Regular,8.57,Pizza,387.59,Debit Card
12291,64,Male,Chennai,2024-01-26,VIP,13.92,Burgers,971.18,Wallet
12292,52,Male,Mumbai,2024-03-23,Regular,6.51,Desserts,636.88,Wallet
12293,61,Female,Delhi,2024-12-29,Regular,4.92,Biryani,557.1,UPI
12294,51,Male,Mumbai,2025-01-01,Regular,6.78,Indian,646.27,Debit Card
12295,50,Male,Delhi,2024-02-29,Regular,5.77,South Indian,302.88,Credit Card
12296,38,Female,Delhi,2025-07-04,Regular,8.18,Burgers,464.21,Credit Card
12297,34,Male,Mumbai,2025-09-26,Regular,6.65,Biryani,554.28,Credit Card
12298,39,Male,Bangalore,2024-10-18,Regular,9.1,South Indian,653.69,Wallet
12299,54,Male,Chennai,2026-02-27,Regular,5.16,Desserts,421.91,Credit Card
12300,32,Female,Hyderabad,2026-07-25,Regular,6.51,South Indian,390.89,UPI
12301,52,Female,Mumbai,2026-06-04,Regular,7.35,Desserts,660.83,UPI
12302,45,Male,Delhi,2026-03-26,New,2.98,Indian,371.88,Wallet
12303,24,Female,Mumbai,2026-03-04,Regular,7.53,Burgers,465.82,Wallet
12304,49,Female,Chennai,2024-07-09,Regular,5.75,Chinese,456.38,UPI
12305,28,Female,Pune,2025-04-05,VIP,17.49,Desserts,1360.67,Debit Card
12306,27,Female,Delhi,2026-03-14,Regular,4.85,Pizza,427.73,UPI
12307,26,Female,Hyderabad,2025-10-25,New,1.7,Chinese,277.36,UPI
12308,31,Male,Hyderabad,2026-06-14,New,3.97,Pizza,268.91,Credit Card
12309,30,Male,Hyderabad,2024-08-20,Regular,4.19,Burgers,389.35,UPI
12310,42,Male,Pune,2025-04-18,New,2.25,Biryani,294.52,UPI
12311,19,Female,Bangalore,2025-02-08,VIP,11.96,Indian,514.44,Debit Card
12312,52,Female,Delhi,2025-10-19,New,3.63,Burgers,325.22,Wallet
12313,24,Female,Pune,2024-09-27,VIP,17.52,Chinese,1184.79,Credit Card
12314,38,Other,Delhi,2026-04-26,Regular,9.55,South Indian,672.78,UPI
12315,35,Male,Pune,2024-05-13,VIP,11.66,Pizza,1250.38,UPI
12316,20,Female,Pune,2024-06-19,New,2.85,Pizza,180.4,UPI
12317,59,Female,Bangalore,2025-02-18,Regular,8.77,Chinese,586.28,UPI
12318,56,Other,Delhi,2024-01-28,New,2.99,Indian,323.44,Wallet
12319,58,Other,Pune,2024-05-15,New,2.58,Burgers,341.98,Credit Card
12320,28,Female,Bangalore,2026-07-13,Regular,9.9,Chinese,655.04,UPI
12321,56,Male,Mumbai,2025-02-08,Regular,4.74,Desserts,557.35,UPI
12322,41,Female,Chennai,2026-06-06,New,1.59,Burgers,183.28,Wallet
12323,63,Male,Pune,2025-05-19,VIP,19.76,Desserts,1167.79,Credit Card
12324,36,Female,Hyderabad,2024-08-28,New,3.11,Indian,238.09,Credit Card
12325,21,Female,Bangalore,2026-05-05,Regular,9.49,South Indian,451.25,Credit Card
12326,43,Male,Bangalore,2025-03-19,New,3.35,Desserts,221.69,UPI
12327,55,Female,Pune,2025-03-09,Regular,9.31,Burgers,609.9,Cash
12328,59,Male,Bangalore,2024-08-15,New,1.84,Desserts,272.67,UPI
12329,49,Male,Mumbai,2025-05-23,VIP,13.94,Indian,786.47,Debit Card
12330,56,Male,Bangalore,2026-03-09,Regular,4.71,Chinese,365.31,UPI
12331,62,Female,Chennai,2024-10-29,VIP,19.79,Biryani,576.03,UPI
12332,63,Female,Chennai,2024-02-03,New,1.33,South Indian,372.93,Wallet
12333,53,Female,Hyderabad,2024-01-02,Regular,8.1,South Indian,516.68,Debit Card
12334,57,Male,Mumbai,2024-12-27,Regular,6.13,South Indian,639.8,UPI
12335,54,Female,Chennai,2024-07-13,Regular,8.32,Pizza,451.84,Credit Card
12336,50,Female,Pune,2025-08-28,Regular,8.92,Biryani,531.73,UPI
12337,53,Male,Delhi,2026-04-19,VIP,11.73,Indian,915.22,Cash
12338,20,Male,Delhi,2024-11-03,New,2.92,Burgers,349.18,Debit Card
12339,26,Male,Delhi,2025-10-08,Regular,5.77,Chinese,544.44,UPI
12340,25,Female,Pune,2025-12-16,Regular,4.75,Desserts,407.69,UPI
12341,50,Female,Bangalore,2024-09-06,New,1.07,Desserts,216.62,UPI
12342,23,Female,Pune,2024-05-26,Regular,8.32,South Indian,347.92,Debit Card
12343,58,Male,Bangalore,2024-12-11,VIP,14.97,South Indian,953.06,UPI
12344,56,Female,Delhi,2024-12-13,VIP,12.0,South Indian,1192.09,UPI
12345,21,Male,Hyderabad,2024-09-10,Regular,6.01,Indian,477.35,Wallet
12346,30,Male,Hyderabad,2025-02-02,VIP,11.14,Chinese,1050.49,UPI
12347,19,Female,Bangalore,2024-11-29,Regular,8.63,Indian,520.38,UPI
12348,22,Male,Delhi,2024-06-24,Regular,5.32,Chinese,442.74,UPI
12349,61,Female,Pune,2024-05-04,New,2.09,Burgers,298.08,UPI
12350,44,Male,Hyderabad,2026-02-01,Regular,8.83,Desserts,362.52,Credit Card
12351,49,Female,Bangalore,2025-02-01,New,1.78,Pizza,391.52,Credit Card
12352,38,Male,Pune,2024-05-10,New,3.1,Chinese,337.79,UPI
12353,25,Female,Delhi,2025-07-15,Regular,8.14,Biryani,349.99,UPI
12354,55,Male,Mumbai,2025-08-27,Regular,8.48,Indian,598.09,UPI
12355,25,Male,Delhi,2026-06-10,Regular,4.89,Indian,468.27,UPI
12356,20,Female,Delhi,2026-04-01,VIP,8.27,Indian,827.62,UPI
12357,61,Male,Pune,2026-06-20,Regular,4.56,Pizza,324.45,UPI
12358,20,Female,Pune,2025-02-10,New,3.87,Chinese,361.52,UPI
12359,39,Other,Chennai,2026-01-01,Regular,6.66,Chinese,521.27,Debit Card
12360,23,Male,Chennai,2026-04-25,Regular,5.33,Chinese,332.95,UPI
12361,19,Male,Pune,2024-11-29,VIP,15.53,Chinese,723.59,Debit Card
12362,40,Female,Pune,2024-01-20,VIP,10.43,South Indian,1002.99,UPI
12363,61,Other,Mumbai,2024-07-23,Regular,6.55,South Indian,398.79,Debit Card
12364,19,Female,Mumbai,2025-08-25,Regular,4.21,Biryani,500.47,Debit Card
12365,55,Female,Delhi,2024-12-20,Regular,9.33,Indian,382.05,Credit Card
12366,34,Female,Hyderabad,2024-06-21,New,1.12,Desserts,267.92,UPI
12367,52,Male,Mumbai,2024-07-07,New,1.94,South Indian,241.19,UPI
12368,51,Other,Delhi,2026-04-03,Regular,9.18,Desserts,588.14,Wallet
12369,40,Other,Bangalore,2024-01-02,VIP,11.33,Desserts,774.72,UPI
12370,47,Male,Chennai,2026-05-22,VIP,10.69,Chinese,878.62,UPI
12371,25,Male,Hyderabad,2026-07-29,Regular,5.81,Chinese,414.7,Wallet
12372,39,Male,Delhi,2024-06-16,Regular,9.98,South Indian,456.51,Credit Card
12373,61,Male,Pune,2025-01-02,VIP,15.08,Burgers,742.98,Wallet
12374,53,Female,Bangalore,2025-06-19,Regular,9.71,Biryani,525.48,UPI
12375,22,Male,Chennai,2026-07-13,Regular,6.49,Desserts,278.6,UPI
12376,30,Male,Bangalore,2026-05-26,Regular,9.3,Desserts,613.32,Credit Card
12377,46,Male,Delhi,2025-08-02,Regular,6.69,Indian,327.93,Credit Card
12378,48,Other,Mumbai,2025-01-04,Regular,9.2,Pizza,535.05,UPI
12379,64,Female,Chennai,2025-12-06,Regular,4.79,Biryani,452.45,Credit Card
12380,33,Male,Bangalore,2025-08-18,Regular,7.82,Indian,598.07,Debit Card
12381,59,Male,Mumbai,2025-03-12,New,3.53,Indian,163.71,UPI
12382,47,Other,Hyderabad,2024-07-25,Regular,7.94,Indian,341.89,Debit Card
12383,33,Female,Delhi,2024-02-18,Regular,6.68,Biryani,554.73,UPI
12384,29,Male,Delhi,2025-06-27,New,1.72,Desserts,221.35,Credit Card
12385,34,Male,Chennai,2026-04-08,VIP,11.16,Biryani,1162.04,UPI
12386,33,Male,Bangalore,2025-11-12,New,3.85,South Indian,326.14,Debit Card
12387,29,Male,Hyderabad,2024-05-08,Regular,7.33,Desserts,323.98,UPI
12388,25,Female,Pune,2025-03-22,VIP,12.62,Indian,1352.73,Wallet
12389,37,Female,Chennai,2025-09-05,New,1.73,Chinese,187.92,Credit Card
12390,20,Female,Pune,2024-02-04,Regular,4.49,Indian,461.63,Credit Card
12391,33,Female,Chennai,2026-03-29,Regular,5.03,Chinese,663.82,Wallet
12392,47,Male,Bangalore,2024-07-17,New,2.72,South Indian,248.13,UPI
12393,62,Female,Hyderabad,2026-03-23,VIP,10.53,South Indian,1085.63,Credit Card
12394,40,Female,Bangalore,2024-03-17,New,2.32,Indian,162.59,UPI
12395,45,Male,Delhi,2025-01-03,Regular,9.05,Biryani,401.2,Cash
12396,57,Male,Pune,2026-04-12,New,1.14,Chinese,230.1,Debit Card
12397,22,Female,Mumbai,2025-06-09,New,2.53,Chinese,265.58,Debit Card
12398,37,Male,Delhi,2024-12-14,VIP,15.24,Chinese,1183.51,UPI
12399,57,Male,Delhi,2025-05-20,Regular,8.89,Chinese,632.75,UPI
12400,61,Female,Pune,2025-10-04,New,2.65,Pizza,236.87,UPI
12401,18,Other,Chennai,2024-08-25,Regular,7.35,South Indian,288.36,Credit Card
12402,47,Male,Delhi,2024-10-06,Regular,5.06,Chinese,695.85,UPI
12403,38,Female,Hyderabad,2025-07-30,VIP,13.73,Pizza,888.09,UPI
12404,37,Male,Delhi,2025-03-07,Regular,8.21,Pizza,611.77,Credit Card
12405,23,Female,Hyderabad,2024-05-17,VIP,15.16,South Indian,1239.06,Wallet
12406,39,Female,Bangalore,2024-09-25,Regular,5.25,Burgers,438.94,UPI
12407,35,Female,Chennai,2026-01-09,Regular,4.41,Indian,533.15,Wallet
12408,25,Male,Hyderabad,2024-07-19,VIP,10.39,South Indian,1362.78,UPI
12409,56,Female,Delhi,2024-05-21,New,1.54,Burgers,292.31,UPI
12410,49,Female,Chennai,2025-09-03,New,3.93,Biryani,234.65,Wallet
12411,50,Male,Chennai,2025-10-11,Regular,6.39,Indian,680.53,Credit Card
12412,33,Male,Hyderabad,2025-11-10,New,1.51,Indian,200.18,Wallet
12413,29,Male,Hyderabad,2026-07-07,New,2.09,Indian,251.43,Credit Card
12414,55,Male,Mumbai,2025-09-02,Regular,8.22,Pizza,464.9,Wallet
12415,51,Female,Mumbai,2026-04-02,Regular,6.02,Chinese,276.02,UPI
12416,31,Male,Chennai,2026-04-10,Regular,9.87,Indian,585.44,Credit Card
12417,53,Male,Pune,2026-04-18,Regular,5.05,Desserts,475.82,Cash
12418,50,Female,Pune,2026-07-26,New,1.68,Chinese,311.75,UPI
12419,40,Male,Mumbai,2024-12-20,Regular,7.53,Indian,685.85,UPI
12420,62,Female,Delhi,2025-07-31,Regular,5.4,Pizza,673.27,UPI
12421,19,Male,Bangalore,2026-04-26,New,2.17,Biryani,396.37,Wallet
12422,58,Female,Chennai,2024-11-24,VIP,12.84,Indian,901.53,Credit Card
12423,38,Female,Bangalore,2025-07-12,Regular,8.09,South Indian,577.86,Credit Card
12424,19,Female,Mumbai,2026-04-28,VIP,11.71,Desserts,1322.63,Debit Card
12425,44,Male,Hyderabad,2026-06-12,New,3.02,Burgers,271.42,Wallet
12426,26,Female,Chennai,2024-08-18,Regular,9.04,Indian,346.37,Credit Card
12427,18,Male,Mumbai,2024-11-03,Regular,8.09,Desserts,618.02,Wallet
12428,28,Male,Delhi,2025-10-19,Regular,8.68,Burgers,645.96,Credit Card
12429,20,Male,Chennai,2025-12-19,Regular,6.69,Burgers,566.46,Debit Card
12430,40,Female,Chennai,2024-05-25,VIP,8.15,Desserts,1099.24,UPI
12431,43,Male,Pune,2024-05-31,Regular,5.96,Pizza,335.81,UPI
12432,21,Female,Hyderabad,2026-03-01,Regular,9.41,Biryani,530.92,Wallet
12433,35,Male,Chennai,2024-05-19,VIP,13.53,Burgers,679.27,UPI
12434,23,Male,Hyderabad,2025-10-24,Regular,6.89,Pizza,550.95,UPI
12435,52,Female,Mumbai,2024-01-21,Regular,5.79,Biryani,300.26,Debit Card
12436,39,Male,Delhi,2024-09-10,New,1.84,Indian,310.01,Credit Card
12437,60,Female,Delhi,2024-03-04,VIP,11.06,Chinese,705.63,UPI
12438,32,Male,Chennai,2024-08-05,Regular,8.89,Pizza,366.44,Debit Card
12439,39,Female,Chennai,2024-03-12,Regular,4.19,Burgers,528.7,Credit Card
12440,54,Female,Mumbai,2024-06-10,New,1.49,Burgers,163.89,Wallet
12441,59,Male,Pune,2024-05-09,Regular,6.14,Indian,557.79,Credit Card
12442,29,Male,Pune,2025-08-03,Regular,4.91,Desserts,595.96,UPI
12443,64,Female,Pune,2026-07-15,Regular,8.83,Pizza,334.23,UPI
12444,59,Female,Hyderabad,2024-08-12,Regular,7.2,Indian,663.92,UPI
12445,55,Male,Pune,2026-01-27,New,3.29,Pizza,221.78,UPI
12446,35,Male,Delhi,2025-08-02,Regular,5.06,Chinese,532.05,UPI
12447,62,Female,Hyderabad,2025-03-29,Regular,7.76,South Indian,659.02,Wallet
12448,52,Female,Mumbai,2026-07-03,New,2.9,Indian,227.85,Wallet
12449,47,Male,Delhi,2025-01-18,Regular,6.04,Burgers,439.77,Credit Card
12450,41,Female,Delhi,2024-04-16,Regular,7.1,Indian,288.6,UPI
12451,59,Male,Bangalore,2025-09-12,VIP,13.1,Desserts,1250.16,UPI
12452,47,Female,Mumbai,2026-04-19,New,3.1,Pizza,210.27,UPI
12453,31,Male,Mumbai,2024-04-12,New,1.35,Indian,275.72,Wallet
12454,23,Other,Bangalore,2024-05-20,Regular,8.94,Chinese,278.82,Credit Card
12455,20,Female,Hyderabad,2025-07-30,Regular,9.88,Pizza,264.61,Wallet
12456,33,Female,Pune,2024-05-13,New,1.29,Desserts,165.24,Credit Card
12457,24,Female,Pune,2024-07-17,Regular,8.42,Desserts,335.11,Credit Card
12458,31,Female,Pune,2026-05-29,Regular,5.31,Biryani,591.45,Credit Card
12459,26,Female,Pune,2025-05-24,Regular,7.14,Desserts,550.93,UPI
12460,32,Male,Pune,2025-10-28,Regular,8.24,Burgers,396.62,UPI
12461,38,Female,Bangalore,2024-03-19,VIP,18.07,Burgers,1233.03,Wallet
12462,52,Female,Mumbai,2026-06-12,New,3.78,Pizza,167.73,Credit Card
12463,19,Female,Hyderabad,2025-04-26,New,2.46,Biryani,154.43,UPI
12464,44,Male,Delhi,2025-05-26,New,2.7,Chinese,384.46,Credit Card
12465,19,Male,Pune,2024-09-06,Regular,9.82,Desserts,396.91,UPI
12466,52,Male,Bangalore,2026-06-07,Regular,7.38,Indian,610.9,Credit Card
12467,35,Female,Hyderabad,2025-08-21,Regular,8.76,South Indian,640.19,UPI
12468,31,Male,Hyderabad,2026-03-26,New,2.48,Burgers,209.08,Cash
12469,37,Female,Hyderabad,2026-01-22,New,1.91,Chinese,333.27,UPI
12470,35,Female,Bangalore,2025-08-22,Regular,4.09,Desserts,459.79,Credit Card
12471,27,Female,Delhi,2025-04-27,New,3.84,Chinese,364.15,UPI
12472,42,Female,Pune,2026-04-15,VIP,11.75,Chinese,1181.31,UPI
12473,19,Male,Hyderabad,2024-06-20,New,3.31,Indian,200.96,Debit Card
12474,42,Male,Bangalore,2026-05-18,New,1.83,Chinese,357.92,Cash
12475,50,Male,Mumbai,2024-01-17,New,1.72,Chinese,231.58,Debit Card
12476,53,Female,Bangalore,2026-01-04,Regular,5.92,Pizza,647.12,UPI
12477,48,Male,Bangalore,2024-10-20,Regular,7.74,Pizza,327.91,Credit Card
12478,31,Female,Bangalore,2025-01-28,VIP,12.25,Chinese,977.36,UPI
12479,18,Male,Hyderabad,2026-04-01,Regular,9.73,Chinese,435.08,Credit Card
12480,63,Male,Bangalore,2025-05-12,New,2.4,Pizza,212.47,UPI
12481,33,Male,Mumbai,2024-08-06,Regular,6.13,Indian,333.15,Debit Card
12482,63,Female,Hyderabad,2024-08-21,Regular,7.15,Pizza,433.96,UPI
12483,20,Female,Mumbai,2025-01-24,Regular,8.72,Desserts,537.9,UPI
12484,52,Male,Chennai,2024-09-04,Regular,7.24,Pizza,689.93,Wallet
12485,58,Female,Bangalore,2026-06-20,New,3.51,Pizza,351.23,Wallet
12486,23,Male,Pune,2024-02-21,New,3.83,Pizza,256.06,UPI
12487,42,Other,Pune,2024-01-15,Regular,8.54,South Indian,457.81,UPI
12488,30,Female,Hyderabad,2024-11-19,Regular,4.4,Burgers,363.72,Debit Card
12489,51,Male,Pune,2025-03-16,Regular,5.65,Desserts,617.81,Credit Card
12490,25,Female,Hyderabad,2024-04-21,Regular,4.92,Desserts,291.4,Wallet
12491,38,Male,Bangalore,2025-11-26,Regular,9.67,Indian,567.16,UPI
12492,51,Other,Delhi,2026-05-21,Regular,4.54,Biryani,490.27,UPI
12493,21,Male,Delhi,2024-01-07,New,1.09,Indian,176.49,UPI
12494,42,Female,Mumbai,2025-07-16,VIP,8.4,Desserts,539.42,Credit Card
12495,32,Male,Bangalore,2026-04-05,Regular,7.8,Chinese,623.48,Debit Card
12496,21,Female,Pune,2026-01-22,Regular,8.58,South Indian,450.45,Debit Card
12497,62,Female,Bangalore,2024-09-01,Regular,6.4,Chinese,304.85,Wallet
12498,29,Female,Chennai,2025-03-23,Regular,6.4,Indian,268.36,UPI
12499,49,Female,Delhi,2024-12-30,Regular,5.73,Indian,600.01,Debit Card
12500,49,Female,Pune,2025-01-01,VIP,15.6,Biryani,962.95,Wallet
12501,45,Male,Delhi,2026-07-10,Regular,9.58,Biryani,669.06,Wallet
12502,30,Male,Bangalore,2025-11-28,Regular,9.54,Chinese,527.72,UPI
12503,48,Male,Pune,2024-10-13,Regular,8.22,Burgers,446.33,Credit Card
12504,31,Other,Mumbai,2025-08-26,New,2.72,Chinese,236.49,Credit Card
12505,37,Male,Bangalore,2024-04-15,Regular,9.78,Burgers,455.71,Credit Card
12506,35,Female,Mumbai,2024-01-13,New,2.25,Burgers,179.01,UPI
12507,46,Female,Pune,2024-05-25,Regular,6.45,Pizza,456.11,Debit Card
12508,23,Male,Delhi,2025-04-22,Regular,6.9,Indian,296.83,Debit Card
12509,49,Male,Chennai,2025-09-22,Regular,9.59,Pizza,518.69,UPI
12510,46,Male,Hyderabad,2025-12-15,New,1.67,Indian,152.8,UPI
12511,60,Male,Delhi,2025-10-14,Regular,8.92,Pizza,594.4,UPI
12512,19,Male,Mumbai,2024-04-24,Regular,4.7,Burgers,669.98,Debit Card
12513,40,Male,Bangalore,2025-05-23,Regular,5.16,Pizza,449.39,Debit Card
12514,36,Female,Pune,2024-05-31,Regular,6.06,South Indian,408.43,Credit Card
12515,48,Other,Delhi,2024-02-26,Regular,5.13,Pizza,470.85,Debit Card
12516,22,Male,Chennai,2025-01-16,New,3.99,Biryani,263.89,UPI
12517,36,Male,Pune,2024-06-05,New,3.85,Biryani,245.68,UPI
12518,51,Male,Mumbai,2026-04-01,Regular,7.34,Pizza,687.06,UPI
12519,27,Female,Pune,2024-05-12,Regular,4.51,Pizza,353.36,UPI
12520,42,Female,Pune,2024-06-11,VIP,14.43,South Indian,1137.65,Debit Card
12521,19,Male,Bangalore,2024-10-01,Regular,5.48,Indian,366.76,Cash
12522,28,Male,Hyderabad,2025-11-25,Regular,9.9,Pizza,415.59,UPI
12523,48,Female,Mumbai,2024-03-17,New,3.93,Indian,274.13,Wallet
12524,32,Female,Bangalore,2026-04-16,Regular,8.04,Biryani,322.27,Credit Card
12525,26,Male,Hyderabad,2024-02-13,New,1.38,Chinese,316.94,UPI
12526,40,Female,Bangalore,2025-12-18,Regular,9.74,Burgers,414.12,UPI
12527,36,Male,Hyderabad,2025-07-03,New,3.41,Chinese,320.09,Debit Card
12528,26,Male,Hyderabad,2024-11-13,New,2.11,South Indian,156.01,Debit Card
12529,52,Female,Hyderabad,2025-06-17,New,2.98,South Indian,344.16,UPI
12530,38,Female,Bangalore,2025-08-07,New,2.46,Indian,202.91,UPI
12531,26,Male,Pune,2026-01-22,Regular,5.68,Indian,567.94,Wallet
12532,45,Female,Hyderabad,2026-07-24,New,3.28,Desserts,178.49,UPI
12533,63,Male,Pune,2024-06-02,VIP,16.44,Desserts,1459.67,Wallet
12534,24,Female,Mumbai,2024-08-24,Regular,9.3,Pizza,325.26,UPI
12535,33,Female,Chennai,2026-06-11,Regular,9.09,Desserts,320.92,Credit Card
12536,33,Female,Pune,2025-05-31,Regular,5.51,Chinese,555.85,Credit Card
12537,50,Female,Chennai,2024-08-08,Regular,8.82,Indian,661.71,Credit Card
12538,21,Male,Hyderabad,2024-11-05,New,2.33,Biryani,346.94,UPI
12539,21,Female,Chennai,2025-08-20,VIP,14.98,Indian,893.31,UPI
12540,56,Female,Chennai,2024-06-25,Regular,8.18,Desserts,670.59,Debit Card
12541,57,Female,Hyderabad,2026-02-09,New,3.69,Biryani,271.76,UPI
12542,34,Male,Pune,2024-08-07,Regular,4.42,Indian,362.67,Credit Card
12543,54,Female,Hyderabad,2024-02-07,Regular,7.03,Desserts,668.27,Wallet
12544,56,Female,Mumbai,2025-10-15,New,1.38,Burgers,177.27,Wallet
12545,46,Male,Delhi,2025-03-06,VIP,12.1,Indian,997.21,UPI
12546,53,Female,Bangalore,2026-06-28,New,3.76,Burgers,212.16,Debit Card
12547,55,Male,Hyderabad,2026-01-16,Regular,9.7,South Indian,505.62,Credit Card
12548,56,Male,Hyderabad,2024-07-21,VIP,14.94,Pizza,607.36,UPI
12549,54,Female,Chennai,2026-04-20,New,1.24,Chinese,185.8,UPI
12550,52,Female,Mumbai,2026-03-16,New,2.93,Indian,389.59,UPI
12551,24,Female,Chennai,2025-03-23,New,3.76,Burgers,383.35,Credit Card
12552,44,Male,Pune,2025-05-09,New,1.9,Desserts,171.15,Wallet
12553,45,Other,Hyderabad,2025-11-14,New,2.74,Indian,356.84,Wallet
12554,39,Male,Hyderabad,2024-05-04,Regular,8.98,Indian,545.56,Debit Card
12555,31,Male,Chennai,2026-04-17,Regular,5.65,Burgers,456.43,Credit Card
12556,24,Male,Hyderabad,2024-03-05,Regular,7.32,Indian,372.35,Cash
12557,54,Female,Pune,2026-03-03,Regular,7.69,Chinese,562.1,Credit Card
12558,39,Female,Delhi,2026-02-22,Regular,4.79,Biryani,550.7,Credit Card
12559,22,Female,Bangalore,2024-08-31,Regular,5.52,Biryani,635.42,Wallet
12560,19,Female,Bangalore,2025-06-10,Regular,4.14,Biryani,645.49,UPI
12561,44,Male,Bangalore,2024-08-13,Regular,9.18,Desserts,502.82,UPI
12562,38,Female,Delhi,2025-04-09,New,1.06,Biryani,316.86,Debit Card
12563,55,Male,Hyderabad,2025-10-04,VIP,10.28,South Indian,676.79,Wallet
12564,32,Female,Chennai,2025-12-07,Regular,4.47,Pizza,411.66,UPI
12565,38,Male,Mumbai,2024-10-19,Regular,8.69,Indian,374.81,Debit Card
12566,27,Female,Hyderabad,2025-12-21,Regular,9.55,Burgers,498.21,UPI
12567,40,Female,Delhi,2025-01-15,Regular,7.38,Chinese,546.07,Debit Card
12568,56,Female,Pune,2025-09-16,New,3.46,Indian,286.59,UPI
12569,22,Female,Delhi,2026-01-25,Regular,7.35,South Indian,679.49,Cash
12570,18,Male,Bangalore,2024-06-14,Regular,8.62,South Indian,384.39,Wallet
12571,30,Female,Hyderabad,2025-12-03,New,3.76,Burgers,206.06,UPI
12572,38,Male,Bangalore,2026-02-07,VIP,17.74,Indian,803.42,Wallet
12573,43,Female,Mumbai,2026-04-18,Regular,5.68,Biryani,520.16,Wallet
12574,62,Female,Pune,2024-08-05,New,3.81,Indian,298.65,Credit Card
12575,38,Male,Bangalore,2026-05-20,Regular,4.89,Indian,390.53,Wallet
12576,35,Other,Mumbai,2024-10-01,Regular,9.73,South Indian,364.19,Cash
12577,54,Female,Delhi,2024-02-21,Regular,7.68,Indian,627.96,UPI
12578,62,Male,Bangalore,2025-01-08,Regular,8.37,Biryani,639.81,UPI
12579,49,Female,Bangalore,2025-10-31,Regular,9.39,Indian,377.75,UPI
12580,53,Male,Chennai,2024-12-28,Regular,9.12,Desserts,295.93,Credit Card
12581,34,Female,Pune,2025-07-20,New,1.71,Desserts,186.09,UPI
12582,52,Female,Pune,2024-01-14,New,2.68,Indian,284.79,UPI
12583,28,Other,Delhi,2026-02-19,New,2.16,Indian,341.96,Cash
12584,38,Female,Chennai,2024-12-05,New,2.38,Biryani,209.24,Debit Card
12585,43,Male,Mumbai,2025-08-24,New,1.46,Desserts,362.37,Wallet
12586,21,Female,Mumbai,2025-06-22,Regular,9.33,Biryani,393.84,Cash
12587,51,Male,Delhi,2024-03-29,Regular,5.39,Burgers,501.92,UPI
12588,35,Female,Pune,2026-06-23,New,3.69,South Indian,266.33,Debit Card
12589,57,Female,Mumbai,2024-02-10,New,2.83,Pizza,369.02,UPI
12590,52,Male,Delhi,2024-10-30,New,2.49,Desserts,167.23,Credit Card
12591,58,Male,Mumbai,2024-09-24,Regular,7.93,Burgers,431.76,UPI
12592,46,Female,Hyderabad,2024-05-17,New,2.83,Biryani,313.29,UPI
12593,46,Female,Bangalore,2024-01-06,Regular,4.1,Indian,357.81,UPI
12594,55,Male,Pune,2024-08-29,Regular,5.9,Pizza,295.84,Credit Card
12595,59,Male,Hyderabad,2024-06-10,Regular,9.64,Chinese,405.14,Wallet
12596,38,Male,Delhi,2025-11-22,Regular,4.81,Pizza,540.3,UPI
12597,59,Female,Delhi,2026-03-19,New,3.74,Burgers,392.01,Credit Card
12598,30,Male,Hyderabad,2025-06-01,New,2.49,South Indian,159.94,Debit Card
12599,58,Female,Bangalore,2026-06-16,New,1.4,Burgers,292.32,Credit Card
12600,34,Male,Bangalore,2026-02-21,New,3.44,South Indian,176.33,Wallet
12601,26,Female,Chennai,2025-02-04,New,2.76,South Indian,320.1,UPI
12602,58,Male,Mumbai,2026-02-22,Regular,8.09,Biryani,554.22,UPI
12603,18,Female,Chennai,2024-06-04,New,2.39,South Indian,153.69,UPI
12604,19,Male,Bangalore,2024-03-25,VIP,16.11,Chinese,942.78,Credit Card
12605,46,Female,Hyderabad,2025-12-12,New,1.07,Pizza,168.61,UPI
12606,50,Male,Mumbai,2024-01-10,Regular,5.29,Burgers,624.11,UPI
12607,27,Female,Hyderabad,2024-05-17,Regular,9.44,Burgers,322.0,Wallet
12608,57,Female,Chennai,2026-01-23,Regular,8.3,South Indian,484.22,UPI
12609,38,Male,Delhi,2026-06-24,Regular,5.7,Biryani,440.04,UPI
12610,45,Female,Hyderabad,2025-12-13,Regular,4.81,Chinese,696.25,Cash
12611,28,Female,Chennai,2024-06-04,VIP,11.36,Chinese,1059.64,Credit Card
12612,51,Male,Chennai,2025-02-11,Regular,7.74,Indian,307.2,Credit Card
12613,25,Male,Chennai,2026-02-25,New,3.83,Chinese,381.18,UPI
12614,39,Male,Delhi,2024-08-12,Regular,7.02,South Indian,337.04,Credit Card
12615,25,Female,Delhi,2025-08-02,New,2.05,South Indian,341.13,Debit Card
12616,32,Female,Delhi,2024-07-02,VIP,9.29,Desserts,1249.0,Wallet
12617,34,Male,Mumbai,2024-07-13,Regular,6.07,Pizza,379.07,Credit Card
12618,40,Female,Delhi,2025-07-07,New,2.23,South Indian,271.86,Debit Card
12619,41,Female,Delhi,2025-01-30,New,1.37,Pizza,224.73,UPI
12620,62,Female,Delhi,2026-07-02,New,1.03,Chinese,173.7,UPI
12621,36,Female,Hyderabad,2025-10-24,Regular,5.72,Indian,697.47,Debit Card
12622,22,Female,Delhi,2025-08-18,VIP,15.92,Desserts,1236.64,UPI
12623,49,Female,Mumbai,2024-05-13,New,2.25,Biryani,200.91,Wallet
12624,61,Male,Chennai,2024-11-04,Regular,9.05,Burgers,570.06,Credit Card
12625,18,Female,Hyderabad,2026-05-15,VIP,12.83,South Indian,607.27,Credit Card
12626,40,Female,Bangalore,2026-03-20,New,2.77,Chinese,263.93,Debit Card
12627,54,Male,Delhi,2025-06-25,New,3.11,South Indian,277.39,Debit Card
12628,25,Female,Chennai,2024-01-09,Regular,4.33,Pizza,537.16,Debit Card
12629,30,Female,Chennai,2024-06-18,New,2.67,Chinese,376.82,Debit Card
12630,25,Female,Hyderabad,2024-10-16,New,1.83,Burgers,288.28,Credit Card
12631,40,Male,Bangalore,2024-06-16,VIP,16.4,Pizza,1178.04,Wallet
12632,60,Male,Pune,2024-12-09,Regular,4.16,Chinese,276.29,Wallet
12633,18,Female,Mumbai,2025-05-11,Regular,5.06,Biryani,405.6,UPI
12634,62,Female,Pune,2024-05-24,Regular,4.66,Biryani,464.45,Wallet
12635,41,Male,Chennai,2025-02-16,Regular,8.81,Burgers,389.39,Wallet
12636,52,Female,Pune,2026-01-09,Regular,6.08,Biryani,389.41,Credit Card
12637,41,Female,Chennai,2026-03-28,New,1.86,Pizza,152.23,Credit Card
12638,34,Male,Pune,2025-08-10,New,1.14,Burgers,353.99,Debit Card
12639,22,Male,Chennai,2026-01-04,Regular,8.1,Chinese,658.63,UPI
12640,37,Male,Chennai,2025-11-19,New,1.19,Pizza,398.87,UPI
12641,38,Female,Hyderabad,2025-04-01,New,3.89,Biryani,343.24,Wallet
12642,57,Male,Bangalore,2025-12-01,Regular,8.67,Indian,352.8,Credit Card
12643,48,Male,Chennai,2024-10-28,New,1.52,South Indian,188.65,UPI
12644,63,Male,Mumbai,2024-02-15,VIP,9.14,Biryani,1286.98,UPI
12645,53,Male,Mumbai,2026-06-12,Regular,8.03,Indian,282.15,UPI
12646,28,Male,Delhi,2024-01-17,New,1.92,Burgers,213.08,Wallet
12647,32,Male,Chennai,2025-07-31,New,1.84,Chinese,357.38,Credit Card
12648,36,Female,Chennai,2024-12-25,Regular,4.23,Desserts,687.16,Credit Card
12649,24,Female,Chennai,2024-09-17,Regular,7.12,South Indian,654.45,UPI
12650,45,Male,Pune,2024-05-02,Regular,5.0,Chinese,677.31,Debit Card
12651,60,Male,Chennai,2024-08-18,Regular,9.82,Burgers,297.77,Wallet
12652,22,Other,Chennai,2025-09-28,Regular,5.54,Chinese,469.62,Debit Card
12653,22,Male,Mumbai,2024-04-21,VIP,12.55,Pizza,1370.28,Credit Card
12654,47,Male,Bangalore,2026-02-22,Regular,5.18,Pizza,520.16,Wallet
12655,49,Male,Bangalore,2025-08-15,Regular,4.81,Biryani,354.73,UPI
12656,25,Male,Delhi,2024-09-02,Regular,7.61,Biryani,596.78,UPI
12657,27,Female,Mumbai,2026-05-08,Regular,6.96,Biryani,539.8,UPI
12658,55,Male,Chennai,2025-01-25,Regular,6.25,Biryani,507.22,UPI
12659,64,Female,Bangalore,2025-01-26,Regular,4.51,Burgers,621.35,UPI
12660,49,Male,Hyderabad,2024-11-23,Regular,8.42,Chinese,475.12,Credit Card
12661,45,Male,Hyderabad,2024-08-02,Regular,4.04,Biryani,371.43,UPI
12662,34,Female,Hyderabad,2026-05-13,New,3.67,Burgers,205.71,Wallet
12663,48,Male,Chennai,2026-01-16,Regular,7.8,Desserts,680.68,UPI
12664,25,Female,Chennai,2025-01-01,New,3.54,South Indian,387.31,Cash
12665,57,Male,Delhi,2024-03-22,New,3.13,Biryani,215.27,UPI
12666,42,Female,Delhi,2026-03-16,VIP,11.74,Chinese,920.83,Credit Card
12667,26,Male,Delhi,2026-04-01,Regular,5.94,Pizza,481.87,UPI
12668,19,Female,Pune,2024-03-16,New,3.79,Indian,225.07,Credit Card
12669,32,Male,Hyderabad,2025-06-10,New,1.2,Desserts,308.86,Cash
12670,20,Female,Chennai,2026-01-01,Regular,4.12,Pizza,491.67,Debit Card
12671,53,Male,Hyderabad,2025-05-17,Regular,5.94,Chinese,345.81,UPI
12672,21,Female,Delhi,2026-01-11,New,1.53,Chinese,164.54,UPI
12673,31,Male,Chennai,2025-04-23,New,1.24,Desserts,259.54,UPI
12674,58,Female,Mumbai,2025-01-06,New,2.17,Chinese,284.2,UPI
12675,58,Male,Bangalore,2024-09-21,New,2.17,Chinese,347.62,Wallet
12676,42,Male,Bangalore,2024-09-20,New,1.69,Biryani,180.28,UPI
12677,27,Female,Delhi,2024-04-19,Regular,7.62,South Indian,310.57,Credit Card
12678,38,Male,Hyderabad,2026-07-03,New,2.2,Indian,224.93,UPI
12679,53,Male,Mumbai,2024-11-02,New,2.23,Biryani,228.0,UPI
12680,29,Female,Chennai,2024-07-18,VIP,12.57,Pizza,712.17,Wallet
12681,44,Other,Hyderabad,2024-08-13,VIP,18.16,South Indian,1259.17,UPI
12682,57,Male,Delhi,2024-07-03,New,2.83,Desserts,337.27,UPI
12683,19,Female,Hyderabad,2024-01-31,New,1.06,Burgers,352.6,Debit Card
12684,30,Female,Delhi,2025-09-05,Regular,8.21,Chinese,626.72,UPI
12685,49,Male,Pune,2026-02-09,Regular,5.65,Desserts,628.42,UPI
12686,48,Female,Bangalore,2024-04-08,VIP,19.59,Pizza,1488.47,Credit Card
12687,33,Female,Bangalore,2024-12-04,Regular,5.82,Burgers,313.69,Cash
12688,49,Other,Hyderabad,2026-03-21,Regular,9.24,Indian,298.55,Debit Card
12689,49,Male,Mumbai,2026-03-07,VIP,19.53,Pizza,1369.07,Cash
12690,51,Female,Chennai,2024-09-22,Regular,4.95,Desserts,622.69,Debit Card
12691,28,Male,Delhi,2025-10-13,New,3.25,South Indian,385.77,UPI
12692,27,Male,Chennai,2026-03-24,Regular,5.25,Biryani,379.93,UPI
12693,32,Male,Bangalore,2026-03-08,New,3.34,Burgers,375.27,Wallet
12694,34,Other,Mumbai,2024-12-15,New,1.97,Pizza,320.74,UPI
12695,57,Female,Mumbai,2025-12-28,Regular,7.51,Biryani,598.48,UPI
12696,35,Female,Chennai,2025-06-27,New,2.44,Biryani,372.94,Wallet
12697,26,Female,Bangalore,2025-04-01,New,3.78,Biryani,173.0,UPI
12698,42,Male,Chennai,2026-03-25,VIP,9.05,South Indian,1494.69,Credit Card
12699,57,Male,Hyderabad,2024-03-28,Regular,9.94,Chinese,588.5,Debit Card
12700,31,Male,Mumbai,2024-03-03,New,3.12,Pizza,259.97,Debit Card
12701,42,Male,Mumbai,2026-07-10,New,2.73,Biryani,347.98,UPI
12702,39,Female,Hyderabad,2025-01-21,New,1.75,Chinese,316.22,Credit Card
12703,47,Female,Bangalore,2026-03-01,New,1.87,Biryani,373.26,UPI
12704,37,Male,Mumbai,2025-04-03,Regular,8.36,Burgers,574.15,Credit Card
12705,38,Male,Pune,2025-08-08,New,2.35,Desserts,243.32,Credit Card
12706,61,Male,Pune,2026-03-28,Regular,9.12,Burgers,642.42,Wallet
12707,49,Male,Pune,2026-07-20,New,1.04,Burgers,265.68,UPI
12708,63,Female,Delhi,2025-09-27,VIP,12.12,Chinese,1364.68,Wallet
12709,38,Female,Delhi,2024-09-25,Regular,9.15,Chinese,403.49,Debit Card
12710,52,Female,Bangalore,2026-06-12,VIP,10.77,Biryani,1131.75,Debit Card
12711,49,Male,Hyderabad,2026-03-07,Regular,4.15,South Indian,318.28,UPI
12712,47,Male,Chennai,2026-07-22,Regular,8.03,Pizza,668.54,UPI
12713,56,Male,Bangalore,2025-09-24,VIP,8.63,South Indian,661.62,Debit Card
12714,29,Female,Chennai,2024-12-11,Regular,4.5,Desserts,303.69,Cash
12715,58,Female,Bangalore,2025-12-24,New,3.28,Chinese,244.74,UPI
12716,64,Male,Delhi,2026-06-19,New,1.5,Desserts,160.4,Wallet
12717,35,Female,Pune,2025-10-21,New,1.5,Pizza,363.37,Credit Card
12718,38,Female,Hyderabad,2024-03-18,New,1.61,Desserts,271.93,Wallet
12719,30,Female,Delhi,2024-12-30,Regular,4.78,Desserts,503.46,UPI
12720,38,Female,Hyderabad,2024-01-14,Regular,9.14,Burgers,697.25,Debit Card
12721,25,Female,Chennai,2024-05-15,Regular,8.35,South Indian,280.98,Wallet
12722,63,Female,Bangalore,2024-10-30,New,2.62,Desserts,332.71,Wallet
12723,57,Male,Mumbai,2025-01-31,New,3.3,South Indian,340.57,Debit Card
12724,63,Male,Mumbai,2026-03-02,New,2.66,South Indian,297.29,UPI
12725,24,Male,Hyderabad,2024-03-19,Regular,8.02,Chinese,307.42,Credit Card
12726,40,Male,Pune,2026-01-24,Regular,6.25,Pizza,265.04,UPI
12727,61,Female,Pune,2025-12-05,New,3.15,Burgers,375.73,UPI
12728,49,Female,Hyderabad,2025-02-21,Regular,6.65,Chinese,328.68,UPI
12729,28,Male,Delhi,2024-08-29,Regular,6.96,Burgers,467.5,UPI
12730,39,Female,Mumbai,2024-02-20,VIP,11.57,Desserts,657.23,Debit Card
12731,39,Male,Delhi,2026-01-13,New,2.07,Indian,205.63,Debit Card
12732,60,Male,Chennai,2026-02-09,Regular,8.66,Indian,644.64,UPI
12733,42,Male,Mumbai,2025-01-18,New,1.95,Burgers,193.23,Debit Card
12734,39,Male,Chennai,2025-01-09,Regular,8.82,Indian,683.9,UPI
12735,45,Male,Bangalore,2025-12-30,Regular,4.73,Pizza,556.23,UPI
12736,46,Female,Delhi,2024-07-24,Regular,9.02,Desserts,596.96,Debit Card
12737,30,Male,Hyderabad,2026-04-05,New,2.56,Desserts,152.33,UPI
12738,35,Other,Mumbai,2025-05-03,New,1.15,Pizza,389.54,Credit Card
12739,19,Male,Delhi,2025-01-15,Regular,6.6,Desserts,398.61,UPI
12740,46,Male,Hyderabad,2026-05-30,Regular,6.85,Chinese,320.37,Credit Card
12741,38,Male,Bangalore,2024-11-06,Regular,5.71,Burgers,356.77,UPI
12742,32,Female,Mumbai,2025-01-09,Regular,5.02,Desserts,628.19,UPI
12743,44,Male,Chennai,2025-09-23,Regular,4.63,Chinese,563.24,UPI
12744,48,Female,Bangalore,2025-08-14,Regular,6.71,Pizza,455.11,Debit Card
12745,32,Female,Pune,2024-02-11,Regular,4.75,Desserts,263.23,UPI
12746,40,Female,Hyderabad,2025-06-16,Regular,5.47,Pizza,369.79,UPI
12747,41,Female,Mumbai,2025-06-05,Regular,4.8,Pizza,578.0,UPI
12748,61,Male,Mumbai,2026-04-04,New,3.25,South Indian,392.84,UPI
12749,30,Male,Bangalore,2024-06-01,Regular,9.29,Indian,445.99,UPI
12750,39,Male,Mumbai,2024-11-07,VIP,8.15,Chinese,570.48,UPI
12751,60,Female,Hyderabad,2024-10-20,New,1.98,Chinese,377.01,Cash
12752,54,Male,Bangalore,2025-08-20,Regular,7.86,Desserts,684.87,UPI
12753,50,Male,Chennai,2024-04-22,Regular,9.06,Desserts,655.51,Credit Card
12754,20,Other,Bangalore,2025-12-01,Regular,7.33,Pizza,263.72,Cash
12755,36,Male,Bangalore,2024-04-21,Regular,6.78,Desserts,466.43,UPI
12756,40,Female,Chennai,2024-06-23,New,3.38,South Indian,339.93,Debit Card
12757,46,Female,Pune,2026-04-01,Regular,5.92,Chinese,479.77,UPI
12758,47,Male,Hyderabad,2024-10-28,New,1.76,Biryani,354.46,Wallet
12759,56,Male,Pune,2025-05-30,VIP,9.03,Chinese,1262.98,Wallet
12760,61,Male,Pune,2026-01-03,Regular,8.69,South Indian,601.71,UPI
12761,64,Female,Pune,2024-08-08,Regular,6.77,Pizza,463.78,UPI
12762,42,Female,Delhi,2024-06-19,Regular,9.72,South Indian,696.4,UPI
12763,54,Female,Pune,2024-11-13,New,2.36,Indian,190.13,Cash
12764,64,Female,Delhi,2024-07-31,New,1.94,Chinese,271.05,UPI
12765,25,Female,Chennai,2024-09-09,New,3.57,Indian,369.87,Cash
12766,59,Male,Hyderabad,2024-05-03,Regular,4.03,Chinese,562.83,Wallet
12767,33,Male,Pune,2025-10-01,Regular,4.4,Indian,511.98,UPI
12768,25,Female,Mumbai,2024-07-31,Regular,4.13,Chinese,687.38,Debit Card
12769,18,Male,Chennai,2025-09-15,Regular,8.64,Biryani,436.89,UPI
12770,61,Male,Delhi,2024-03-25,VIP,16.95,Pizza,774.14,Credit Card
12771,22,Female,Hyderabad,2025-05-30,New,2.17,Biryani,205.73,UPI
12772,20,Male,Bangalore,2024-03-05,Regular,4.88,Burgers,492.3,UPI
12773,18,Female,Hyderabad,2024-11-13,New,1.76,South Indian,381.57,Credit Card
12774,21,Female,Hyderabad,2024-12-11,Regular,6.79,Chinese,573.52,Credit Card
12775,57,Male,Pune,2025-09-23,New,3.06,South Indian,368.93,Debit Card
12776,52,Female,Pune,2024-08-30,Regular,6.99,Chinese,387.88,Debit Card
12777,49,Male,Delhi,2026-06-16,New,1.98,Burgers,227.07,Cash
12778,59,Male,Delhi,2024-05-16,New,3.1,Pizza,277.21,Debit Card
12779,51,Male,Pune,2024-09-03,Regular,8.93,Pizza,282.23,Debit Card
12780,60,Male,Pune,2025-03-16,New,1.54,South Indian,378.45,UPI
12781,42,Female,Mumbai,2024-02-14,Regular,6.78,Biryani,332.36,UPI
12782,27,Male,Mumbai,2025-10-19,Regular,5.93,Burgers,337.22,UPI
12783,38,Male,Chennai,2026-05-29,Regular,9.59,South Indian,541.17,Credit Card
12784,63,Male,Pune,2025-11-18,Regular,7.0,Pizza,575.91,Debit Card
12785,56,Female,Bangalore,2025-07-07,Regular,8.38,Indian,581.58,Debit Card
12786,44,Female,Mumbai,2026-03-19,New,2.87,South Indian,212.62,Cash
12787,44,Male,Delhi,2024-03-29,New,1.72,Chinese,209.7,UPI
12788,19,Male,Hyderabad,2025-12-30,Regular,7.93,Desserts,494.8,Credit Card
12789,58,Male,Chennai,2024-08-15,Regular,7.99,Pizza,447.36,Wallet
12790,30,Male,Mumbai,2026-03-20,VIP,13.2,Chinese,739.47,UPI
12791,26,Female,Hyderabad,2024-10-17,Regular,5.62,Burgers,359.6,Credit Card
12792,53,Female,Hyderabad,2025-02-25,Regular,8.99,Biryani,637.08,Wallet
12793,39,Male,Mumbai,2024-03-07,VIP,15.48,Biryani,1072.21,Credit Card
12794,59,Male,Bangalore,2024-09-07,Regular,7.95,Pizza,655.03,Debit Card
12795,43,Male,Bangalore,2024-02-10,Regular,6.3,Pizza,340.73,Wallet
12796,29,Female,Chennai,2024-04-08,Regular,6.83,Biryani,671.23,Credit Card
12797,34,Male,Bangalore,2024-11-01,Regular,5.27,South Indian,559.54,UPI
12798,31,Other,Chennai,2026-05-21,Regular,7.9,Desserts,528.25,Wallet
12799,31,Female,Delhi,2026-05-03,New,3.43,Biryani,225.96,Wallet
12800,51,Male,Mumbai,2025-03-31,Regular,6.91,Biryani,680.34,UPI
12801,37,Female,Hyderabad,2025-08-13,New,1.99,South Indian,154.14,Credit Card
12802,28,Female,Chennai,2024-10-27,New,1.21,Chinese,252.19,Credit Card
12803,33,Female,Bangalore,2024-07-17,Regular,9.89,South Indian,601.67,Wallet
12804,48,Male,Chennai,2025-10-20,New,3.15,Indian,391.78,UPI
12805,23,Male,Pune,2025-05-02,Regular,9.9,Pizza,381.17,UPI
12806,36,Female,Chennai,2024-04-15,VIP,18.86,Biryani,933.59,Credit Card
12807,54,Female,Bangalore,2025-02-04,VIP,10.54,Desserts,852.31,Credit Card
12808,21,Female,Pune,2025-12-05,Regular,4.62,Burgers,620.33,Cash
12809,64,Female,Pune,2025-04-21,Regular,6.49,Pizza,531.33,Cash
12810,21,Female,Bangalore,2024-05-01,Regular,5.43,Desserts,492.59,UPI
12811,37,Female,Pune,2024-03-17,Regular,9.72,Biryani,353.1,UPI
12812,27,Male,Mumbai,2024-11-07,New,1.99,Chinese,340.5,UPI
12813,41,Female,Hyderabad,2024-04-21,Regular,7.58,Biryani,612.23,UPI
12814,52,Female,Mumbai,2026-05-10,Regular,9.98,Desserts,467.32,Debit Card
12815,43,Female,Mumbai,2026-03-19,New,2.5,South Indian,186.32,Credit Card
12816,54,Female,Bangalore,2025-11-12,New,1.81,Pizza,230.64,UPI
12817,55,Male,Bangalore,2025-06-01,Regular,4.27,South Indian,589.41,UPI
12818,38,Female,Hyderabad,2024-07-15,New,2.31,Biryani,181.66,UPI
12819,57,Female,Chennai,2024-04-07,New,3.01,Chinese,347.01,Credit Card
12820,56,Male,Mumbai,2025-04-03,New,1.12,Desserts,281.67,Debit Card
12821,38,Male,Pune,2026-04-20,Regular,5.33,South Indian,646.99,UPI
12822,27,Male,Hyderabad,2024-08-17,Regular,5.36,Burgers,276.66,UPI
12823,55,Male,Mumbai,2024-06-16,Regular,6.2,Biryani,597.59,Debit Card
12824,63,Male,Chennai,2026-03-19,New,2.78,Chinese,167.86,Wallet
12825,21,Male,Pune,2026-02-15,Regular,5.83,Pizza,696.18,UPI
12826,62,Female,Mumbai,2024-01-08,Regular,7.63,Desserts,356.92,UPI
12827,37,Female,Delhi,2024-06-20,Regular,8.83,Pizza,416.95,UPI
12828,34,Female,Hyderabad,2024-12-25,Regular,9.62,Burgers,684.79,UPI
12829,24,Female,Bangalore,2024-07-13,Regular,4.41,Indian,292.31,Debit Card
12830,21,Male,Mumbai,2024-09-25,Regular,5.67,South Indian,485.67,UPI
12831,46,Male,Pune,2024-01-19,Regular,5.53,Biryani,478.04,Credit Card
12832,31,Female,Pune,2024-12-19,New,3.61,Pizza,209.53,Wallet
12833,20,Male,Hyderabad,2026-05-13,Regular,6.55,Biryani,398.86,Debit Card
12834,41,Other,Hyderabad,2024-02-18,Regular,6.34,Burgers,666.66,Credit Card
12835,54,Female,Pune,2025-04-08,Regular,9.71,South Indian,371.53,UPI
12836,33,Female,Pune,2024-12-21,Regular,6.62,Chinese,542.36,UPI
12837,21,Other,Pune,2026-04-29,VIP,15.97,Biryani,678.14,Debit Card
12838,41,Male,Mumbai,2024-06-06,Regular,8.49,Burgers,370.0,UPI
12839,51,Male,Pune,2024-03-06,Regular,8.35,Desserts,334.98,UPI
12840,47,Female,Bangalore,2026-05-08,Regular,7.5,Chinese,680.45,UPI
12841,35,Male,Pune,2025-07-24,New,2.58,Desserts,326.63,UPI
12842,36,Female,Bangalore,2026-03-31,Regular,7.75,Chinese,521.89,Credit Card
12843,48,Male,Mumbai,2024-11-03,Regular,9.25,Chinese,602.3,Wallet
12844,36,Female,Hyderabad,2024-12-02,Regular,5.82,South Indian,286.55,Cash
12845,63,Female,Bangalore,2025-11-01,New,1.47,Indian,265.37,Debit Card
12846,36,Female,Mumbai,2026-02-21,New,3.14,Biryani,184.4,UPI
12847,39,Male,Pune,2024-04-30,New,1.22,Chinese,311.86,UPI
12848,41,Male,Mumbai,2026-02-04,New,2.45,Pizza,161.78,UPI
12849,62,Female,Pune,2025-02-07,New,2.45,South Indian,243.5,UPI
12850,29,Male,Mumbai,2026-02-11,Regular,5.96,South Indian,556.46,Credit Card
12851,47,Female,Hyderabad,2025-10-08,New,3.79,Chinese,150.84,Wallet
12852,55,Female,Bangalore,2026-02-24,Regular,9.37,Pizza,411.48,Debit Card
12853,48,Female,Hyderabad,2025-07-21,Regular,9.28,Burgers,317.03,Wallet
12854,53,Female,Delhi,2026-04-22,New,1.7,South Indian,288.88,Credit Card
12855,36,Male,Pune,2024-04-05,Regular,8.58,Chinese,303.34,Credit Card
12856,62,Female,Bangalore,2024-04-23,Regular,9.39,Biryani,462.43,Wallet
12857,53,Female,Hyderabad,2026-05-18,Regular,8.42,Chinese,356.43,Debit Card
12858,47,Male,Bangalore,2025-03-04,New,3.23,Biryani,363.63,Credit Card
12859,50,Other,Delhi,2025-06-23,New,3.44,Biryani,286.09,UPI
12860,35,Male,Chennai,2026-03-28,Regular,6.53,Indian,317.31,UPI
12861,45,Male,Pune,2024-01-02,New,1.11,Indian,172.11,Wallet
12862,64,Male,Pune,2024-07-30,New,3.92,Desserts,374.15,UPI
12863,28,Female,Mumbai,2025-08-02,New,1.04,Burgers,368.96,Credit Card
12864,62,Male,Pune,2025-10-01,Regular,8.06,Burgers,455.82,Credit Card
12865,50,Female,Pune,2024-11-28,New,3.49,Biryani,232.04,Debit Card
12866,34,Female,Hyderabad,2024-01-24,Regular,7.86,Burgers,291.46,UPI
12867,23,Male,Pune,2026-02-03,New,2.16,Desserts,351.75,UPI
12868,21,Male,Pune,2025-01-02,Regular,4.15,Burgers,499.13,Debit Card
12869,37,Female,Delhi,2026-01-11,New,2.82,Chinese,303.9,Credit Card
12870,64,Male,Delhi,2025-05-20,Regular,4.43,Chinese,645.07,UPI
12871,44,Female,Bangalore,2024-06-24,Regular,7.66,Chinese,607.17,Cash
12872,32,Male,Bangalore,2025-03-04,Regular,4.61,Pizza,306.46,Debit Card
12873,23,Female,Pune,2026-06-05,New,1.63,Biryani,350.65,Credit Card
12874,64,Female,Pune,2026-01-02,Regular,5.11,Burgers,511.72,Debit Card
12875,31,Male,Mumbai,2025-03-17,New,3.57,Pizza,196.82,UPI
12876,28,Male,Bangalore,2025-07-01,Regular,9.32,South Indian,507.74,Cash
12877,56,Male,Hyderabad,2025-05-28,New,1.73,Biryani,247.25,Cash
12878,26,Male,Pune,2026-06-13,Regular,7.99,Desserts,280.48,Credit Card
12879,43,Female,Hyderabad,2024-12-26,New,1.44,South Indian,303.7,Debit Card
12880,33,Female,Pune,2024-09-30,New,1.44,Chinese,344.05,Debit Card
12881,22,Male,Hyderabad,2024-06-25,Regular,9.2,South Indian,495.49,Debit Card
12882,27,Female,Chennai,2024-09-20,VIP,17.8,Chinese,1066.7,UPI
12883,20,Female,Hyderabad,2024-07-04,Regular,9.19,Desserts,658.34,Credit Card
12884,30,Male,Bangalore,2025-06-10,Regular,7.88,Biryani,677.36,UPI
12885,60,Male,Pune,2026-07-01,Regular,4.81,Biryani,690.9,UPI
12886,47,Female,Bangalore,2024-10-05,Regular,4.23,Desserts,654.52,UPI
12887,62,Female,Hyderabad,2025-12-06,New,1.67,Desserts,224.88,UPI
12888,23,Female,Delhi,2024-07-16,New,3.21,Burgers,190.16,Debit Card
12889,34,Female,Delhi,2024-12-14,VIP,11.96,Pizza,659.52,UPI
12890,62,Male,Delhi,2026-07-11,Regular,8.45,Chinese,538.81,Credit Card
12891,36,Female,Pune,2025-02-24,Regular,9.73,Indian,614.15,UPI
12892,59,Female,Mumbai,2024-10-31,Regular,7.36,Desserts,309.36,Credit Card
12893,52,Female,Chennai,2024-03-04,Regular,8.49,Indian,557.17,Debit Card
12894,63,Male,Hyderabad,2024-10-16,Regular,5.65,Burgers,669.0,UPI
12895,43,Male,Mumbai,2024-01-18,Regular,8.08,Desserts,493.02,Credit Card
12896,22,Male,Delhi,2024-03-04,New,2.34,Pizza,244.57,Debit Card
12897,46,Female,Hyderabad,2026-05-23,Regular,9.09,Chinese,487.1,UPI
12898,54,Male,Mumbai,2024-11-25,Regular,7.22,Burgers,568.12,UPI
12899,37,Male,Bangalore,2026-05-19,VIP,16.77,Pizza,1072.48,UPI
12900,38,Male,Delhi,2026-02-01,Regular,5.22,Indian,485.67,Credit Card
12901,27,Male,Mumbai,2026-07-28,Regular,8.42,Chinese,347.82,Debit Card
12902,22,Female,Pune,2024-01-17,New,1.64,Pizza,158.09,Credit Card
12903,53,Female,Bangalore,2025-03-18,New,2.29,South Indian,291.86,UPI
12904,23,Female,Delhi,2024-05-20,VIP,16.94,Chinese,1494.31,UPI
12905,43,Male,Chennai,2024-11-03,Regular,5.88,South Indian,615.32,UPI
12906,21,Female,Delhi,2025-03-19,Regular,6.85,Biryani,406.54,UPI
12907,56,Male,Pune,2025-05-10,Regular,8.06,Biryani,390.59,UPI
12908,56,Male,Chennai,2025-03-01,New,3.46,Biryani,386.41,UPI
12909,52,Male,Chennai,2025-04-19,Regular,9.04,Burgers,642.96,Debit Card
12910,18,Male,Chennai,2026-04-11,New,2.98,Pizza,259.57,Cash
12911,41,Male,Hyderabad,2024-09-01,Regular,4.26,Biryani,254.02,UPI
12912,53,Female,Hyderabad,2025-03-25,Regular,8.76,Desserts,333.95,Wallet
12913,23,Female,Chennai,2026-03-12,New,2.08,Pizza,200.05,Debit Card
12914,58,Female,Bangalore,2024-12-16,VIP,16.17,Pizza,1179.97,Wallet
12915,63,Male,Chennai,2025-08-21,VIP,9.56,Pizza,1011.56,UPI
12916,61,Male,Mumbai,2025-12-11,New,3.08,Chinese,344.6,Wallet
12917,48,Male,Chennai,2026-05-19,Regular,4.44,Desserts,386.24,Cash
12918,37,Other,Hyderabad,2024-06-09,Regular,4.67,South Indian,653.74,Wallet
12919,41,Female,Hyderabad,2024-05-19,Regular,8.83,South Indian,396.13,Debit Card
12920,42,Female,Mumbai,2025-05-07,VIP,8.94,Burgers,1447.66,UPI
12921,53,Male,Mumbai,2025-08-10,Regular,9.99,Biryani,578.95,UPI
12922,38,Female,Delhi,2025-06-14,Regular,8.55,Burgers,344.27,Wallet
12923,47,Male,Bangalore,2025-01-27,Regular,7.61,Pizza,364.23,UPI
12924,41,Female,Bangalore,2026-04-21,Regular,9.9,Indian,411.13,UPI
12925,61,Female,Bangalore,2025-02-04,Regular,5.9,Indian,544.4,UPI
12926,59,Other,Pune,2024-02-19,Regular,4.99,Desserts,617.87,Credit Card
12927,47,Female,Hyderabad,2026-01-13,Regular,8.42,Pizza,496.02,Credit Card
12928,39,Male,Bangalore,2024-10-21,Regular,5.67,Biryani,309.82,Cash
12929,45,Female,Delhi,2025-02-28,Regular,9.77,South Indian,450.81,Wallet
12930,24,Female,Delhi,2026-06-24,Regular,9.93,Burgers,307.46,Credit Card
12931,52,Male,Bangalore,2024-01-12,New,3.32,Chinese,285.38,Credit Card
12932,45,Male,Mumbai,2024-11-30,New,1.68,Indian,226.82,UPI
12933,31,Male,Delhi,2024-01-15,Regular,7.69,Desserts,680.3,UPI
12934,27,Male,Mumbai,2024-01-28,Regular,8.15,Burgers,626.93,Wallet
12935,33,Male,Hyderabad,2025-01-22,Regular,4.57,Indian,598.51,Credit Card
12936,33,Female,Pune,2024-10-18,Regular,8.58,South Indian,577.18,UPI
12937,48,Male,Delhi,2026-06-05,VIP,11.5,South Indian,858.38,UPI
12938,59,Male,Mumbai,2026-04-12,New,1.27,Pizza,256.67,Debit Card
12939,42,Female,Bangalore,2024-09-06,VIP,11.8,Pizza,655.62,UPI
12940,30,Female,Hyderabad,2025-05-19,New,1.41,Indian,152.0,UPI
12941,23,Female,Chennai,2024-04-07,Regular,4.47,Indian,295.42,Wallet
12942,61,Male,Chennai,2026-03-25,Regular,6.9,Burgers,457.47,UPI
12943,26,Female,Bangalore,2024-12-02,Regular,8.75,Pizza,666.15,Credit Card
12944,62,Female,Hyderabad,2024-02-08,New,2.94,Desserts,357.64,Debit Card
12945,53,Male,Hyderabad,2024-02-07,New,1.05,Desserts,352.57,Wallet
12946,60,Male,Hyderabad,2024-10-26,Regular,8.92,South Indian,542.06,Wallet
12947,37,Female,Hyderabad,2024-06-27,Regular,5.05,Biryani,459.46,Wallet
12948,35,Female,Chennai,2025-08-31,VIP,14.78,Burgers,927.38,UPI
12949,60,Other,Mumbai,2026-06-10,Regular,7.63,Burgers,322.42,Wallet
12950,38,Female,Hyderabad,2025-04-13,VIP,13.27,Chinese,1457.12,UPI
12951,21,Female,Mumbai,2024-10-08,New,2.76,Desserts,396.28,UPI
12952,50,Female,Hyderabad,2026-01-19,New,1.67,Biryani,347.27,UPI
12953,44,Male,Delhi,2024-06-12,Regular,9.83,South Indian,504.21,Wallet
12954,24,Male,Pune,2025-03-28,VIP,8.74,Burgers,933.58,UPI
12955,23,Male,Delhi,2024-04-06,Regular,9.53,Biryani,261.12,UPI
12956,32,Female,Pune,2026-02-07,New,3.55,Chinese,223.33,UPI
12957,35,Female,Delhi,2024-11-04,New,2.45,Biryani,281.95,UPI
12958,49,Female,Hyderabad,2024-09-18,Regular,4.2,Pizza,528.7,Credit Card
12959,28,Male,Mumbai,2024-10-19,Regular,7.16,South Indian,452.09,UPI
12960,37,Female,Pune,2026-02-08,Regular,5.75,Pizza,341.21,Credit Card
12961,41,Male,Chennai,2024-09-05,Regular,8.88,Chinese,515.14,Debit Card
12962,32,Male,Bangalore,2024-09-01,Regular,5.31,Desserts,505.01,Credit Card
12963,24,Female,Pune,2024-09-07,VIP,10.03,South Indian,1292.08,Wallet
12964,38,Female,Pune,2024-05-02,Regular,6.49,Indian,290.75,UPI
12965,59,Other,Chennai,2024-11-20,Regular,4.38,Indian,667.16,UPI
12966,43,Male,Hyderabad,2025-11-11,VIP,8.28,Indian,542.65,Debit Card
12967,61,Female,Delhi,2025-05-15,Regular,7.86,Biryani,368.8,Wallet
12968,31,Male,Delhi,2025-11-17,Regular,5.77,Burgers,559.34,Credit Card
12969,54,Male,Mumbai,2026-02-19,Regular,5.47,Biryani,393.06,Wallet
12970,38,Female,Hyderabad,2025-12-16,New,2.02,Biryani,225.75,Credit Card
12971,35,Female,Chennai,2026-04-16,Regular,4.81,Biryani,403.51,UPI
12972,22,Female,Hyderabad,2024-03-06,New,3.27,Biryani,333.73,Credit Card
12973,20,Male,Hyderabad,2026-04-06,New,2.97,Desserts,319.82,UPI
12974,40,Female,Delhi,2026-04-15,New,1.76,Indian,270.35,Credit Card
12975,43,Male,Chennai,2024-02-28,New,3.1,Burgers,385.66,UPI
12976,54,Female,Bangalore,2025-12-31,Regular,7.89,Burgers,348.7,UPI
12977,41,Male,Pune,2025-05-12,Regular,7.34,Chinese,515.48,Wallet
12978,36,Male,Delhi,2025-01-07,Regular,6.29,Indian,328.28,UPI
12979,42,Female,Chennai,2024-09-22,Regular,5.98,South Indian,615.17,UPI
12980,38,Female,Mumbai,2025-10-14,Regular,5.1,Biryani,433.9,Cash
12981,29,Male,Pune,2024-08-23,Regular,4.88,Burgers,524.74,Credit Card
12982,58,Male,Pune,2026-06-16,VIP,14.66,Chinese,1287.91,Credit Card
12983,50,Female,Delhi,2024-08-05,Regular,4.25,Burgers,656.5,Wallet
12984,21,Male,Mumbai,2025-06-10,Regular,6.62,South Indian,265.81,Credit Card
12985,59,Male,Delhi,2026-03-24,New,3.23,South Indian,280.26,UPI
12986,24,Male,Hyderabad,2025-03-16,Regular,9.65,Indian,543.48,UPI
12987,39,Male,Chennai,2025-10-11,Regular,7.75,Desserts,542.28,Debit Card
12988,50,Female,Mumbai,2025-02-09,Regular,7.74,Burgers,436.3,Wallet
12989,34,Female,Pune,2026-01-13,Regular,6.25,Desserts,257.05,UPI
12990,41,Female,Delhi,2025-08-23,New,3.21,South Indian,299.73,UPI
12991,51,Other,Pune,2025-08-11,New,2.18,Pizza,216.44,UPI
12992,45,Male,Mumbai,2025-10-09,VIP,17.16,South Indian,724.28,Credit Card
12993,60,Male,Pune,2026-07-05,Regular,8.34,South Indian,448.73,UPI
12994,58,Male,Delhi,2025-04-13,New,1.58,Burgers,305.91,Wallet
12995,56,Male,Delhi,2026-07-06,New,2.87,Biryani,186.52,Cash
12996,39,Male,Bangalore,2024-04-19,Regular,5.45,South Indian,603.52,Debit Card
12997,34,Female,Pune,2024-12-18,Regular,7.39,Chinese,550.02,Cash
12998,51,Female,Bangalore,2026-03-23,Regular,7.4,Biryani,393.13,UPI
12999,23,Male,Bangalore,2024-03-31,New,1.69,South Indian,351.81,Wallet
13000,63,Female,Pune,2026-07-24,New,2.76,Pizza,276.52,Debit Card
13001,23,Female,Mumbai,2026-05-31,Regular,6.08,South Indian,395.76,UPI
13002,51,Female,Hyderabad,2026-07-06,Regular,7.84,Indian,259.96,UPI
13003,18,Female,Delhi,2025-02-17,New,2.88,Burgers,242.06,Credit Card
13004,27,Female,Chennai,2025-12-02,Regular,7.55,Pizza,361.0,Debit Card
13005,38,Female,Bangalore,2024-03-13,Regular,8.61,Chinese,628.54,Wallet
13006,22,Female,Mumbai,2025-11-15,Regular,9.88,Desserts,314.46,Credit Card
13007,19,Female,Pune,2025-06-30,New,1.46,South Indian,303.2,Debit Card
13008,39,Male,Mumbai,2025-12-22,Regular,7.02,South Indian,363.91,UPI
13009,19,Male,Mumbai,2024-10-24,VIP,12.92,Desserts,1420.97,Debit Card
13010,27,Female,Pune,2025-10-06,VIP,18.23,Desserts,1127.82,Credit Card
13011,51,Male,Chennai,2024-10-09,Regular,4.17,Desserts,605.94,UPI
13012,33,Male,Pune,2025-05-19,Regular,5.0,Chinese,456.38,Cash
13013,56,Female,Chennai,2024-07-16,New,2.25,Desserts,359.5,Credit Card
13014,39,Male,Pune,2024-02-01,Regular,8.18,South Indian,346.84,Debit Card
13015,29,Female,Bangalore,2025-10-09,Regular,6.48,Desserts,699.62,Credit Card
13016,41,Female,Chennai,2026-01-29,Regular,4.38,Indian,432.41,Wallet
13017,64,Other,Bangalore,2026-05-20,Regular,8.14,Biryani,529.11,UPI
13018,57,Female,Chennai,2024-12-06,Regular,7.87,Biryani,657.22,Credit Card
13019,55,Male,Chennai,2025-10-19,VIP,18.88,Pizza,1223.79,UPI
13020,27,Female,Pune,2024-11-29,New,2.27,South Indian,160.22,UPI
13021,52,Female,Chennai,2024-05-22,New,2.9,Chinese,396.31,UPI
13022,49,Other,Bangalore,2026-01-15,Regular,4.37,Desserts,375.66,Credit Card
13023,24,Male,Pune,2025-02-13,New,3.16,Chinese,340.42,Wallet
13024,38,Male,Delhi,2024-02-13,Regular,5.29,Pizza,620.23,Credit Card
13025,37,Female,Bangalore,2024-02-01,New,1.93,Indian,342.57,Credit Card
13026,43,Male,Delhi,2026-01-12,Regular,6.91,Pizza,280.2,Wallet
13027,21,Female,Mumbai,2024-01-28,Regular,9.53,South Indian,293.58,Debit Card
13028,63,Male,Pune,2025-02-26,New,1.84,Biryani,237.9,UPI
13029,39,Male,Mumbai,2025-05-05,New,3.39,Indian,303.48,UPI
13030,32,Male,Pune,2024-06-08,Regular,5.92,Indian,442.35,UPI
13031,57,Male,Pune,2026-04-24,Regular,9.75,Chinese,662.22,UPI
13032,38,Female,Bangalore,2024-07-25,Regular,7.67,Indian,617.87,UPI
13033,32,Female,Delhi,2024-01-18,Regular,4.03,South Indian,627.05,Debit Card
13034,39,Male,Pune,2024-04-12,Regular,7.34,Desserts,379.07,UPI
13035,45,Female,Delhi,2025-08-04,Regular,6.18,South Indian,372.09,UPI
13036,31,Male,Pune,2025-09-22,New,3.88,Desserts,210.9,UPI
13037,44,Female,Delhi,2025-10-12,Regular,6.59,South Indian,438.07,Credit Card
13038,58,Male,Mumbai,2025-11-02,New,2.58,Biryani,270.43,Wallet
13039,57,Female,Bangalore,2024-08-19,Regular,7.02,Burgers,273.94,Cash
13040,45,Female,Pune,2025-10-21,Regular,7.84,Indian,687.22,Credit Card
13041,43,Female,Hyderabad,2026-05-14,Regular,7.84,Indian,276.18,Credit Card
13042,19,Female,Delhi,2025-02-27,Regular,8.03,South Indian,330.47,Debit Card
13043,42,Female,Delhi,2026-06-22,VIP,8.82,Desserts,1269.14,Debit Card
13044,20,Other,Hyderabad,2026-01-24,VIP,18.82,Chinese,552.19,Credit Card
13045,25,Female,Bangalore,2025-06-30,Regular,4.03,Biryani,298.09,Debit Card
13046,61,Female,Delhi,2026-04-16,New,3.77,Indian,158.13,Credit Card
13047,50,Female,Bangalore,2026-06-12,VIP,8.22,Burgers,861.05,Cash
13048,59,Male,Delhi,2026-05-16,New,2.46,Indian,317.98,UPI
13049,52,Female,Chennai,2024-08-26,Regular,5.65,Pizza,372.0,UPI
13050,23,Male,Delhi,2024-11-29,Regular,6.41,Burgers,474.38,UPI
13051,56,Female,Chennai,2024-05-28,VIP,8.97,Chinese,1467.09,Debit Card
13052,40,Female,Pune,2025-09-14,VIP,15.78,Burgers,651.0,UPI
13053,42,Female,Bangalore,2025-02-11,New,3.08,Burgers,251.02,UPI
13054,60,Male,Delhi,2024-01-17,Regular,4.13,Indian,353.93,Debit Card
13055,36,Male,Mumbai,2026-07-02,New,2.29,Burgers,154.19,Credit Card
13056,22,Female,Mumbai,2024-08-13,New,1.62,South Indian,186.74,Credit Card
13057,28,Female,Hyderabad,2025-10-13,Regular,9.31,Biryani,535.27,UPI
13058,29,Male,Mumbai,2025-10-17,New,3.84,Burgers,333.39,Debit Card
13059,27,Male,Chennai,2024-09-16,Regular,7.9,Indian,682.47,Credit Card
13060,25,Female,Mumbai,2025-12-29,VIP,18.81,South Indian,1252.99,Wallet
13061,41,Female,Mumbai,2025-11-04,Regular,4.4,Chinese,318.27,Debit Card
13062,45,Male,Mumbai,2025-08-26,New,1.7,Pizza,360.58,UPI
13063,58,Male,Delhi,2024-06-22,Regular,9.78,Burgers,414.43,Credit Card
13064,53,Male,Hyderabad,2026-04-22,VIP,18.38,South Indian,878.39,UPI
13065,54,Other,Bangalore,2024-07-23,Regular,6.31,South Indian,296.47,UPI
13066,38,Male,Hyderabad,2025-02-18,Regular,7.05,Chinese,321.99,UPI
13067,25,Male,Chennai,2025-05-22,VIP,14.31,Chinese,579.69,Wallet
13068,26,Male,Delhi,2024-06-01,New,3.04,Pizza,258.19,UPI
13069,64,Male,Pune,2024-04-12,VIP,8.18,Pizza,1109.93,Credit Card
13070,32,Female,Delhi,2025-12-14,VIP,13.75,Indian,1136.12,UPI
13071,63,Male,Mumbai,2026-03-02,VIP,9.55,Pizza,839.88,Wallet
13072,57,Male,Mumbai,2024-03-05,New,3.34,Pizza,159.82,Credit Card
13073,35,Male,Chennai,2024-04-26,VIP,13.77,Desserts,1386.08,Debit Card
13074,59,Male,Pune,2025-10-26,Regular,7.25,South Indian,643.14,Credit Card
13075,37,Male,Delhi,2024-06-04,Regular,6.53,Burgers,437.99,UPI
13076,23,Female,Pune,2025-11-06,Regular,8.84,Desserts,488.6,Wallet
13077,29,Female,Bangalore,2024-03-22,New,3.06,Desserts,245.94,Credit Card
13078,19,Female,Hyderabad,2025-06-01,Regular,5.02,Desserts,546.13,Credit Card
13079,24,Female,Delhi,2026-04-13,Regular,5.42,Burgers,393.19,Credit Card
13080,33,Female,Pune,2024-03-07,Regular,9.75,Biryani,350.43,Wallet
13081,20,Male,Bangalore,2024-08-25,Regular,6.66,Pizza,286.47,UPI
13082,62,Female,Bangalore,2025-08-06,New,2.38,Desserts,354.72,UPI
13083,20,Female,Hyderabad,2025-08-29,Regular,5.86,Biryani,387.69,Wallet
13084,44,Female,Bangalore,2026-03-26,New,3.95,Biryani,330.65,UPI
13085,60,Female,Chennai,2024-11-21,Regular,8.46,Indian,342.53,Credit Card
13086,57,Male,Bangalore,2025-08-12,New,1.92,Indian,293.0,UPI
13087,55,Female,Pune,2024-03-07,Regular,5.89,Burgers,657.33,UPI
13088,50,Female,Chennai,2024-06-24,Regular,4.58,Chinese,537.62,Credit Card
13089,45,Other,Bangalore,2026-04-12,VIP,16.08,South Indian,1196.5,Wallet
13090,18,Male,Mumbai,2025-11-14,Regular,9.23,Pizza,660.05,Credit Card
13091,25,Male,Bangalore,2025-04-22,Regular,8.75,South Indian,278.53,UPI
13092,54,Male,Chennai,2024-09-11,Regular,8.16,Desserts,679.75,UPI
13093,49,Female,Bangalore,2024-03-03,Regular,7.09,Pizza,273.03,Cash
13094,60,Male,Bangalore,2026-03-24,Regular,9.38,Pizza,666.53,UPI
13095,54,Male,Bangalore,2025-02-06,New,2.7,Biryani,369.47,UPI
13096,21,Other,Chennai,2026-01-27,Regular,8.9,Burgers,489.94,Cash
13097,47,Male,Bangalore,2024-07-10,Regular,5.86,South Indian,570.97,Wallet
13098,23,Female,Hyderabad,2024-11-24,New,2.38,South Indian,313.77,Debit Card
13099,63,Male,Pune,2024-03-11,New,1.9,Chinese,152.39,UPI
13100,36,Female,Hyderabad,2026-05-27,Regular,6.23,Chinese,441.43,UPI
13101,49,Female,Chennai,2026-01-10,Regular,6.96,South Indian,300.35,UPI
13102,26,Female,Mumbai,2024-03-03,New,2.2,Chinese,390.58,Credit Card
13103,29,Female,Hyderabad,2024-10-23,VIP,8.39,Chinese,1472.62,UPI
13104,28,Male,Pune,2024-09-01,VIP,11.22,Pizza,539.94,UPI
13105,63,Male,Delhi,2025-06-02,New,3.54,Burgers,164.25,UPI
13106,33,Male,Pune,2025-01-27,New,1.17,Desserts,250.51,Wallet
13107,18,Female,Hyderabad,2026-02-10,Regular,4.87,Pizza,525.84,Debit Card
13108,62,Female,Delhi,2025-08-23,VIP,19.24,Biryani,1325.93,Credit Card
13109,38,Male,Chennai,2024-06-25,Regular,5.88,Chinese,673.51,UPI
13110,47,Female,Pune,2024-07-22,Regular,8.77,Pizza,369.11,Wallet
13111,30,Male,Mumbai,2025-10-07,New,1.11,Pizza,182.45,Credit Card
13112,51,Female,Delhi,2025-08-16,Regular,4.55,Indian,682.43,Credit Card
13113,21,Other,Delhi,2025-06-16,Regular,7.5,Pizza,616.13,Wallet
13114,45,Male,Pune,2026-06-29,Regular,9.47,Pizza,646.65,UPI
13115,55,Female,Hyderabad,2024-05-07,Regular,4.94,Burgers,561.59,Credit Card
13116,48,Male,Delhi,2024-07-13,New,1.18,South Indian,393.69,Debit Card
13117,44,Female,Chennai,2024-07-12,Regular,6.63,Indian,508.79,UPI
13118,22,Female,Pune,2024-07-02,New,3.99,Indian,259.34,UPI
13119,42,Male,Chennai,2024-09-03,New,1.05,Indian,386.65,Cash
13120,20,Male,Pune,2026-05-22,VIP,17.14,Biryani,1467.96,UPI
13121,50,Male,Chennai,2026-05-21,New,1.71,Indian,237.52,Credit Card
13122,21,Female,Hyderabad,2024-11-19,Regular,5.34,Burgers,567.27,Debit Card
13123,42,Female,Pune,2024-06-08,New,1.88,South Indian,353.49,UPI
13124,37,Male,Mumbai,2025-12-06,New,2.57,Biryani,379.42,UPI
13125,51,Female,Hyderabad,2025-09-13,Regular,6.61,Burgers,587.91,UPI
13126,43,Female,Chennai,2026-07-13,New,2.08,Indian,265.56,UPI
13127,22,Male,Pune,2024-03-06,New,3.15,South Indian,374.58,Wallet
13128,52,Male,Hyderabad,2026-07-18,VIP,10.76,Burgers,1084.21,Wallet
13129,45,Female,Chennai,2024-09-10,New,2.52,South Indian,345.97,UPI
13130,46,Female,Bangalore,2024-10-09,New,3.95,Biryani,263.55,UPI
13131,26,Male,Bangalore,2024-02-29,Regular,4.4,Burgers,648.24,UPI
13132,55,Male,Delhi,2024-04-27,New,3.87,Desserts,261.73,UPI
13133,23,Male,Mumbai,2025-02-26,Regular,5.55,South Indian,363.59,Debit Card
13134,36,Female,Bangalore,2025-07-09,New,1.77,Burgers,339.15,UPI
13135,61,Male,Chennai,2025-12-22,New,2.05,Indian,381.99,Wallet
13136,28,Male,Hyderabad,2024-02-05,Regular,9.42,Indian,492.71,UPI
13137,19,Female,Pune,2025-06-14,VIP,18.93,Indian,828.52,Wallet
13138,64,Female,Hyderabad,2024-03-31,New,1.46,Biryani,332.99,Credit Card
13139,61,Male,Delhi,2024-10-27,Regular,5.84,Desserts,616.11,Debit Card
13140,61,Male,Hyderabad,2025-12-24,New,1.6,Burgers,296.83,Wallet
13141,26,Female,Bangalore,2026-07-05,New,1.67,South Indian,316.7,UPI
13142,38,Male,Hyderabad,2026-07-07,VIP,8.48,South Indian,1371.35,Credit Card
13143,41,Male,Bangalore,2026-01-03,New,2.92,Chinese,248.99,Credit Card
13144,51,Female,Bangalore,2024-08-04,VIP,11.49,Pizza,960.23,Credit Card
13145,39,Male,Mumbai,2026-01-04,New,2.72,Desserts,309.31,Credit Card
13146,20,Female,Delhi,2026-07-11,VIP,16.69,Desserts,1427.44,UPI
13147,29,Female,Chennai,2024-04-07,Regular,5.19,Indian,424.97,UPI
13148,45,Male,Bangalore,2025-03-31,VIP,18.59,Indian,1391.99,Credit Card
13149,47,Male,Pune,2025-06-14,New,3.74,Indian,250.41,UPI
13150,43,Female,Delhi,2026-03-19,Regular,5.47,Chinese,622.18,Wallet
13151,38,Female,Chennai,2025-06-21,Regular,7.46,Chinese,268.64,Credit Card
13152,45,Female,Pune,2024-01-28,Regular,8.2,Chinese,560.03,UPI
13153,43,Female,Hyderabad,2025-07-29,Regular,5.86,Indian,616.52,UPI
13154,50,Male,Delhi,2024-11-19,Regular,8.11,South Indian,308.83,Credit Card
13155,38,Female,Pune,2024-08-10,VIP,19.66,Indian,622.16,UPI
13156,52,Male,Delhi,2024-03-20,Regular,7.81,Desserts,538.67,Debit Card
13157,51,Male,Delhi,2025-07-16,Regular,7.8,Chinese,392.04,UPI
13158,58,Male,Hyderabad,2025-04-02,VIP,8.11,Chinese,954.63,Debit Card
13159,64,Male,Hyderabad,2025-09-05,New,3.0,Pizza,284.81,UPI
13160,35,Female,Delhi,2024-06-24,Regular,6.29,Burgers,312.09,Debit Card
13161,28,Male,Pune,2025-06-05,VIP,19.28,Pizza,1478.18,UPI
13162,40,Male,Mumbai,2026-01-18,Regular,5.74,Pizza,674.08,UPI
13163,39,Male,Bangalore,2025-04-01,New,1.91,Indian,276.24,UPI
13164,34,Female,Hyderabad,2025-02-26,Regular,8.72,Burgers,277.0,UPI
13165,22,Female,Mumbai,2024-04-09,VIP,14.76,Desserts,900.72,UPI
13166,61,Male,Hyderabad,2026-06-08,VIP,16.61,Burgers,1022.49,UPI
13167,28,Male,Delhi,2026-01-09,VIP,18.62,Indian,756.85,UPI
13168,47,Male,Mumbai,2025-02-06,Regular,6.1,South Indian,398.86,Debit Card
13169,32,Female,Pune,2025-07-29,Regular,4.18,Biryani,294.39,Credit Card
13170,44,Female,Pune,2025-01-14,New,3.05,Desserts,273.92,Cash
13171,52,Female,Chennai,2025-06-14,New,2.62,Indian,270.37,UPI
13172,50,Female,Bangalore,2024-11-27,New,3.86,South Indian,252.53,UPI
13173,37,Male,Bangalore,2024-11-13,New,3.32,Desserts,282.34,Debit Card
13174,33,Female,Hyderabad,2025-10-14,VIP,14.66,South Indian,1111.45,UPI
13175,51,Female,Bangalore,2025-06-20,Regular,7.92,Burgers,618.27,Credit Card
13176,19,Male,Chennai,2026-01-09,Regular,4.25,Indian,619.93,Wallet
13177,52,Male,Pune,2024-03-29,VIP,10.74,Indian,1236.95,Credit Card
13178,57,Female,Mumbai,2025-08-26,VIP,9.63,Burgers,1378.58,Credit Card
13179,45,Female,Mumbai,2025-05-25,Regular,5.66,Pizza,521.38,Debit Card
13180,64,Male,Pune,2024-02-11,Regular,5.14,Indian,484.51,Debit Card
13181,56,Female,Delhi,2026-06-03,New,1.42,Biryani,223.49,Credit Card
13182,23,Female,Pune,2026-03-17,Regular,7.98,Desserts,299.05,UPI
13183,26,Male,Mumbai,2026-07-14,New,3.02,Biryani,264.12,Cash
13184,37,Male,Hyderabad,2025-01-23,Regular,8.45,Chinese,317.66,UPI
13185,18,Male,Chennai,2024-03-21,VIP,11.59,Chinese,1438.11,UPI
13186,25,Female,Pune,2025-02-05,Regular,5.7,Indian,277.97,Cash
13187,40,Male,Delhi,2024-04-16,New,2.76,South Indian,298.73,Wallet
13188,20,Male,Hyderabad,2024-04-20,Regular,9.41,Biryani,255.93,UPI
13189,21,Female,Pune,2024-10-03,Regular,8.95,Biryani,672.7,UPI
13190,42,Female,Hyderabad,2024-08-01,New,1.66,Burgers,298.95,Debit Card
13191,64,Male,Pune,2026-01-12,New,3.4,Desserts,152.47,UPI
13192,55,Male,Hyderabad,2026-03-28,VIP,8.92,Biryani,1189.62,UPI
13193,32,Female,Bangalore,2025-05-20,New,3.12,South Indian,345.27,Cash
13194,38,Female,Hyderabad,2024-04-30,Regular,9.73,Chinese,538.72,Credit Card
13195,52,Female,Bangalore,2024-05-13,Regular,8.9,Chinese,632.19,Debit Card
13196,63,Male,Mumbai,2026-03-28,Regular,8.15,Desserts,306.98,Debit Card
13197,31,Female,Bangalore,2025-12-20,New,1.19,Burgers,192.8,Debit Card
13198,53,Female,Hyderabad,2025-01-05,Regular,6.31,Chinese,427.26,Wallet
13199,29,Female,Chennai,2024-09-13,VIP,12.0,Desserts,653.76,Credit Card
13200,34,Female,Chennai,2025-11-27,New,2.54,Pizza,262.6,Debit Card
13201,56,Male,Mumbai,2026-03-08,New,1.19,Chinese,305.09,Debit Card
13202,26,Male,Hyderabad,2026-05-24,New,3.68,Biryani,251.02,Wallet
13203,52,Female,Bangalore,2024-06-28,Regular,8.89,South Indian,671.75,Debit Card
13204,30,Female,Chennai,2026-07-21,Regular,6.44,South Indian,333.35,Wallet
13205,32,Female,Pune,2024-02-17,New,1.89,Pizza,336.11,UPI
13206,35,Male,Delhi,2025-08-21,Regular,6.32,Desserts,686.91,UPI
13207,50,Female,Hyderabad,2026-06-15,Regular,7.54,South Indian,645.03,UPI
13208,23,Female,Pune,2024-01-19,VIP,11.48,Desserts,1191.27,UPI
13209,44,Male,Pune,2024-02-15,Regular,4.7,South Indian,584.6,UPI
13210,40,Male,Hyderabad,2025-03-26,New,1.12,Desserts,200.3,UPI
13211,44,Female,Delhi,2026-06-16,New,3.15,South Indian,223.0,Cash
13212,51,Female,Chennai,2024-02-25,Regular,6.0,Indian,373.49,UPI
13213,63,Female,Delhi,2026-01-10,New,3.17,Pizza,352.46,Credit Card
13214,55,Female,Mumbai,2025-10-18,Regular,5.69,Desserts,579.03,Wallet
13215,31,Male,Bangalore,2024-04-01,Regular,5.37,Pizza,531.72,UPI
13216,53,Male,Bangalore,2024-03-22,Regular,9.09,Chinese,513.2,UPI
13217,25,Female,Pune,2026-01-06,Regular,9.54,Biryani,543.67,UPI
13218,52,Female,Chennai,2024-03-19,Regular,8.2,Pizza,598.65,UPI
13219,36,Female,Delhi,2025-10-23,Regular,4.18,Desserts,586.75,Cash
13220,47,Female,Pune,2026-05-22,Regular,8.72,Burgers,297.43,Wallet
13221,31,Male,Hyderabad,2024-10-09,Regular,7.19,Pizza,413.37,Wallet
13222,37,Female,Pune,2024-11-06,Regular,8.55,Desserts,368.79,Wallet
13223,42,Male,Hyderabad,2024-06-08,Regular,6.62,Burgers,492.21,UPI
13224,57,Male,Hyderabad,2024-11-11,New,2.25,South Indian,216.35,Debit Card
13225,41,Male,Mumbai,2026-05-26,New,2.01,Biryani,285.11,Debit Card
13226,31,Male,Mumbai,2025-10-29,VIP,16.52,Desserts,881.72,Wallet
13227,43,Male,Hyderabad,2024-06-04,VIP,8.33,Burgers,1367.58,UPI
13228,55,Male,Chennai,2026-06-06,Regular,8.43,Biryani,602.23,UPI
13229,40,Male,Mumbai,2025-12-14,Regular,6.16,Biryani,273.2,UPI
13230,39,Male,Mumbai,2025-04-12,New,3.68,Indian,160.71,UPI
13231,36,Female,Bangalore,2026-07-09,Regular,6.97,Desserts,666.02,Debit Card
13232,63,Male,Pune,2026-05-02,VIP,11.16,Biryani,1315.54,UPI
13233,20,Male,Bangalore,2025-04-06,VIP,9.05,South Indian,801.24,Credit Card
13234,59,Female,Chennai,2026-05-03,Regular,5.34,Desserts,606.52,Credit Card
13235,36,Female,Mumbai,2024-04-26,Regular,4.03,Desserts,350.01,UPI
13236,26,Female,Mumbai,2025-10-27,Regular,5.48,Burgers,511.43,UPI
13237,45,Male,Delhi,2024-12-29,Regular,5.26,Biryani,389.08,Cash
13238,37,Female,Chennai,2026-04-22,Regular,4.03,South Indian,362.27,Debit Card
13239,62,Male,Pune,2025-09-22,Regular,8.7,Indian,336.61,Debit Card
13240,24,Male,Pune,2025-12-11,New,2.0,South Indian,203.31,Wallet
13241,31,Male,Pune,2026-07-01,Regular,6.69,South Indian,607.54,UPI
13242,26,Female,Chennai,2025-04-10,Regular,6.51,Pizza,644.15,UPI
13243,36,Male,Delhi,2026-02-13,Regular,5.09,Chinese,442.86,UPI
13244,64,Male,Delhi,2024-07-02,Regular,9.8,Burgers,417.8,Credit Card
13245,31,Male,Bangalore,2025-10-21,Regular,7.62,Chinese,559.29,Credit Card
13246,55,Female,Chennai,2024-06-14,Regular,8.88,Indian,601.16,UPI
13247,53,Female,Chennai,2024-03-15,Regular,6.98,Indian,363.99,UPI
13248,57,Male,Delhi,2026-01-17,VIP,8.91,South Indian,1352.26,Wallet
13249,34,Female,Hyderabad,2026-04-05,New,1.83,Chinese,365.91,Credit Card
13250,47,Female,Hyderabad,2024-09-28,VIP,8.98,Burgers,1336.07,Cash
13251,26,Female,Bangalore,2025-11-21,New,3.89,Desserts,187.79,UPI
13252,50,Male,Hyderabad,2025-05-17,New,3.5,Burgers,183.59,Credit Card
13253,42,Female,Hyderabad,2026-03-05,Regular,9.95,Desserts,300.22,Wallet
13254,31,Male,Hyderabad,2025-07-16,Regular,5.4,South Indian,324.68,Wallet
13255,28,Female,Mumbai,2025-08-09,New,2.5,Burgers,357.55,UPI
13256,52,Male,Bangalore,2025-10-17,Regular,4.83,Pizza,352.33,UPI
13257,58,Male,Delhi,2024-12-08,Regular,9.56,Desserts,272.54,UPI
13258,31,Male,Hyderabad,2025-11-30,New,3.1,Chinese,318.97,Debit Card
13259,47,Female,Pune,2025-09-26,Regular,9.16,Indian,557.81,Credit Card
13260,58,Male,Mumbai,2026-04-23,Regular,9.37,Burgers,520.03,Credit Card
13261,21,Female,Hyderabad,2024-09-07,Regular,7.34,Desserts,476.02,UPI
13262,21,Male,Mumbai,2026-03-18,Regular,8.09,Burgers,686.31,UPI
13263,45,Female,Bangalore,2026-04-14,Regular,8.19,Burgers,303.92,UPI
13264,25,Female,Pune,2024-05-09,VIP,17.05,South Indian,1408.84,Wallet
13265,19,Female,Pune,2026-02-02,Regular,6.61,Indian,503.82,Debit Card
13266,58,Female,Pune,2024-12-23,Regular,5.12,Desserts,260.12,UPI
13267,63,Female,Hyderabad,2025-11-22,Regular,6.3,Chinese,435.4,Credit Card
13268,39,Male,Mumbai,2025-02-11,VIP,18.6,Burgers,1179.31,UPI
13269,58,Female,Pune,2026-05-10,New,1.97,Pizza,388.66,Credit Card
13270,33,Male,Chennai,2025-05-09,New,3.23,Biryani,277.16,UPI
13271,46,Female,Chennai,2025-09-13,Regular,4.36,Desserts,540.16,Debit Card
13272,47,Female,Mumbai,2025-04-26,VIP,11.38,South Indian,708.21,Credit Card
13273,29,Male,Hyderabad,2026-04-29,New,3.09,Chinese,247.57,UPI
13274,52,Male,Hyderabad,2024-03-18,VIP,10.51,Burgers,823.25,UPI
13275,28,Male,Bangalore,2025-05-28,New,1.72,Chinese,183.78,UPI
13276,63,Female,Bangalore,2024-11-16,New,1.57,South Indian,379.38,UPI
13277,38,Female,Pune,2026-02-26,New,3.01,Desserts,316.83,Cash
13278,38,Female,Delhi,2024-10-16,Regular,8.79,Biryani,504.94,Credit Card
13279,22,Female,Bangalore,2024-10-23,VIP,12.79,Pizza,1263.74,Credit Card
13280,37,Female,Hyderabad,2025-11-11,New,1.29,Desserts,187.62,Credit Card
13281,54,Male,Delhi,2026-01-21,Regular,8.7,Burgers,390.46,Credit Card
13282,20,Male,Bangalore,2025-04-19,New,3.33,Pizza,221.6,UPI
13283,61,Female,Mumbai,2024-01-23,Regular,5.59,South Indian,362.3,UPI
13284,50,Female,Chennai,2026-03-16,New,3.57,Pizza,378.88,Credit Card
13285,26,Female,Bangalore,2024-06-20,Regular,6.32,South Indian,688.83,Debit Card
13286,26,Male,Bangalore,2026-04-14,Regular,7.06,Biryani,610.87,Wallet
13287,21,Male,Mumbai,2024-11-13,Regular,9.68,Pizza,528.59,UPI
13288,52,Male,Hyderabad,2026-06-26,New,1.49,Chinese,333.99,UPI
13289,34,Male,Pune,2026-03-08,New,2.63,Desserts,290.07,Wallet
13290,51,Male,Mumbai,2026-05-04,Regular,5.61,Chinese,342.24,Credit Card
13291,41,Female,Pune,2024-07-11,Regular,4.92,South Indian,406.6,Cash
13292,49,Male,Bangalore,2025-11-11,VIP,14.99,Chinese,1056.59,UPI
13293,18,Female,Hyderabad,2026-07-04,Regular,5.48,Biryani,675.06,UPI
13294,25,Male,Delhi,2024-04-27,VIP,13.33,Pizza,1181.91,UPI
13295,62,Female,Bangalore,2024-01-06,Regular,5.02,Desserts,513.79,UPI
13296,40,Male,Mumbai,2026-04-22,Regular,9.11,Pizza,665.09,UPI
13297,64,Male,Delhi,2025-04-27,New,2.33,Desserts,252.37,UPI
13298,57,Male,Chennai,2024-05-11,Regular,7.67,Burgers,363.15,Credit Card
13299,29,Other,Delhi,2024-04-02,Regular,9.1,South Indian,421.45,Wallet
13300,29,Female,Mumbai,2026-02-01,Regular,5.98,Chinese,418.99,UPI
13301,63,Male,Delhi,2025-06-05,New,2.69,Biryani,212.88,UPI
13302,64,Male,Mumbai,2025-07-16,Regular,4.94,South Indian,383.25,Cash
13303,32,Female,Bangalore,2026-05-10,Regular,5.62,Chinese,578.63,UPI
13304,58,Male,Hyderabad,2024-10-20,Regular,6.68,Burgers,650.16,Credit Card
13305,36,Male,Chennai,2025-10-02,New,2.36,Pizza,300.28,Wallet
13306,43,Female,Hyderabad,2025-01-26,Regular,4.54,Desserts,310.9,UPI
13307,46,Female,Hyderabad,2024-09-05,New,3.98,Pizza,163.13,Wallet
13308,39,Male,Hyderabad,2025-09-05,VIP,8.35,Biryani,1357.36,Credit Card
13309,57,Male,Mumbai,2026-04-28,VIP,14.23,Indian,723.42,UPI
13310,38,Female,Mumbai,2025-08-17,Regular,9.4,South Indian,535.37,Wallet
13311,55,Male,Chennai,2025-12-03,Regular,8.62,Chinese,433.48,Credit Card
13312,37,Male,Mumbai,2025-02-20,Regular,7.17,Indian,666.11,Credit Card
13313,46,Female,Pune,2024-05-22,Regular,7.6,South Indian,429.83,Credit Card
13314,21,Female,Mumbai,2024-08-24,New,1.31,Desserts,235.4,UPI
13315,24,Male,Mumbai,2024-10-13,VIP,17.06,Chinese,1191.47,UPI
13316,45,Other,Mumbai,2024-10-03,Regular,5.16,Burgers,311.34,UPI
13317,45,Female,Bangalore,2025-01-21,New,1.31,South Indian,217.59,UPI
13318,21,Male,Chennai,2025-01-16,Regular,4.69,Chinese,671.06,UPI
13319,39,Other,Pune,2025-03-25,New,1.59,Desserts,373.69,UPI
13320,29,Male,Mumbai,2024-10-17,New,1.49,Pizza,288.22,UPI
13321,62,Male,Chennai,2024-06-17,Regular,6.28,South Indian,490.83,UPI
13322,20,Female,Delhi,2025-03-18,Regular,4.95,Chinese,271.05,Debit Card
13323,39,Male,Bangalore,2025-10-17,Regular,6.5,Biryani,529.01,UPI
13324,61,Male,Mumbai,2024-07-02,VIP,9.33,Pizza,964.26,Credit Card
13325,19,Male,Pune,2024-02-14,VIP,18.86,Desserts,1018.19,Credit Card
13326,41,Male,Bangalore,2026-01-24,New,2.62,Pizza,397.63,Wallet
13327,51,Female,Pune,2026-04-06,New,1.47,Indian,219.58,Credit Card
13328,44,Female,Bangalore,2024-09-24,Regular,8.14,Chinese,371.76,Wallet
13329,58,Other,Delhi,2025-04-20,Regular,4.55,Indian,536.9,Credit Card
13330,18,Male,Chennai,2024-09-09,VIP,19.27,Biryani,831.95,UPI
13331,25,Male,Bangalore,2025-01-30,Regular,7.54,Desserts,430.36,UPI
13332,40,Male,Hyderabad,2024-10-15,New,1.31,Indian,289.97,Debit Card
13333,55,Male,Delhi,2024-07-30,Regular,8.69,Burgers,280.77,Credit Card
13334,23,Male,Hyderabad,2025-11-19,Regular,7.64,Indian,683.36,UPI
13335,39,Female,Delhi,2024-01-21,VIP,13.78,Indian,1085.65,Debit Card
13336,42,Female,Hyderabad,2024-11-11,New,1.52,Desserts,212.77,UPI
13337,35,Other,Hyderabad,2025-07-17,Regular,5.57,Burgers,564.47,Wallet
13338,34,Male,Pune,2025-03-13,New,2.55,Burgers,246.48,UPI
13339,29,Female,Bangalore,2025-02-26,Regular,6.43,South Indian,305.36,Credit Card
13340,23,Male,Bangalore,2024-08-20,New,1.27,Indian,284.01,Cash
13341,43,Male,Delhi,2024-05-02,VIP,10.33,Pizza,1467.65,Debit Card
13342,44,Female,Chennai,2026-05-23,Regular,5.21,Burgers,428.43,Credit Card
13343,25,Female,Pune,2025-09-03,VIP,10.91,Chinese,967.33,Wallet
13344,36,Male,Bangalore,2024-08-01,VIP,9.49,South Indian,1246.93,Credit Card
13345,59,Male,Bangalore,2026-07-10,New,1.11,Desserts,355.29,UPI
13346,18,Male,Pune,2026-04-18,Regular,7.41,South Indian,537.04,Wallet
13347,46,Female,Mumbai,2025-10-08,VIP,9.44,Indian,555.07,UPI
13348,62,Male,Pune,2026-04-09,Regular,9.28,Biryani,310.86,UPI
13349,52,Other,Bangalore,2025-12-30,Regular,4.87,Pizza,479.76,UPI
13350,57,Male,Chennai,2025-08-22,Regular,4.93,Biryani,530.56,Debit Card
13351,31,Male,Mumbai,2026-03-02,Regular,5.16,Biryani,334.15,UPI
13352,52,Female,Hyderabad,2024-02-09,Regular,7.92,Desserts,264.89,Debit Card
13353,62,Female,Pune,2026-01-21,Regular,4.64,Burgers,681.27,UPI
13354,37,Male,Hyderabad,2024-11-27,New,2.9,Chinese,331.15,UPI
13355,30,Female,Mumbai,2026-07-31,New,1.66,Indian,239.08,Cash
13356,55,Female,Mumbai,2025-10-09,New,2.25,Desserts,204.34,UPI
13357,63,Female,Mumbai,2024-06-30,New,2.03,Pizza,203.35,UPI
13358,25,Female,Delhi,2024-09-21,Regular,6.28,Indian,508.11,UPI
13359,60,Female,Pune,2026-02-09,New,1.94,Indian,172.43,Debit Card
13360,37,Female,Chennai,2025-11-24,New,2.46,South Indian,191.67,Debit Card
13361,50,Female,Chennai,2025-06-16,Regular,5.14,Biryani,597.99,Wallet
13362,43,Male,Hyderabad,2026-05-12,Regular,9.68,Chinese,659.15,UPI
13363,56,Male,Hyderabad,2025-03-07,Regular,8.15,Chinese,335.23,Credit Card
13364,38,Male,Hyderabad,2026-07-31,VIP,18.43,Chinese,1468.37,Debit Card
13365,59,Male,Pune,2024-07-14,New,3.61,Chinese,397.92,Credit Card
13366,60,Male,Bangalore,2025-12-24,New,3.83,Burgers,196.76,Debit Card
13367,58,Other,Hyderabad,2025-05-23,Regular,5.08,Burgers,582.89,Debit Card
13368,26,Male,Mumbai,2025-03-22,VIP,9.24,Chinese,1309.27,UPI
13369,41,Male,Hyderabad,2025-06-11,Regular,6.45,Desserts,439.49,UPI
13370,54,Female,Mumbai,2024-07-20,Regular,5.02,Pizza,289.58,Debit Card
13371,58,Male,Delhi,2026-05-24,New,3.65,Burgers,249.85,Credit Card
13372,34,Male,Bangalore,2025-12-30,Regular,7.87,Burgers,416.21,UPI
13373,41,Male,Bangalore,2025-08-27,New,1.72,Desserts,355.65,Credit Card
13374,38,Male,Pune,2024-05-12,Regular,5.81,Desserts,601.73,UPI
13375,56,Male,Pune,2024-05-18,VIP,18.3,Desserts,616.41,Credit Card
13376,58,Female,Chennai,2025-10-30,Regular,8.68,Pizza,549.74,UPI
13377,56,Female,Delhi,2025-05-07,VIP,8.06,Chinese,1400.59,Credit Card
13378,30,Male,Pune,2026-04-26,Regular,8.91,Desserts,608.17,UPI
13379,28,Male,Mumbai,2024-03-10,Regular,9.96,Indian,649.79,Debit Card
13380,63,Male,Delhi,2026-03-26,VIP,16.02,Desserts,1276.86,Debit Card
13381,36,Female,Bangalore,2024-01-15,Regular,7.98,Burgers,468.01,Credit Card
13382,28,Male,Mumbai,2026-01-16,Regular,6.25,Indian,287.78,UPI
13383,30,Male,Delhi,2024-07-30,Regular,4.39,Indian,417.27,UPI
13384,63,Female,Bangalore,2026-03-12,VIP,13.73,Pizza,1260.6,UPI
13385,62,Male,Pune,2024-02-29,New,1.49,Chinese,303.76,UPI
13386,18,Male,Mumbai,2024-09-08,Regular,4.41,Biryani,504.47,UPI
13387,57,Male,Mumbai,2025-03-21,Regular,4.04,Indian,538.38,Debit Card
13388,61,Female,Bangalore,2024-01-02,VIP,9.95,Chinese,862.69,Cash
13389,36,Female,Mumbai,2026-01-17,VIP,10.43,South Indian,1469.99,UPI
13390,29,Female,Pune,2024-12-01,New,3.18,Biryani,162.61,UPI
13391,25,Female,Pune,2024-01-19,New,3.57,Biryani,381.07,Wallet
13392,25,Female,Pune,2025-07-14,VIP,8.93,Biryani,795.98,Debit Card
13393,62,Other,Bangalore,2024-03-18,New,1.66,Chinese,294.98,UPI
13394,29,Other,Hyderabad,2025-04-16,New,3.01,Pizza,367.91,Cash
13395,50,Male,Hyderabad,2024-01-28,New,3.74,Desserts,255.22,Credit Card
13396,62,Female,Mumbai,2025-07-13,New,2.04,Pizza,350.03,Debit Card
13397,43,Male,Pune,2025-08-30,Regular,6.52,South Indian,388.28,Debit Card
13398,56,Male,Mumbai,2024-06-13,Regular,7.8,Desserts,452.6,UPI
13399,45,Female,Bangalore,2025-04-02,Regular,7.03,Desserts,344.0,Credit Card
13400,22,Male,Mumbai,2026-05-26,VIP,14.42,Pizza,743.13,UPI
13401,25,Female,Chennai,2024-06-24,New,2.79,Chinese,255.59,Credit Card
13402,42,Male,Hyderabad,2025-08-07,New,1.84,Biryani,286.29,UPI
13403,44,Female,Mumbai,2026-05-17,VIP,17.58,Chinese,884.77,UPI
13404,63,Female,Mumbai,2024-01-29,Regular,8.58,Biryani,530.08,UPI
13405,40,Female,Delhi,2025-10-30,New,1.35,Chinese,253.0,UPI
13406,47,Male,Mumbai,2026-04-05,Regular,8.63,Desserts,422.53,UPI
13407,62,Male,Chennai,2026-03-26,Regular,4.27,Pizza,435.72,Debit Card
13408,64,Female,Hyderabad,2024-10-05,Regular,9.37,Chinese,451.93,UPI
13409,40,Male,Delhi,2024-10-09,New,3.48,Burgers,293.4,Wallet
13410,64,Other,Bangalore,2025-04-23,Regular,7.19,Biryani,632.55,Wallet
13411,37,Female,Bangalore,2025-06-02,New,2.08,Desserts,338.9,UPI
13412,35,Male,Hyderabad,2024-10-31,Regular,7.55,Desserts,525.46,UPI
13413,35,Male,Bangalore,2025-11-24,Regular,7.35,Biryani,526.27,Debit Card
13414,19,Male,Chennai,2024-04-18,Regular,5.34,South Indian,523.14,Credit Card
13415,21,Female,Mumbai,2024-11-19,New,2.2,Burgers,187.45,Wallet
13416,47,Male,Hyderabad,2024-07-24,New,2.74,Chinese,339.49,Credit Card
13417,50,Male,Delhi,2024-08-21,Regular,8.84,Pizza,615.68,Credit Card
13418,53,Male,Mumbai,2026-07-26,Regular,4.36,South Indian,437.72,Debit Card
13419,35,Female,Bangalore,2025-04-02,Regular,5.18,Burgers,536.13,UPI
13420,54,Male,Bangalore,2024-07-05,Regular,8.01,Chinese,296.27,Credit Card
13421,36,Male,Delhi,2026-07-28,New,1.82,Desserts,235.21,UPI
13422,64,Female,Chennai,2025-04-26,Regular,7.13,Desserts,465.96,UPI
13423,45,Female,Delhi,2026-07-10,New,1.95,Pizza,275.6,UPI
13424,57,Female,Hyderabad,2025-02-10,New,3.64,Chinese,374.18,Credit Card
13425,37,Male,Delhi,2026-04-20,Regular,7.65,Biryani,551.15,Wallet
13426,50,Male,Bangalore,2025-05-23,VIP,19.47,Burgers,1428.45,UPI
13427,29,Female,Chennai,2026-05-18,Regular,7.97,Burgers,453.99,Debit Card
13428,32,Male,Chennai,2025-06-03,Regular,9.53,South Indian,430.36,UPI
13429,58,Female,Pune,2024-02-22,VIP,19.86,Desserts,593.26,UPI
13430,56,Female,Delhi,2025-02-01,New,2.02,Pizza,338.1,Wallet
13431,19,Male,Hyderabad,2024-07-17,VIP,16.31,Indian,948.76,UPI
13432,46,Female,Bangalore,2025-01-25,Regular,4.74,Chinese,660.11,UPI
13433,58,Female,Mumbai,2025-10-10,Regular,4.72,Pizza,651.61,UPI
13434,27,Male,Chennai,2026-02-09,Regular,6.93,Indian,633.55,UPI
13435,19,Female,Delhi,2026-04-25,Regular,5.98,Pizza,418.74,UPI
13436,28,Male,Pune,2026-07-01,Regular,8.32,Chinese,673.5,UPI
13437,30,Male,Hyderabad,2025-05-12,Regular,9.42,Chinese,612.39,Credit Card
13438,27,Male,Hyderabad,2024-06-20,VIP,12.25,South Indian,851.29,UPI
13439,31,Female,Bangalore,2024-03-26,New,1.75,Burgers,150.46,Credit Card
13440,35,Female,Chennai,2025-07-11,Regular,9.59,Burgers,671.65,Wallet
13441,26,Female,Bangalore,2026-05-07,New,3.46,Burgers,273.21,UPI
13442,56,Male,Pune,2024-07-04,New,3.31,South Indian,259.97,Credit Card
13443,45,Female,Mumbai,2024-06-04,New,1.88,Burgers,340.35,UPI
13444,20,Male,Mumbai,2025-05-07,New,1.27,Pizza,165.72,UPI
13445,37,Female,Mumbai,2026-06-28,Regular,7.04,Burgers,397.34,Wallet
13446,23,Male,Hyderabad,2025-06-04,Regular,8.85,Burgers,558.0,Credit Card
13447,44,Male,Chennai,2025-09-18,New,3.89,Biryani,265.14,UPI
13448,19,Male,Bangalore,2025-10-27,New,1.78,Chinese,195.41,UPI
13449,46,Female,Bangalore,2024-05-09,VIP,16.91,South Indian,978.25,UPI
13450,55,Male,Pune,2026-04-22,New,1.68,South Indian,225.05,Wallet
13451,20,Female,Mumbai,2024-03-21,Regular,6.53,Desserts,573.35,Debit Card
13452,33,Male,Chennai,2025-01-18,New,1.25,Burgers,231.55,UPI
13453,47,Male,Chennai,2026-03-12,New,2.76,Biryani,201.3,UPI
13454,57,Male,Pune,2025-10-20,Regular,7.7,Desserts,544.65,UPI
13455,19,Female,Delhi,2024-10-21,Regular,8.28,Desserts,252.97,Wallet
13456,34,Female,Chennai,2024-09-25,Regular,9.35,Indian,480.52,Credit Card
13457,58,Male,Chennai,2025-10-06,New,2.2,Chinese,287.22,UPI
13458,29,Male,Bangalore,2025-07-15,Regular,9.16,Burgers,544.35,UPI
13459,52,Male,Pune,2025-06-18,Regular,9.67,Indian,352.5,UPI
13460,60,Female,Chennai,2025-01-12,New,1.72,Desserts,158.62,UPI
13461,18,Male,Chennai,2025-01-10,New,2.64,Pizza,354.71,Debit Card
13462,62,Female,Bangalore,2024-03-28,New,3.52,Biryani,198.71,UPI
13463,32,Female,Chennai,2026-07-13,Regular,9.71,Biryani,343.19,Wallet
13464,43,Male,Bangalore,2025-09-15,New,1.4,Chinese,193.36,Credit Card
13465,54,Female,Delhi,2024-04-20,Regular,5.86,Biryani,278.42,UPI
13466,38,Female,Hyderabad,2025-08-06,New,3.86,South Indian,295.91,Credit Card
13467,48,Female,Bangalore,2024-06-02,New,1.22,Indian,338.82,UPI
13468,42,Male,Bangalore,2025-04-07,New,2.23,Burgers,313.35,UPI
13469,40,Male,Chennai,2025-07-22,Regular,8.52,Indian,593.95,Cash
13470,41,Male,Bangalore,2026-02-07,New,1.24,South Indian,225.37,Credit Card
13471,55,Male,Pune,2024-06-04,Regular,7.55,Pizza,419.81,UPI
13472,45,Male,Mumbai,2025-09-16,Regular,8.18,Indian,534.42,UPI
13473,38,Male,Mumbai,2024-11-13,Regular,9.16,Burgers,626.34,UPI
13474,60,Female,Delhi,2025-07-12,Regular,8.4,Indian,614.46,UPI
13475,35,Male,Bangalore,2024-08-25,Regular,8.79,Biryani,286.48,UPI
13476,53,Male,Pune,2024-11-29,Regular,9.48,Pizza,458.17,UPI
13477,52,Male,Chennai,2024-04-15,VIP,14.34,Indian,1341.38,Debit Card
13478,62,Female,Chennai,2025-04-26,New,3.74,Pizza,306.88,Wallet
13479,26,Female,Hyderabad,2025-11-29,New,3.29,Desserts,150.95,UPI
13480,55,Female,Delhi,2025-11-01,Regular,8.89,Pizza,407.37,Credit Card
13481,47,Male,Pune,2025-12-10,Regular,5.33,Desserts,567.86,UPI
13482,61,Other,Pune,2025-01-16,Regular,9.61,Chinese,463.11,UPI
13483,51,Male,Chennai,2025-11-19,New,2.26,Chinese,212.9,Credit Card
13484,49,Male,Hyderabad,2024-09-17,Regular,5.03,Burgers,650.69,Wallet
13485,20,Male,Chennai,2026-03-09,VIP,15.01,Burgers,1306.26,UPI
13486,20,Male,Hyderabad,2024-10-19,Regular,5.12,Burgers,258.14,UPI
13487,45,Male,Mumbai,2024-11-30,VIP,15.16,Pizza,764.39,Cash
13488,61,Female,Pune,2025-10-16,Regular,7.13,Pizza,323.64,Debit Card
13489,32,Female,Mumbai,2026-03-30,New,1.36,Desserts,372.2,UPI
13490,58,Male,Chennai,2025-12-09,Regular,6.29,Chinese,531.19,UPI
13491,40,Female,Delhi,2025-04-20,Regular,5.3,Biryani,451.88,Wallet
13492,57,Male,Bangalore,2024-08-12,Regular,8.46,Desserts,341.88,UPI
13493,28,Male,Delhi,2026-06-25,Regular,4.81,Desserts,309.49,UPI
13494,49,Female,Delhi,2025-07-08,Regular,9.35,Pizza,471.47,UPI
13495,53,Female,Bangalore,2025-03-29,New,2.81,Desserts,188.84,Credit Card
13496,50,Male,Pune,2025-10-24,New,3.9,Chinese,320.85,UPI
13497,41,Male,Mumbai,2024-10-22,Regular,5.12,Indian,349.2,Debit Card
13498,56,Female,Mumbai,2025-07-28,VIP,17.72,Burgers,755.64,UPI
13499,51,Female,Pune,2025-10-03,New,3.32,Burgers,396.8,Credit Card
13500,45,Female,Bangalore,2026-02-05,VIP,15.84,South Indian,669.07,UPI
13501,54,Male,Hyderabad,2025-04-07,Regular,9.92,Biryani,583.94,UPI
13502,24,Male,Delhi,2026-05-04,New,1.6,Chinese,187.82,Debit Card
13503,21,Male,Chennai,2024-08-01,New,2.79,South Indian,248.13,Cash
13504,54,Male,Mumbai,2025-08-07,New,1.58,Burgers,205.14,Wallet
13505,18,Female,Pune,2026-07-31,VIP,10.46,South Indian,1018.82,UPI
13506,18,Male,Chennai,2025-09-07,Regular,8.81,Indian,442.91,Credit Card
13507,64,Male,Bangalore,2024-06-06,VIP,13.21,Desserts,1080.77,Debit Card
13508,37,Female,Chennai,2024-09-28,Regular,8.08,South Indian,589.74,Credit Card
13509,36,Female,Chennai,2026-04-06,Regular,8.47,Indian,560.09,Debit Card
13510,46,Male,Delhi,2024-08-25,Regular,6.86,Burgers,427.63,Cash
13511,27,Female,Bangalore,2024-10-29,Regular,4.97,Pizza,421.37,UPI
13512,35,Female,Chennai,2026-06-02,Regular,7.7,Desserts,320.17,Debit Card
13513,45,Female,Mumbai,2025-10-31,New,3.31,Chinese,311.38,UPI
13514,52,Male,Bangalore,2025-09-12,Regular,9.59,Desserts,519.81,Wallet
13515,60,Female,Mumbai,2025-06-04,Regular,8.48,South Indian,288.61,Debit Card
13516,64,Female,Pune,2024-11-16,New,1.93,Desserts,392.29,Credit Card
13517,48,Male,Pune,2024-02-28,Regular,9.22,Biryani,656.6,Wallet
13518,44,Male,Hyderabad,2024-12-23,VIP,14.8,Indian,1376.02,Debit Card
13519,28,Female,Pune,2025-12-04,Regular,6.2,Biryani,396.22,Credit Card
13520,55,Male,Chennai,2025-10-09,Regular,5.1,Burgers,539.7,Wallet
13521,22,Female,Bangalore,2024-09-07,New,3.24,Biryani,154.31,UPI
13522,25,Male,Pune,2026-06-09,Regular,9.31,Biryani,485.71,Cash
13523,51,Male,Mumbai,2025-03-11,Regular,4.61,Burgers,551.29,UPI
13524,29,Male,Chennai,2024-05-25,VIP,15.33,Pizza,1437.78,Credit Card
13525,55,Female,Pune,2026-05-08,VIP,9.73,Desserts,774.09,UPI
13526,18,Male,Delhi,2024-12-17,VIP,10.1,Biryani,549.97,UPI
13527,48,Female,Mumbai,2025-07-23,New,3.49,Biryani,242.32,Credit Card
13528,21,Female,Mumbai,2025-11-19,Regular,7.2,Biryani,654.28,UPI
13529,62,Female,Hyderabad,2026-03-10,VIP,9.62,Burgers,879.68,Wallet
13530,22,Female,Delhi,2024-09-01,Regular,9.39,Biryani,252.03,UPI
13531,47,Female,Hyderabad,2025-07-13,VIP,8.18,Desserts,1121.59,UPI
13532,41,Male,Pune,2024-10-27,Regular,8.89,Burgers,324.45,Wallet
13533,20,Female,Delhi,2025-03-13,Regular,4.48,Pizza,306.85,Debit Card
13534,28,Female,Mumbai,2026-05-17,New,1.89,Burgers,318.01,Debit Card
13535,62,Male,Hyderabad,2024-04-09,Regular,6.94,Biryani,420.99,UPI
13536,21,Male,Chennai,2025-12-25,Regular,4.03,Desserts,609.72,Debit Card
13537,43,Female,Delhi,2026-03-24,New,3.4,Indian,369.69,UPI
13538,44,Male,Mumbai,2025-04-24,New,3.85,Desserts,281.57,Cash
13539,63,Female,Bangalore,2025-02-18,Regular,8.51,Biryani,536.18,Debit Card
13540,60,Male,Delhi,2024-06-13,Regular,6.86,Desserts,552.05,Wallet
13541,44,Male,Delhi,2026-06-30,New,2.91,South Indian,280.01,Debit Card
13542,59,Female,Pune,2026-07-30,New,1.69,South Indian,157.05,Credit Card
13543,23,Male,Chennai,2025-09-29,New,2.21,Desserts,249.81,Debit Card
13544,32,Male,Pune,2024-10-28,New,3.61,Indian,346.2,Credit Card
13545,47,Female,Delhi,2024-04-30,VIP,19.95,South Indian,934.16,UPI
13546,59,Male,Delhi,2024-03-28,Regular,8.07,Desserts,257.68,UPI
13547,54,Female,Chennai,2024-08-04,Regular,7.11,Desserts,600.36,UPI
13548,54,Female,Chennai,2025-07-26,Regular,7.59,Desserts,431.53,Debit Card
13549,59,Female,Hyderabad,2026-03-24,Regular,5.96,Biryani,486.25,Credit Card
13550,54,Male,Mumbai,2024-06-27,Regular,5.1,Burgers,548.28,Credit Card
13551,52,Male,Mumbai,2025-12-02,VIP,15.3,Biryani,1074.81,Wallet
13552,40,Female,Hyderabad,2024-06-11,Regular,9.43,South Indian,273.01,Credit Card
13553,23,Female,Mumbai,2025-08-15,Regular,7.06,South Indian,363.73,UPI
13554,21,Female,Delhi,2024-06-18,Regular,5.83,Burgers,337.45,UPI
13555,35,Female,Hyderabad,2024-10-27,VIP,9.25,Desserts,951.02,UPI
13556,26,Male,Hyderabad,2025-01-08,New,3.61,South Indian,193.15,UPI
13557,46,Male,Mumbai,2025-12-08,New,2.92,Burgers,347.09,UPI
13558,30,Male,Bangalore,2024-07-21,VIP,19.88,Pizza,1083.45,Credit Card
13559,64,Male,Mumbai,2024-02-16,VIP,17.51,Biryani,711.17,UPI
13560,34,Male,Pune,2025-04-07,Regular,8.27,Pizza,615.8,UPI
13561,62,Female,Bangalore,2025-10-31,Regular,7.92,South Indian,675.45,Cash
13562,49,Male,Hyderabad,2025-02-11,New,1.91,Desserts,209.6,Cash
13563,39,Male,Bangalore,2024-07-12,Regular,7.17,Pizza,659.68,Credit Card
13564,21,Male,Delhi,2025-03-02,VIP,18.55,Desserts,544.2,UPI
13565,22,Female,Chennai,2026-07-18,New,1.85,South Indian,370.15,Wallet
13566,54,Female,Bangalore,2026-03-01,Regular,9.5,Desserts,296.0,Credit Card
13567,58,Female,Pune,2024-11-12,VIP,17.04,Pizza,631.06,UPI
13568,30,Female,Chennai,2025-04-23,Regular,7.41,South Indian,461.01,Credit Card
13569,51,Male,Delhi,2025-02-24,Regular,9.51,Chinese,624.59,UPI
13570,62,Female,Pune,2024-09-25,Regular,4.81,Biryani,351.77,Cash
13571,39,Male,Chennai,2025-04-25,Regular,6.48,Indian,555.36,Wallet
13572,40,Male,Delhi,2025-12-11,VIP,13.64,Biryani,767.74,UPI
13573,20,Female,Chennai,2026-01-05,Regular,4.68,Pizza,290.39,UPI
13574,59,Female,Chennai,2024-09-19,Regular,9.42,Burgers,310.03,UPI
13575,51,Male,Mumbai,2025-03-01,VIP,8.09,Indian,918.19,Wallet
13576,49,Male,Pune,2024-06-14,VIP,19.2,Desserts,893.81,UPI
13577,62,Female,Pune,2025-11-22,Regular,4.83,Desserts,324.68,UPI
13578,38,Male,Bangalore,2025-03-03,Regular,4.13,South Indian,423.15,UPI
13579,63,Male,Pune,2025-12-04,Regular,9.34,Desserts,593.66,UPI
13580,61,Male,Pune,2025-01-31,Regular,7.45,Indian,378.55,Wallet
13581,38,Male,Chennai,2024-08-03,Regular,4.12,Desserts,664.57,Wallet
13582,61,Female,Hyderabad,2026-03-06,New,3.51,Burgers,173.58,UPI
13583,28,Male,Mumbai,2026-05-13,Regular,6.95,Burgers,498.81,UPI
13584,56,Male,Bangalore,2024-04-16,Regular,6.86,Biryani,534.39,Credit Card
13585,21,Female,Mumbai,2024-04-07,VIP,18.78,Desserts,991.11,Debit Card
13586,18,Female,Bangalore,2026-05-29,Regular,4.05,Desserts,366.31,UPI
13587,45,Male,Delhi,2025-04-26,Regular,7.41,South Indian,414.39,UPI
13588,41,Male,Chennai,2025-05-13,Regular,7.78,Biryani,311.17,UPI
13589,52,Male,Pune,2024-08-17,Regular,5.78,Pizza,666.19,UPI
13590,30,Female,Pune,2024-09-13,New,2.41,Pizza,198.19,Debit Card
13591,64,Female,Hyderabad,2024-02-12,New,3.19,Chinese,284.2,UPI
13592,51,Female,Mumbai,2024-08-29,VIP,9.38,Biryani,568.17,UPI
13593,28,Female,Mumbai,2025-07-07,New,1.15,Burgers,377.83,Debit Card
13594,53,Female,Mumbai,2024-04-04,VIP,18.51,Chinese,1292.06,Debit Card
13595,34,Female,Pune,2026-02-04,VIP,12.71,Burgers,993.11,UPI
13596,52,Female,Mumbai,2024-07-06,Regular,4.9,Chinese,539.87,UPI
13597,35,Male,Chennai,2025-01-19,Regular,9.63,Biryani,324.58,Wallet
13598,57,Other,Bangalore,2026-03-29,Regular,7.35,Pizza,501.44,Credit Card
13599,39,Male,Pune,2025-02-03,VIP,12.17,Burgers,1436.19,Debit Card
13600,41,Male,Chennai,2025-05-20,Regular,9.04,Biryani,324.2,UPI
13601,36,Female,Delhi,2024-06-15,New,2.64,Biryani,238.45,UPI
13602,54,Male,Chennai,2026-02-21,Regular,5.02,Pizza,537.39,UPI
13603,56,Female,Chennai,2024-05-04,Regular,5.74,Indian,692.51,UPI
13604,38,Female,Delhi,2025-11-03,New,1.01,Pizza,353.55,UPI
13605,25,Male,Chennai,2024-03-27,VIP,13.33,Burgers,1274.85,Wallet
13606,45,Female,Bangalore,2026-03-31,Regular,7.04,Indian,660.68,Credit Card
13607,22,Male,Pune,2025-05-03,Regular,5.12,Chinese,622.73,Credit Card
13608,34,Male,Hyderabad,2024-08-13,New,1.2,South Indian,277.88,Debit Card
13609,54,Female,Delhi,2025-10-18,Regular,4.33,Burgers,480.11,Credit Card
13610,53,Female,Pune,2024-12-10,Regular,6.17,Desserts,673.89,Debit Card
13611,36,Female,Mumbai,2026-01-29,Regular,5.07,South Indian,527.71,Debit Card
13612,44,Male,Bangalore,2026-05-23,Regular,8.38,South Indian,571.2,UPI
13613,51,Female,Hyderabad,2025-06-01,Regular,9.3,Indian,289.01,UPI
13614,28,Male,Bangalore,2024-01-31,New,3.13,Chinese,223.74,Cash
13615,62,Female,Bangalore,2025-12-09,Regular,8.71,Pizza,369.11,Credit Card
13616,64,Male,Mumbai,2026-01-13,New,2.01,Indian,341.9,Debit Card
13617,29,Female,Hyderabad,2024-10-22,New,1.77,Chinese,194.61,Debit Card
13618,38,Male,Bangalore,2025-02-17,New,3.18,Desserts,163.11,Credit Card
13619,28,Male,Mumbai,2026-04-16,VIP,14.58,Desserts,511.05,Credit Card
13620,56,Female,Delhi,2024-05-14,VIP,14.41,Pizza,1110.55,Cash
13621,45,Female,Mumbai,2025-06-08,New,1.62,Pizza,175.67,Debit Card
13622,22,Female,Chennai,2024-01-04,Regular,7.68,Chinese,254.3,Wallet
13623,34,Female,Pune,2024-06-26,New,1.2,Pizza,361.0,UPI
13624,37,Female,Mumbai,2026-01-15,Regular,7.92,Burgers,316.79,Wallet
13625,58,Female,Mumbai,2024-09-15,Regular,4.24,Burgers,439.78,Debit Card
13626,63,Male,Mumbai,2025-10-13,Regular,4.64,Indian,625.22,Debit Card
13627,29,Female,Bangalore,2024-03-05,Regular,9.86,Pizza,301.64,UPI
13628,23,Male,Hyderabad,2026-03-05,Regular,9.97,Pizza,291.29,Credit Card
13629,34,Female,Mumbai,2024-12-28,Regular,8.48,Chinese,655.95,UPI
13630,36,Female,Mumbai,2026-03-28,New,2.19,Burgers,286.89,Debit Card
13631,43,Female,Chennai,2025-12-17,New,1.74,South Indian,269.8,Credit Card
13632,61,Female,Chennai,2024-01-17,Regular,5.28,Indian,285.81,UPI
13633,61,Female,Delhi,2024-07-18,VIP,15.34,Biryani,1429.87,Credit Card
13634,49,Female,Delhi,2025-06-27,Regular,4.69,Burgers,416.65,Credit Card
13635,23,Male,Chennai,2024-07-30,New,2.08,Chinese,341.26,Debit Card
13636,53,Female,Hyderabad,2025-03-10,VIP,14.68,Indian,1494.38,Credit Card
13637,55,Male,Delhi,2024-09-29,New,3.83,South Indian,283.17,Credit Card
13638,28,Female,Pune,2024-10-16,New,1.12,Desserts,173.95,Debit Card
13639,50,Male,Pune,2026-03-13,VIP,18.13,Biryani,670.39,Debit Card
13640,41,Male,Hyderabad,2025-04-27,Regular,7.13,Indian,398.73,Cash
13641,40,Male,Chennai,2024-08-21,Regular,8.06,Burgers,503.62,UPI
13642,32,Male,Delhi,2025-02-11,Regular,6.22,South Indian,313.84,Debit Card
13643,44,Female,Mumbai,2025-11-24,Regular,4.06,Biryani,251.13,UPI
13644,28,Male,Chennai,2024-05-25,New,1.21,Chinese,226.77,Wallet
13645,34,Female,Delhi,2025-07-15,Regular,9.22,Indian,485.92,Debit Card
13646,31,Male,Hyderabad,2025-03-05,Regular,5.04,Burgers,534.51,Debit Card
13647,44,Female,Pune,2025-03-07,VIP,10.18,Chinese,539.97,UPI
13648,35,Female,Hyderabad,2025-09-06,VIP,10.09,South Indian,1137.8,Cash
13649,45,Female,Delhi,2025-06-28,Regular,9.37,Indian,527.71,Wallet
13650,64,Female,Hyderabad,2025-05-11,Regular,5.77,Pizza,672.95,UPI
13651,64,Male,Delhi,2024-03-29,New,1.16,Burgers,169.58,Credit Card
13652,21,Female,Delhi,2025-02-14,New,1.47,Burgers,383.76,Wallet
13653,24,Male,Hyderabad,2026-06-15,Regular,5.78,Pizza,684.75,Credit Card
13654,62,Female,Bangalore,2026-05-02,Regular,8.29,Chinese,448.36,Credit Card
13655,52,Female,Mumbai,2026-04-06,Regular,9.75,Burgers,469.56,Credit Card
13656,26,Male,Chennai,2024-08-28,Regular,5.88,Chinese,376.73,Credit Card
13657,25,Female,Pune,2026-02-16,Regular,5.44,South Indian,478.79,Credit Card
13658,62,Female,Mumbai,2024-08-10,Regular,9.33,Pizza,317.82,UPI
13659,34,Male,Chennai,2026-01-17,Regular,9.12,Chinese,552.14,Credit Card
13660,34,Male,Chennai,2025-10-26,New,3.13,South Indian,392.97,Wallet
13661,50,Male,Pune,2025-04-12,Regular,4.41,Desserts,356.03,Wallet
13662,49,Female,Mumbai,2025-07-22,VIP,15.63,Indian,784.72,Debit Card
13663,25,Female,Pune,2024-11-17,New,2.56,Burgers,316.14,UPI
13664,36,Male,Delhi,2025-01-09,Regular,9.56,Pizza,315.21,Debit Card
13665,55,Male,Pune,2024-04-21,VIP,9.55,Indian,810.9,UPI
13666,20,Female,Hyderabad,2025-06-10,Regular,7.89,Desserts,305.96,Debit Card
13667,22,Female,Bangalore,2025-02-15,Regular,8.05,Indian,542.81,Credit Card
13668,30,Male,Bangalore,2024-09-25,New,3.0,Indian,386.8,UPI
13669,64,Male,Bangalore,2025-09-17,Regular,9.96,Chinese,392.2,Credit Card
13670,63,Female,Mumbai,2024-09-08,Regular,4.65,Desserts,699.22,Wallet
13671,48,Male,Mumbai,2025-01-08,New,2.03,Burgers,398.51,Wallet
13672,33,Male,Delhi,2025-10-15,Regular,6.02,Pizza,341.15,UPI
13673,49,Female,Bangalore,2025-09-17,New,3.28,Biryani,205.73,Credit Card
13674,39,Female,Delhi,2025-03-25,Regular,8.52,Biryani,583.34,UPI
13675,46,Male,Bangalore,2026-03-12,VIP,16.3,Burgers,1343.64,Credit Card
13676,39,Male,Mumbai,2026-05-18,Regular,6.06,Burgers,565.64,Cash
13677,60,Male,Hyderabad,2025-06-20,Regular,5.11,Burgers,502.84,Credit Card
13678,20,Male,Hyderabad,2025-01-02,Regular,4.13,South Indian,434.11,Wallet
13679,27,Female,Hyderabad,2026-04-01,New,2.03,Desserts,153.37,Debit Card
13680,59,Male,Pune,2024-09-11,VIP,16.64,South Indian,746.0,UPI
13681,38,Female,Hyderabad,2025-04-07,New,1.16,South Indian,386.7,Debit Card
13682,33,Female,Chennai,2024-09-24,New,2.1,South Indian,159.42,Credit Card
13683,29,Male,Bangalore,2024-05-05,Regular,7.34,Burgers,341.99,Debit Card
13684,19,Male,Hyderabad,2025-01-27,Regular,9.28,Burgers,470.48,UPI
13685,58,Female,Chennai,2026-01-31,Regular,9.31,Biryani,366.94,UPI
13686,41,Female,Chennai,2026-03-09,New,1.01,Pizza,339.75,Debit Card
13687,52,Female,Chennai,2024-11-29,Regular,4.68,Biryani,526.24,UPI
13688,47,Male,Delhi,2025-07-18,Regular,5.62,Biryani,279.02,Wallet
13689,47,Female,Delhi,2025-01-02,New,3.46,Pizza,398.75,Credit Card
13690,64,Female,Chennai,2025-07-08,Regular,8.51,Pizza,308.78,UPI
13691,52,Female,Pune,2025-11-08,New,1.24,Biryani,277.2,Debit Card
13692,36,Male,Hyderabad,2025-07-07,Regular,7.86,Biryani,339.04,Credit Card
13693,25,Female,Bangalore,2026-06-10,Regular,9.28,Biryani,598.27,UPI
13694,43,Female,Pune,2025-03-31,Regular,8.82,Pizza,451.09,UPI
13695,57,Male,Mumbai,2025-11-18,New,1.39,Pizza,191.5,UPI
13696,24,Female,Delhi,2024-03-07,New,1.68,South Indian,163.64,UPI
13697,47,Male,Hyderabad,2024-03-06,New,1.36,Burgers,176.59,Credit Card
13698,24,Male,Hyderabad,2026-06-30,New,1.74,Pizza,375.32,Debit Card
13699,20,Male,Mumbai,2025-08-17,New,3.39,Chinese,220.09,UPI
13700,18,Female,Mumbai,2026-05-11,Regular,7.71,Desserts,694.8,Debit Card
13701,53,Male,Hyderabad,2025-09-08,New,3.98,Pizza,305.88,Wallet
13702,42,Male,Mumbai,2025-02-03,Regular,5.61,Pizza,542.99,Credit Card
13703,54,Female,Hyderabad,2024-10-13,Regular,9.16,Burgers,251.09,Debit Card
13704,18,Male,Pune,2026-06-04,New,1.57,Biryani,305.39,UPI
13705,32,Female,Mumbai,2024-07-04,Regular,9.51,South Indian,378.25,UPI
13706,54,Female,Pune,2024-10-10,New,2.7,Indian,160.37,UPI
13707,30,Female,Pune,2025-05-30,Regular,4.06,Biryani,543.63,Debit Card
13708,57,Female,Mumbai,2025-10-11,Regular,4.97,Biryani,450.62,Debit Card
13709,25,Female,Hyderabad,2025-11-21,New,2.32,Burgers,286.67,Cash
13710,22,Male,Chennai,2024-08-24,Regular,4.26,South Indian,459.72,Credit Card
13711,26,Female,Hyderabad,2024-01-18,New,1.52,Chinese,220.7,UPI
13712,18,Male,Bangalore,2026-03-25,Regular,5.15,Desserts,644.97,Debit Card
13713,53,Female,Mumbai,2026-07-16,VIP,17.84,Desserts,1384.5,UPI
13714,52,Male,Delhi,2025-02-17,New,3.27,Indian,380.64,Wallet
13715,19,Female,Mumbai,2026-07-20,Regular,4.19,Desserts,459.28,UPI
13716,57,Female,Bangalore,2024-01-09,New,3.8,South Indian,269.41,UPI
13717,40,Female,Pune,2025-02-23,New,3.88,Biryani,280.22,UPI
13718,26,Male,Delhi,2024-01-29,New,3.6,South Indian,282.28,Cash
13719,51,Male,Delhi,2025-10-17,VIP,14.48,Burgers,1156.61,Credit Card
13720,63,Female,Hyderabad,2024-12-13,Regular,4.28,South Indian,379.77,UPI
13721,31,Female,Chennai,2025-10-22,VIP,10.77,Pizza,998.43,UPI
13722,21,Male,Hyderabad,2025-07-29,Regular,7.11,South Indian,436.93,UPI
13723,47,Other,Delhi,2026-05-28,New,3.86,Indian,244.74,UPI
13724,48,Female,Delhi,2025-03-25,Regular,7.45,South Indian,435.05,UPI
13725,55,Male,Chennai,2025-01-14,VIP,11.45,Chinese,512.23,Debit Card
13726,28,Female,Mumbai,2025-11-29,Regular,5.31,Desserts,519.81,Debit Card
13727,52,Female,Chennai,2024-12-31,Regular,9.56,Pizza,351.74,Cash
13728,25,Male,Pune,2024-08-14,Regular,4.59,Indian,266.19,UPI
13729,20,Male,Hyderabad,2024-04-27,New,3.94,Indian,171.62,Wallet
13730,31,Female,Mumbai,2025-02-15,New,3.54,Biryani,215.07,UPI
13731,30,Female,Hyderabad,2024-12-21,Regular,5.55,Burgers,406.75,UPI
13732,62,Male,Chennai,2024-09-10,VIP,12.82,Desserts,588.02,UPI
13733,49,Female,Mumbai,2025-06-26,Regular,6.5,Burgers,371.53,Cash
13734,51,Female,Chennai,2025-11-03,Regular,4.85,Pizza,264.17,Cash
13735,62,Female,Pune,2025-12-27,New,2.51,Indian,199.71,Wallet
13736,36,Male,Bangalore,2025-03-19,Regular,9.98,Biryani,641.01,UPI
13737,55,Female,Delhi,2025-11-11,VIP,14.73,Chinese,1177.21,Wallet
13738,33,Male,Mumbai,2024-03-21,Regular,5.67,South Indian,378.22,Credit Card
13739,19,Male,Delhi,2024-02-15,Regular,7.46,South Indian,597.46,UPI
13740,57,Male,Bangalore,2024-02-18,Regular,4.69,South Indian,254.0,UPI
13741,34,Female,Mumbai,2025-03-24,Regular,6.77,Burgers,665.81,Debit Card
13742,51,Female,Delhi,2026-03-20,VIP,11.42,Indian,1207.79,Wallet
13743,59,Male,Delhi,2025-02-10,Regular,5.89,Indian,495.17,Wallet
13744,33,Female,Mumbai,2026-05-29,New,2.42,Chinese,347.56,Credit Card
13745,55,Male,Delhi,2024-10-09,Regular,9.52,Burgers,264.78,Credit Card
13746,19,Male,Delhi,2025-04-17,New,3.65,Chinese,321.17,Debit Card
13747,19,Other,Mumbai,2025-02-19,Regular,8.99,Indian,592.93,Debit Card
13748,43,Female,Delhi,2025-08-22,New,2.68,South Indian,355.46,UPI
13749,30,Male,Delhi,2024-04-30,VIP,15.83,Desserts,1383.23,Debit Card
13750,64,Female,Hyderabad,2024-01-03,VIP,19.25,Burgers,1032.06,UPI
13751,48,Male,Pune,2024-11-11,New,3.86,Burgers,276.38,UPI
13752,51,Male,Hyderabad,2025-04-04,New,2.81,Burgers,260.68,UPI
13753,56,Female,Bangalore,2024-08-14,Regular,8.88,Biryani,287.67,Credit Card
13754,20,Female,Hyderabad,2024-03-19,Regular,5.19,Biryani,431.03,UPI
13755,25,Male,Hyderabad,2025-10-18,New,2.68,South Indian,313.36,Wallet
13756,40,Female,Bangalore,2026-01-23,New,2.63,Biryani,313.09,Credit Card
13757,31,Female,Delhi,2025-06-27,Regular,5.9,Burgers,398.69,Cash
13758,44,Male,Delhi,2026-02-13,Regular,7.95,Biryani,580.02,UPI
13759,46,Female,Hyderabad,2025-12-23,New,1.42,Biryani,209.92,Debit Card
13760,56,Female,Bangalore,2024-03-11,Regular,6.11,Pizza,307.79,Cash
13761,56,Female,Delhi,2026-06-14,VIP,8.61,Burgers,1431.23,UPI
13762,18,Female,Chennai,2024-07-15,New,2.92,Biryani,290.96,UPI
13763,34,Female,Mumbai,2024-02-27,Regular,9.01,South Indian,340.65,Credit Card
13764,58,Male,Mumbai,2025-02-27,New,3.84,Biryani,216.31,UPI
13765,47,Female,Pune,2025-04-13,New,1.69,Biryani,276.43,UPI
13766,30,Female,Mumbai,2025-09-15,New,1.51,Desserts,374.47,Cash
13767,38,Male,Hyderabad,2024-02-17,Regular,4.82,Burgers,532.69,Debit Card
13768,36,Female,Mumbai,2025-03-10,Regular,6.7,Biryani,292.94,Credit Card
13769,36,Female,Mumbai,2024-07-03,Regular,5.37,Pizza,494.27,UPI
13770,42,Female,Chennai,2026-05-28,New,3.22,Pizza,324.43,UPI
13771,39,Male,Delhi,2026-04-18,New,2.8,Desserts,258.1,UPI
13772,48,Male,Chennai,2024-06-13,Regular,9.33,Biryani,513.26,Credit Card
13773,34,Female,Hyderabad,2025-12-27,New,3.37,Burgers,275.48,Credit Card
13774,40,Male,Mumbai,2024-11-26,Regular,7.77,Indian,297.31,UPI
13775,49,Female,Delhi,2024-11-25,Regular,9.69,Indian,465.37,Wallet
13776,27,Male,Pune,2024-04-30,VIP,16.47,Chinese,842.89,Credit Card
13777,27,Male,Pune,2024-07-31,New,2.65,Pizza,207.81,UPI
13778,53,Male,Mumbai,2026-04-02,Regular,7.78,Indian,687.74,Debit Card
13779,25,Male,Mumbai,2025-05-21,New,2.15,Chinese,329.54,UPI
13780,37,Female,Pune,2025-07-06,Regular,7.84,Indian,407.56,Debit Card
13781,49,Male,Pune,2026-05-14,Regular,8.02,Burgers,345.94,Debit Card
13782,31,Male,Hyderabad,2026-07-04,Regular,8.36,Biryani,379.61,Cash
13783,45,Male,Mumbai,2026-03-11,Regular,8.85,Pizza,509.92,UPI
13784,63,Female,Pune,2024-06-16,Regular,6.42,Indian,443.21,UPI
13785,41,Male,Bangalore,2025-06-29,New,3.38,Burgers,349.9,UPI
13786,32,Female,Pune,2026-04-09,New,2.36,Chinese,214.03,UPI
13787,39,Female,Delhi,2026-02-25,Regular,9.26,Burgers,278.01,Wallet
13788,47,Female,Delhi,2025-03-02,VIP,11.5,Chinese,1048.26,Debit Card
13789,21,Female,Bangalore,2025-12-09,Regular,6.42,Indian,373.72,Cash
13790,30,Female,Hyderabad,2025-12-03,Regular,8.82,Biryani,473.16,UPI
13791,40,Female,Mumbai,2024-08-08,New,1.91,South Indian,202.82,Wallet
13792,25,Male,Mumbai,2024-01-10,Regular,5.85,Biryani,506.77,UPI
13793,35,Male,Pune,2024-04-29,Regular,5.35,Burgers,608.2,Wallet
13794,29,Male,Delhi,2025-09-26,New,1.63,South Indian,399.32,UPI
13795,48,Female,Hyderabad,2024-09-03,Regular,4.53,Pizza,387.73,Debit Card
13796,31,Other,Hyderabad,2024-12-25,Regular,4.03,South Indian,499.21,UPI
13797,51,Female,Hyderabad,2026-06-27,Regular,8.04,Biryani,459.7,UPI
13798,35,Male,Pune,2024-08-08,Regular,7.69,Pizza,699.52,Debit Card
13799,51,Female,Mumbai,2026-02-11,Regular,8.43,Desserts,614.01,Wallet
13800,28,Male,Hyderabad,2025-05-20,Regular,8.39,Indian,428.69,Debit Card
13801,58,Male,Pune,2024-02-27,Regular,9.18,Indian,464.6,UPI
13802,29,Male,Pune,2026-04-06,Regular,9.53,Burgers,360.68,UPI
13803,32,Male,Bangalore,2025-04-04,New,2.63,South Indian,160.72,UPI
13804,48,Female,Chennai,2024-05-07,New,1.84,Pizza,276.73,Wallet
13805,46,Male,Hyderabad,2025-11-29,New,2.63,Pizza,162.75,UPI
13806,43,Male,Chennai,2025-12-17,Regular,7.85,South Indian,504.62,Wallet
13807,35,Female,Mumbai,2024-03-26,VIP,14.71,Biryani,1196.07,Credit Card
13808,49,Female,Pune,2024-04-13,New,3.47,Desserts,336.18,Credit Card
13809,39,Female,Hyderabad,2024-05-22,New,3.57,Indian,184.63,Wallet
13810,55,Male,Delhi,2024-07-23,Regular,9.32,Biryani,406.94,Debit Card
13811,34,Female,Mumbai,2025-10-02,Regular,6.51,Indian,581.96,UPI
13812,40,Female,Bangalore,2026-01-27,Regular,8.01,Pizza,260.22,UPI
13813,41,Male,Bangalore,2024-02-07,Regular,7.7,Burgers,262.81,UPI
13814,25,Female,Chennai,2024-12-28,Regular,6.26,Desserts,572.25,Credit Card
13815,58,Male,Pune,2025-09-12,Regular,7.39,Indian,668.81,UPI
13816,23,Male,Chennai,2024-11-04,VIP,9.75,Chinese,772.05,Debit Card
13817,22,Female,Delhi,2024-02-21,New,2.35,Pizza,343.54,UPI
13818,61,Female,Delhi,2024-01-01,VIP,11.92,South Indian,940.27,Wallet
13819,46,Male,Bangalore,2024-01-11,New,2.55,South Indian,325.92,Debit Card
13820,45,Female,Hyderabad,2026-04-05,New,2.18,Biryani,268.77,Wallet
13821,28,Female,Bangalore,2026-01-16,Regular,4.67,Biryani,669.89,UPI
13822,18,Female,Bangalore,2025-10-01,Regular,8.8,Pizza,672.36,Debit Card
13823,60,Male,Delhi,2026-07-24,Regular,5.59,Biryani,448.83,Wallet
13824,36,Female,Chennai,2024-08-01,Regular,4.32,Biryani,347.73,UPI
13825,26,Male,Delhi,2026-01-24,VIP,11.66,Pizza,1033.98,Cash
13826,44,Female,Pune,2025-07-09,New,2.95,Indian,349.5,UPI
13827,51,Male,Delhi,2025-06-01,New,1.6,Pizza,285.01,UPI
13828,61,Male,Delhi,2025-10-29,Regular,9.89,Pizza,298.47,UPI
13829,21,Female,Bangalore,2025-02-18,Regular,5.14,Biryani,692.44,UPI
13830,53,Male,Hyderabad,2024-01-08,Regular,5.76,Chinese,267.16,Wallet
13831,35,Male,Bangalore,2024-01-05,Regular,7.66,South Indian,377.15,UPI
13832,32,Male,Mumbai,2024-12-27,New,2.93,Biryani,189.06,Credit Card
13833,30,Female,Delhi,2025-11-24,New,1.46,Indian,247.31,Credit Card
13834,36,Male,Delhi,2024-04-21,Regular,6.46,Burgers,354.42,Debit Card
13835,23,Female,Mumbai,2024-09-29,Regular,6.45,Indian,408.84,UPI
13836,29,Male,Delhi,2025-02-25,Regular,8.64,South Indian,371.3,Debit Card
13837,54,Male,Delhi,2024-09-21,Regular,5.45,Burgers,611.51,UPI
13838,34,Male,Pune,2025-04-02,VIP,19.51,Pizza,668.45,Debit Card
13839,40,Female,Delhi,2024-07-30,New,1.61,Chinese,340.41,Wallet
13840,43,Male,Mumbai,2024-03-18,Regular,5.69,Chinese,390.89,UPI
13841,46,Male,Bangalore,2026-02-20,Regular,5.71,South Indian,267.94,UPI
13842,50,Other,Delhi,2025-10-27,Regular,4.11,Biryani,272.23,Credit Card
13843,44,Female,Hyderabad,2024-08-08,Regular,8.15,South Indian,573.06,UPI
13844,42,Male,Mumbai,2025-01-03,VIP,19.82,Chinese,512.81,UPI
13845,27,Male,Chennai,2024-12-12,Regular,4.19,Desserts,464.11,UPI
13846,64,Female,Pune,2024-01-25,New,2.73,Burgers,313.41,Credit Card
13847,40,Male,Mumbai,2025-02-23,New,1.8,Burgers,299.26,UPI
13848,38,Male,Bangalore,2024-12-19,Regular,6.26,Biryani,405.59,Credit Card
13849,38,Female,Mumbai,2025-12-20,Regular,6.6,Indian,642.87,Credit Card
13850,60,Female,Chennai,2025-02-20,New,2.38,Pizza,243.32,Debit Card
13851,30,Female,Pune,2025-05-29,New,1.25,Biryani,162.66,Wallet
13852,54,Male,Hyderabad,2024-08-02,Regular,6.95,Burgers,507.36,Credit Card
13853,50,Male,Chennai,2026-06-25,Regular,5.0,Pizza,678.54,UPI
13854,41,Female,Mumbai,2024-04-21,New,2.45,South Indian,340.18,UPI
13855,61,Male,Chennai,2025-12-04,Regular,9.65,Burgers,437.04,Credit Card
13856,28,Female,Mumbai,2026-07-02,Regular,4.16,Burgers,533.3,Wallet
13857,34,Female,Hyderabad,2025-07-12,VIP,11.28,Burgers,577.08,Debit Card
13858,21,Male,Hyderabad,2025-03-03,New,3.97,Indian,303.49,UPI
13859,64,Female,Bangalore,2026-01-02,Regular,4.79,Biryani,368.42,Wallet
13860,42,Female,Hyderabad,2025-11-29,Regular,5.63,South Indian,377.6,Debit Card
13861,47,Female,Delhi,2025-07-15,New,3.45,Chinese,386.05,UPI
13862,26,Male,Chennai,2025-12-09,Regular,9.66,Indian,411.19,Debit Card
13863,38,Male,Chennai,2024-08-03,New,2.95,Indian,343.01,UPI
13864,37,Female,Mumbai,2025-02-16,Regular,9.54,Burgers,520.16,Credit Card
13865,36,Male,Hyderabad,2026-01-02,Regular,8.31,Indian,387.19,UPI
13866,36,Other,Bangalore,2025-01-14,New,1.33,Biryani,261.89,UPI
13867,29,Male,Bangalore,2025-08-24,New,3.53,Biryani,398.47,Debit Card
13868,54,Female,Bangalore,2024-08-19,Regular,4.19,Biryani,537.12,Wallet
13869,59,Male,Pune,2026-04-14,New,3.14,Chinese,199.77,UPI
13870,34,Female,Delhi,2024-09-14,Regular,6.01,Indian,616.36,UPI
13871,54,Male,Hyderabad,2025-10-26,Regular,4.44,Desserts,530.92,UPI
13872,56,Male,Bangalore,2024-09-12,VIP,19.89,Biryani,870.65,Wallet
13873,45,Male,Delhi,2025-02-06,Regular,7.48,Indian,321.98,UPI
13874,58,Female,Chennai,2025-02-27,Regular,6.92,Burgers,421.3,Wallet
13875,52,Male,Mumbai,2026-02-08,New,3.37,South Indian,355.32,Wallet
13876,64,Female,Hyderabad,2024-03-05,New,2.96,Biryani,359.06,Credit Card
13877,35,Female,Hyderabad,2024-07-08,New,1.54,Chinese,316.91,UPI
13878,31,Male,Pune,2025-08-25,Regular,8.76,Burgers,652.56,UPI
13879,52,Female,Chennai,2024-06-21,Regular,6.26,Indian,500.67,UPI
13880,61,Male,Hyderabad,2026-01-28,Regular,4.4,Biryani,398.67,UPI
13881,58,Other,Pune,2026-02-06,Regular,4.59,Chinese,586.1,Wallet
13882,24,Female,Pune,2025-09-19,Regular,4.01,Desserts,258.86,UPI
13883,58,Male,Pune,2025-07-14,New,2.46,Pizza,235.93,UPI
13884,30,Male,Hyderabad,2024-08-14,New,2.43,Biryani,287.82,Credit Card
13885,35,Male,Hyderabad,2025-08-03,VIP,14.75,Desserts,719.71,Wallet
13886,54,Other,Hyderabad,2026-07-22,Regular,8.01,Desserts,523.4,UPI
13887,30,Male,Delhi,2025-01-22,Regular,8.36,Biryani,345.18,Debit Card
13888,53,Female,Pune,2025-02-04,Regular,7.08,Indian,401.69,Credit Card
13889,48,Male,Delhi,2025-09-29,Regular,5.43,South Indian,669.2,Debit Card
13890,19,Female,Mumbai,2024-07-31,New,2.37,Indian,294.23,Wallet
13891,33,Male,Hyderabad,2024-02-22,VIP,9.64,South Indian,1481.08,UPI
13892,26,Female,Chennai,2025-09-15,Regular,8.44,Pizza,540.03,Credit Card
13893,26,Female,Bangalore,2025-11-01,New,3.23,Burgers,382.91,Debit Card
13894,55,Female,Mumbai,2026-01-21,Regular,9.22,Burgers,415.84,Wallet
13895,28,Male,Bangalore,2025-10-23,Regular,7.91,Desserts,606.55,UPI
13896,39,Male,Bangalore,2024-05-18,Regular,7.86,Biryani,475.53,UPI
13897,50,Male,Hyderabad,2025-02-21,New,2.0,Burgers,366.62,UPI
13898,53,Female,Chennai,2025-09-16,New,3.12,Chinese,344.64,Wallet
13899,62,Male,Bangalore,2024-05-22,New,3.1,South Indian,388.31,Wallet
13900,40,Female,Pune,2026-05-31,New,3.98,Indian,166.09,Credit Card
13901,62,Male,Bangalore,2025-05-23,Regular,9.29,Chinese,587.35,UPI
13902,62,Female,Mumbai,2025-10-11,Regular,9.03,Chinese,690.04,UPI
13903,51,Female,Chennai,2025-04-30,Regular,6.96,Indian,462.86,Credit Card
13904,26,Female,Chennai,2025-03-12,VIP,17.2,Pizza,1271.99,Cash
13905,41,Male,Bangalore,2026-03-26,New,1.56,Desserts,256.53,Wallet
13906,25,Male,Chennai,2025-06-26,VIP,8.63,Burgers,998.33,Debit Card
13907,24,Male,Mumbai,2024-10-19,VIP,14.95,Pizza,1134.99,UPI
13908,53,Male,Mumbai,2025-09-11,Regular,4.27,Pizza,284.81,Cash
13909,35,Female,Mumbai,2024-10-10,New,1.95,Burgers,332.42,Wallet
13910,20,Female,Pune,2025-11-01,Regular,6.93,Pizza,347.45,UPI
13911,45,Female,Hyderabad,2026-04-17,Regular,5.53,Chinese,496.81,Debit Card
13912,23,Male,Bangalore,2024-01-14,Regular,8.14,Biryani,501.01,UPI
13913,61,Female,Chennai,2025-09-25,New,3.99,Indian,371.3,Debit Card
13914,61,Female,Mumbai,2025-12-27,Regular,7.25,Biryani,512.72,Cash
13915,38,Female,Bangalore,2024-09-28,Regular,6.12,Chinese,472.86,UPI
13916,45,Male,Bangalore,2024-01-25,New,1.98,Biryani,166.31,Debit Card
13917,57,Male,Hyderabad,2026-07-23,Regular,8.26,Chinese,670.25,Credit Card
13918,18,Male,Pune,2024-11-17,New,3.45,South Indian,182.6,Wallet
13919,53,Female,Chennai,2026-03-16,Regular,7.01,Burgers,308.59,UPI
13920,38,Female,Pune,2025-11-11,Regular,4.94,Burgers,441.29,Debit Card
13921,60,Male,Chennai,2024-04-12,New,1.06,Biryani,385.67,UPI
13922,52,Male,Mumbai,2026-05-15,Regular,9.98,Chinese,647.49,UPI
13923,30,Female,Mumbai,2026-06-01,New,3.32,Burgers,223.49,UPI
13924,27,Female,Bangalore,2024-02-09,Regular,8.19,South Indian,497.18,UPI
13925,61,Male,Chennai,2024-08-22,VIP,8.0,Biryani,1193.67,Cash
13926,64,Female,Chennai,2026-04-11,Regular,9.63,Indian,498.97,UPI
13927,27,Other,Pune,2024-03-29,VIP,15.4,Pizza,569.97,UPI
13928,63,Female,Mumbai,2024-04-09,Regular,6.08,Desserts,595.96,UPI
13929,30,Male,Delhi,2024-05-23,Regular,7.56,Burgers,679.94,UPI
13930,54,Female,Bangalore,2024-03-22,VIP,8.55,Chinese,875.17,UPI
13931,55,Female,Chennai,2025-08-11,New,1.79,Burgers,244.25,Cash
13932,41,Male,Hyderabad,2025-07-24,New,2.38,Chinese,240.39,Credit Card
13933,19,Female,Hyderabad,2024-08-16,Regular,5.87,Biryani,528.99,Wallet
13934,39,Female,Delhi,2025-08-25,Regular,6.61,Biryani,335.03,Debit Card
13935,34,Female,Mumbai,2026-05-15,Regular,7.56,Pizza,611.49,Debit Card
13936,53,Male,Mumbai,2025-01-29,New,2.05,Burgers,364.52,Wallet
13937,31,Female,Mumbai,2025-05-27,VIP,15.62,Pizza,1194.83,Wallet
13938,27,Female,Pune,2026-02-19,Regular,8.21,Chinese,485.91,UPI
13939,52,Male,Hyderabad,2026-03-08,VIP,18.72,South Indian,509.42,Wallet
13940,42,Female,Mumbai,2024-07-15,Regular,8.55,South Indian,564.21,Credit Card
13941,20,Female,Hyderabad,2024-09-30,Regular,4.51,Desserts,325.36,UPI
13942,64,Female,Delhi,2025-08-12,VIP,15.54,Indian,772.36,Credit Card
13943,55,Male,Bangalore,2025-10-14,Regular,6.61,Chinese,461.67,UPI
13944,34,Female,Pune,2026-03-10,VIP,16.42,Chinese,672.26,Credit Card
13945,29,Male,Chennai,2025-08-05,New,1.8,Chinese,295.41,Wallet
13946,41,Male,Delhi,2025-07-15,Regular,6.64,Biryani,316.01,UPI
13947,46,Female,Hyderabad,2025-01-06,VIP,19.98,Biryani,1380.79,UPI
13948,60,Male,Delhi,2026-05-30,VIP,14.6,South Indian,810.44,Cash
13949,42,Female,Chennai,2024-03-20,New,1.17,South Indian,347.3,UPI
13950,53,Male,Pune,2024-08-22,New,1.21,Desserts,162.06,UPI
13951,43,Male,Bangalore,2024-10-13,Regular,5.05,Desserts,353.34,Wallet
13952,55,Male,Chennai,2026-03-29,VIP,8.34,South Indian,740.28,Wallet
13953,18,Other,Pune,2025-10-28,Regular,5.18,Burgers,672.74,UPI
13954,37,Female,Hyderabad,2025-07-25,Regular,9.13,Burgers,444.35,UPI
13955,45,Female,Chennai,2025-06-28,Regular,8.78,South Indian,662.9,Wallet
13956,33,Male,Delhi,2025-03-12,New,3.69,Pizza,186.56,UPI
13957,64,Male,Mumbai,2024-05-06,VIP,9.65,Burgers,676.15,Credit Card
13958,34,Other,Delhi,2026-01-02,Regular,5.4,Biryani,328.02,UPI
13959,57,Male,Hyderabad,2025-12-12,Regular,7.51,Burgers,464.83,Debit Card
13960,45,Male,Bangalore,2025-02-20,Regular,4.86,Burgers,486.64,UPI
13961,29,Female,Chennai,2025-09-29,Regular,9.0,Burgers,403.51,Credit Card
13962,44,Male,Bangalore,2024-02-10,Regular,4.78,Desserts,390.81,UPI
13963,59,Female,Hyderabad,2026-02-25,VIP,14.28,Desserts,760.73,UPI
13964,64,Female,Chennai,2025-04-13,Regular,5.64,Indian,560.72,UPI
13965,47,Male,Pune,2024-10-23,Regular,9.41,Burgers,287.98,UPI
13966,58,Male,Pune,2025-08-19,New,3.73,Pizza,338.74,Wallet
13967,51,Male,Delhi,2025-08-23,Regular,5.98,Desserts,666.81,Wallet
13968,54,Female,Delhi,2024-02-11,New,3.71,Indian,345.35,Debit Card
13969,23,Female,Hyderabad,2025-09-23,New,1.49,Biryani,394.79,Credit Card
13970,24,Male,Pune,2024-10-05,New,3.14,Biryani,339.45,UPI
13971,49,Male,Chennai,2025-04-03,Regular,7.67,Burgers,470.67,UPI
13972,49,Female,Pune,2024-02-02,VIP,8.4,Chinese,883.19,UPI
13973,42,Female,Delhi,2024-10-02,Regular,7.31,Indian,618.58,Debit Card
13974,50,Male,Hyderabad,2025-10-26,New,2.87,Desserts,398.95,UPI
13975,24,Male,Pune,2024-03-30,New,1.16,Biryani,244.17,Cash
13976,29,Male,Hyderabad,2025-09-07,Regular,9.13,Burgers,571.23,Debit Card
13977,33,Female,Pune,2025-06-07,New,2.18,Pizza,209.8,Cash
13978,33,Other,Bangalore,2024-06-08,Regular,9.89,South Indian,670.78,Credit Card
13979,60,Male,Pune,2026-07-17,Regular,8.73,Biryani,525.45,Credit Card
13980,53,Female,Delhi,2025-04-02,VIP,12.39,Burgers,1411.04,UPI
13981,30,Male,Chennai,2025-12-08,Regular,8.06,Chinese,528.63,Credit Card
13982,24,Male,Delhi,2025-02-02,New,2.59,Pizza,223.85,Cash
13983,53,Male,Delhi,2026-03-29,Regular,5.62,Biryani,532.66,UPI
13984,64,Female,Delhi,2026-02-12,Regular,4.36,Indian,365.92,UPI
13985,26,Female,Hyderabad,2024-03-31,VIP,10.53,Pizza,648.37,UPI
13986,49,Female,Mumbai,2025-12-09,New,3.29,Burgers,242.4,Cash
13987,28,Male,Mumbai,2025-08-03,Regular,5.66,Desserts,505.15,UPI
13988,25,Male,Bangalore,2025-04-10,VIP,16.84,Biryani,1169.43,Wallet
13989,50,Male,Delhi,2024-08-07,New,3.18,Biryani,225.15,UPI
13990,40,Female,Mumbai,2025-02-22,Regular,7.55,Chinese,547.44,Wallet
13991,42,Male,Bangalore,2025-01-13,New,1.2,Biryani,259.7,Credit Card
13992,25,Female,Hyderabad,2025-12-26,Regular,5.59,Desserts,576.39,UPI
13993,62,Male,Delhi,2026-07-18,Regular,7.43,Pizza,433.4,Debit Card
13994,39,Male,Chennai,2025-03-22,Regular,7.2,Biryani,673.4,Wallet
13995,21,Male,Hyderabad,2024-05-25,Regular,8.68,Pizza,686.86,Credit Card
13996,57,Male,Bangalore,2024-08-20,Regular,9.57,South Indian,451.93,Debit Card
13997,20,Male,Hyderabad,2025-01-05,VIP,17.0,Desserts,547.77,UPI
13998,46,Male,Chennai,2026-07-10,Regular,5.24,South Indian,389.87,Wallet
13999,58,Female,Hyderabad,2024-08-21,New,3.93,Burgers,192.18,UPI
14000,46,Female,Bangalore,2025-12-26,Regular,6.63,Indian,283.77,UPI
14001,51,Male,Chennai,2025-01-01,Regular,4.24,Indian,315.25,UPI
14002,51,Male,Chennai,2025-04-25,Regular,9.17,Chinese,639.04,UPI
14003,45,Male,Hyderabad,2025-07-26,Regular,9.97,Desserts,652.2,UPI
14004,30,Male,Chennai,2024-12-28,Regular,9.54,Burgers,489.68,Credit Card
14005,32,Male,Hyderabad,2025-08-12,Regular,9.16,Indian,402.9,Credit Card
14006,40,Female,Delhi,2025-05-25,Regular,9.96,Biryani,452.96,UPI
14007,61,Male,Chennai,2024-04-04,Regular,9.45,Pizza,641.33,UPI
14008,43,Male,Hyderabad,2026-04-21,Regular,8.13,Burgers,344.95,Wallet
14009,21,Male,Delhi,2024-08-03,Regular,5.0,Pizza,382.69,Wallet
14010,43,Male,Chennai,2025-12-25,New,3.13,Chinese,307.69,UPI
14011,57,Female,Delhi,2026-03-26,New,3.78,Desserts,152.49,Credit Card
14012,26,Male,Pune,2025-12-12,VIP,8.47,Biryani,647.78,UPI
14013,22,Male,Chennai,2026-05-13,New,1.89,Burgers,166.71,Wallet
14014,49,Female,Pune,2025-06-26,Regular,6.94,Biryani,540.28,Cash
14015,37,Male,Bangalore,2026-03-12,VIP,15.78,Biryani,1156.99,UPI
14016,28,Female,Bangalore,2026-05-04,New,1.99,Desserts,210.5,Debit Card
14017,32,Female,Hyderabad,2024-05-14,Regular,4.31,Biryani,577.56,UPI
14018,49,Male,Mumbai,2024-03-23,Regular,6.4,Chinese,313.91,UPI
14019,45,Female,Pune,2025-01-25,VIP,10.79,Desserts,1045.26,Credit Card
14020,39,Male,Pune,2024-02-16,New,3.38,South Indian,326.45,UPI
14021,58,Female,Bangalore,2025-01-26,Regular,6.37,Chinese,336.19,Debit Card
14022,34,Male,Pune,2025-12-18,VIP,18.23,Biryani,1470.81,Debit Card
14023,43,Male,Mumbai,2025-01-19,New,2.31,South Indian,327.15,Wallet
14024,61,Female,Delhi,2025-01-15,Regular,8.11,Burgers,388.08,UPI
14025,24,Female,Delhi,2024-03-17,Regular,6.51,Pizza,348.08,Credit Card
14026,59,Other,Mumbai,2024-09-15,New,2.81,Pizza,366.21,UPI
14027,43,Female,Pune,2025-08-26,VIP,16.46,Pizza,1311.59,UPI
14028,42,Male,Pune,2026-07-22,Regular,6.14,Chinese,422.42,Credit Card
14029,27,Male,Pune,2025-02-02,New,1.55,Burgers,172.9,Wallet
14030,62,Male,Hyderabad,2024-04-09,New,2.2,Burgers,193.83,UPI
14031,36,Male,Chennai,2025-05-15,New,1.21,South Indian,362.49,Cash
14032,28,Male,Mumbai,2025-01-17,New,2.79,Burgers,354.83,Debit Card
14033,30,Female,Mumbai,2025-12-07,Regular,9.15,Pizza,679.07,Debit Card
14034,25,Male,Mumbai,2024-07-10,New,1.14,Burgers,299.2,Cash
14035,57,Male,Mumbai,2025-08-02,Regular,5.32,South Indian,527.18,Credit Card
14036,21,Male,Mumbai,2026-06-19,VIP,9.93,Burgers,1335.12,UPI
14037,64,Female,Pune,2026-01-23,Regular,8.99,Burgers,330.07,Debit Card
14038,48,Female,Hyderabad,2025-08-24,New,1.82,Pizza,163.56,Wallet
14039,45,Female,Bangalore,2024-12-10,VIP,18.4,Burgers,1113.83,UPI
14040,28,Male,Pune,2024-01-10,New,1.89,Chinese,219.81,UPI
14041,60,Female,Pune,2024-09-20,VIP,18.25,Desserts,834.58,UPI
14042,18,Male,Chennai,2024-09-24,Regular,8.02,South Indian,656.16,UPI
14043,64,Female,Bangalore,2026-04-11,Regular,6.2,South Indian,421.31,Wallet
14044,55,Female,Mumbai,2025-09-21,Regular,9.28,South Indian,483.39,UPI
14045,41,Male,Bangalore,2026-01-31,Regular,8.8,Burgers,584.05,Wallet
14046,64,Female,Hyderabad,2025-07-24,Regular,9.56,Chinese,271.4,Wallet
14047,48,Female,Delhi,2024-07-13,Regular,5.89,Desserts,274.51,Wallet
14048,58,Male,Pune,2025-07-15,Regular,4.13,Biryani,345.25,UPI
14049,63,Female,Bangalore,2025-02-10,Regular,8.87,Biryani,315.89,Debit Card
14050,43,Male,Chennai,2024-10-22,VIP,10.73,South Indian,1244.49,Cash
14051,22,Male,Hyderabad,2026-06-08,Regular,6.8,Indian,530.35,UPI
14052,37,Male,Delhi,2024-04-06,VIP,9.4,Biryani,1160.97,UPI
14053,58,Male,Hyderabad,2025-04-06,Regular,5.3,Biryani,680.7,Wallet
14054,28,Female,Mumbai,2025-09-30,Regular,5.87,Pizza,448.41,Credit Card
14055,50,Male,Delhi,2026-01-27,New,2.97,Indian,208.13,Credit Card
14056,55,Female,Chennai,2024-03-27,New,3.53,Indian,243.42,Cash
14057,44,Male,Delhi,2024-03-17,Regular,6.77,South Indian,629.98,Debit Card
14058,51,Other,Chennai,2026-06-07,Regular,4.06,Desserts,531.18,UPI
14059,32,Female,Mumbai,2025-12-16,Regular,5.27,Desserts,372.92,UPI
14060,49,Female,Chennai,2025-04-27,Regular,9.0,Indian,658.83,UPI
14061,38,Male,Hyderabad,2024-05-25,Regular,6.48,Indian,330.28,UPI
14062,63,Male,Bangalore,2025-10-22,Regular,7.82,Biryani,269.64,UPI
14063,22,Male,Hyderabad,2024-04-20,New,3.77,Chinese,175.97,UPI
14064,23,Female,Pune,2025-10-02,Regular,7.9,Pizza,503.65,Wallet
14065,55,Female,Hyderabad,2026-02-03,New,2.11,Burgers,346.74,UPI
14066,39,Male,Delhi,2025-11-08,Regular,7.57,South Indian,551.9,Credit Card
14067,35,Male,Mumbai,2024-10-23,New,2.7,Biryani,295.97,Debit Card
14068,31,Female,Pune,2025-03-01,Regular,4.67,Biryani,630.05,Debit Card
14069,27,Male,Pune,2025-10-10,Regular,6.42,South Indian,376.96,Credit Card
14070,63,Female,Pune,2026-03-01,New,2.54,Indian,313.79,UPI
14071,30,Female,Bangalore,2024-11-29,Regular,9.01,Burgers,479.52,Wallet
14072,48,Female,Chennai,2025-06-06,VIP,15.25,Biryani,726.79,UPI
14073,47,Male,Delhi,2025-08-05,New,1.44,Burgers,392.04,Debit Card
14074,20,Male,Mumbai,2025-11-01,Regular,4.86,Burgers,439.51,Wallet
14075,47,Female,Bangalore,2025-12-28,Regular,7.95,South Indian,365.39,UPI
14076,23,Female,Hyderabad,2025-06-21,Regular,5.49,South Indian,256.01,Wallet
14077,46,Male,Mumbai,2026-03-08,New,2.64,Desserts,363.17,Debit Card
14078,25,Male,Pune,2024-06-10,New,1.89,Biryani,332.28,Credit Card
14079,61,Female,Mumbai,2025-03-05,Regular,9.66,Biryani,595.05,UPI
14080,62,Female,Mumbai,2025-09-05,New,1.66,Desserts,219.9,Wallet
14081,60,Female,Hyderabad,2024-03-09,New,1.56,Desserts,358.34,UPI
14082,61,Other,Chennai,2024-05-12,Regular,7.82,Biryani,673.46,UPI
14083,50,Male,Delhi,2024-07-07,Regular,8.55,Chinese,545.74,Debit Card
14084,34,Male,Pune,2025-12-23,Regular,5.26,South Indian,559.12,Wallet
14085,28,Female,Chennai,2026-01-24,Regular,4.56,South Indian,591.84,UPI
14086,30,Female,Bangalore,2025-11-08,Regular,6.11,Chinese,403.42,UPI
14087,28,Male,Pune,2026-07-12,Regular,4.81,South Indian,503.65,Wallet
14088,48,Male,Delhi,2026-07-10,New,3.07,Indian,298.18,UPI
14089,45,Female,Bangalore,2025-07-26,Regular,6.54,Indian,625.54,UPI
14090,61,Male,Hyderabad,2026-05-23,Regular,6.77,Desserts,519.69,UPI
14091,23,Male,Chennai,2024-10-05,Regular,7.26,Chinese,359.53,Credit Card
14092,58,Female,Pune,2025-03-05,Regular,9.89,Biryani,654.89,Credit Card
14093,33,Female,Mumbai,2025-09-16,Regular,8.76,Chinese,511.38,Wallet
14094,21,Female,Delhi,2025-06-25,New,1.96,Indian,227.78,UPI
14095,52,Male,Pune,2026-04-14,New,2.42,Burgers,371.02,Wallet
14096,43,Female,Mumbai,2024-06-09,Regular,4.16,South Indian,659.41,Wallet
14097,29,Female,Pune,2026-01-15,Regular,4.7,Pizza,678.52,UPI
14098,28,Female,Bangalore,2026-06-17,New,1.58,Pizza,171.68,UPI
14099,54,Female,Mumbai,2025-03-28,VIP,14.12,Chinese,1055.66,Wallet
14100,42,Male,Mumbai,2026-06-07,Regular,6.01,Pizza,411.8,UPI
14101,35,Male,Pune,2026-04-30,Regular,9.33,Burgers,370.62,Credit Card
14102,36,Male,Hyderabad,2024-06-18,Regular,6.91,Pizza,508.54,Credit Card
14103,40,Male,Hyderabad,2026-04-09,New,2.34,Indian,197.66,Wallet
14104,55,Female,Chennai,2025-11-28,Regular,9.32,Chinese,663.63,Credit Card
14105,35,Female,Bangalore,2024-02-26,Regular,4.48,Biryani,329.18,Credit Card
14106,43,Female,Hyderabad,2024-08-27,New,1.53,Pizza,291.14,Wallet
14107,23,Female,Pune,2026-02-07,Regular,4.46,South Indian,388.1,Cash
14108,21,Male,Hyderabad,2024-12-23,Regular,9.78,Desserts,351.73,Credit Card
14109,61,Male,Chennai,2024-07-19,New,2.91,Desserts,189.05,Credit Card
14110,46,Male,Delhi,2025-03-19,Regular,8.57,Chinese,594.31,Wallet
14111,51,Male,Chennai,2026-04-16,New,1.15,Burgers,287.68,Wallet
14112,34,Male,Mumbai,2026-04-06,Regular,7.11,Indian,355.19,UPI
14113,60,Female,Mumbai,2024-10-28,Regular,7.72,Desserts,398.73,Credit Card
14114,60,Other,Hyderabad,2024-04-15,Regular,9.7,Pizza,640.97,UPI
14115,33,Male,Hyderabad,2026-03-12,Regular,9.56,Indian,575.46,Credit Card
14116,19,Male,Chennai,2024-04-10,Regular,7.93,Burgers,570.71,Wallet
14117,51,Female,Chennai,2024-04-06,Regular,7.95,Desserts,371.01,UPI
14118,25,Male,Pune,2025-10-26,Regular,5.48,Biryani,606.4,UPI
14119,30,Female,Bangalore,2026-07-26,Regular,8.97,Pizza,411.29,UPI
14120,59,Female,Pune,2024-01-29,Regular,7.8,Biryani,430.63,Wallet
14121,25,Female,Mumbai,2025-05-20,Regular,8.96,Biryani,379.4,Debit Card
14122,47,Male,Pune,2025-10-26,New,3.59,Chinese,297.85,UPI
14123,49,Female,Chennai,2025-03-13,New,3.47,Biryani,264.1,UPI
14124,53,Male,Pune,2025-01-13,Regular,5.14,Chinese,257.62,Debit Card
14125,64,Female,Delhi,2024-03-13,Regular,4.46,Biryani,455.16,Credit Card
14126,47,Male,Bangalore,2024-09-10,VIP,16.27,Desserts,1351.76,Credit Card
14127,18,Male,Chennai,2026-06-29,New,2.92,South Indian,220.2,Credit Card
14128,60,Female,Hyderabad,2025-05-30,Regular,7.78,Burgers,285.38,Credit Card
14129,56,Female,Pune,2026-01-18,New,1.49,Pizza,284.57,Credit Card
14130,34,Female,Chennai,2025-07-03,Regular,6.25,Indian,472.36,Wallet
14131,37,Female,Hyderabad,2024-01-20,Regular,5.56,Desserts,326.67,Wallet
14132,41,Female,Hyderabad,2025-09-16,New,3.45,Indian,305.02,UPI
14133,39,Male,Mumbai,2025-06-18,Regular,4.33,Pizza,453.54,Credit Card
14134,46,Female,Mumbai,2025-02-24,Regular,8.35,Burgers,511.33,UPI
14135,39,Female,Chennai,2025-03-21,New,3.14,Burgers,280.53,UPI
14136,61,Female,Chennai,2026-05-28,Regular,4.09,Biryani,699.01,Credit Card
14137,26,Female,Delhi,2024-05-15,Regular,9.68,Indian,598.42,Credit Card
14138,54,Male,Bangalore,2025-05-19,New,3.38,Pizza,298.86,Debit Card
14139,27,Female,Bangalore,2026-07-21,Regular,8.97,Biryani,586.59,UPI
14140,53,Male,Chennai,2026-01-29,New,3.01,Pizza,335.54,UPI
14141,54,Male,Mumbai,2024-10-27,Regular,7.2,Indian,452.86,UPI
14142,45,Female,Pune,2025-08-31,Regular,7.16,Pizza,671.08,Debit Card
14143,45,Male,Delhi,2024-02-02,Regular,6.2,Pizza,565.94,Wallet
14144,59,Female,Bangalore,2025-10-08,New,3.76,Biryani,361.52,Credit Card
14145,60,Male,Chennai,2026-02-05,New,3.12,Chinese,193.83,Credit Card
14146,38,Male,Mumbai,2024-10-04,Regular,4.91,Chinese,639.28,UPI
14147,41,Female,Mumbai,2024-05-12,Regular,6.19,South Indian,606.99,Credit Card
14148,59,Female,Mumbai,2026-01-19,Regular,8.9,Biryani,384.52,Credit Card
14149,57,Female,Pune,2025-06-10,New,3.4,South Indian,194.29,UPI
14150,19,Female,Hyderabad,2026-02-27,Regular,8.38,Burgers,274.07,Debit Card
14151,25,Female,Pune,2024-05-05,VIP,19.19,Chinese,933.12,UPI
14152,44,Male,Mumbai,2024-12-10,VIP,8.69,Chinese,1025.05,Debit Card
14153,39,Male,Chennai,2024-01-17,Regular,4.13,Chinese,333.81,UPI
14154,54,Male,Delhi,2026-04-03,Regular,6.12,Chinese,665.6,Cash
14155,44,Female,Pune,2025-07-15,New,1.7,Burgers,351.11,UPI
14156,46,Female,Chennai,2025-10-08,Regular,5.98,Indian,407.0,UPI
14157,20,Male,Mumbai,2025-09-21,New,3.19,Burgers,224.51,Cash
14158,61,Female,Delhi,2025-01-12,Regular,7.99,Indian,397.27,UPI
14159,30,Female,Bangalore,2026-03-28,Regular,8.84,South Indian,291.58,Credit Card
14160,62,Male,Bangalore,2024-02-29,VIP,10.91,Chinese,824.34,UPI
14161,27,Male,Chennai,2025-09-28,Regular,7.46,Biryani,453.46,Credit Card
14162,53,Female,Delhi,2025-04-11,Regular,4.37,Biryani,674.37,Credit Card
14163,26,Female,Chennai,2025-09-19,VIP,17.04,Indian,1045.41,Debit Card
14164,44,Female,Delhi,2025-01-25,New,1.55,Desserts,368.68,UPI
14165,51,Male,Delhi,2026-07-24,VIP,15.37,Desserts,1283.38,Wallet
14166,18,Other,Chennai,2025-11-15,Regular,9.84,Desserts,635.3,Credit Card
14167,49,Male,Delhi,2024-07-05,VIP,19.88,Burgers,702.24,Credit Card
14168,42,Male,Pune,2025-05-12,New,2.52,Indian,237.25,UPI
14169,46,Other,Mumbai,2025-08-22,New,2.19,Pizza,235.54,Cash
14170,24,Male,Delhi,2025-12-15,Regular,8.05,South Indian,664.29,Wallet
14171,20,Female,Pune,2024-12-26,VIP,14.34,South Indian,500.63,UPI
14172,37,Male,Delhi,2026-04-02,New,2.49,Chinese,238.33,Debit Card
14173,37,Female,Pune,2026-04-11,New,2.02,Chinese,185.82,UPI
14174,47,Female,Chennai,2025-03-24,New,2.88,Burgers,288.07,Wallet
14175,52,Male,Bangalore,2025-11-24,VIP,8.44,Indian,1331.29,UPI
14176,52,Female,Hyderabad,2026-05-13,Regular,7.33,Pizza,422.79,UPI
14177,56,Male,Delhi,2025-11-10,Regular,6.59,South Indian,672.93,UPI
14178,44,Female,Hyderabad,2024-06-29,New,1.29,Indian,311.42,Debit Card
14179,43,Male,Delhi,2026-03-22,Regular,5.25,Pizza,675.7,UPI
14180,31,Male,Chennai,2024-05-09,New,2.68,Biryani,373.63,UPI
14181,34,Male,Chennai,2024-05-28,Regular,9.23,Indian,262.62,Debit Card
14182,35,Male,Pune,2025-04-16,Regular,4.2,Chinese,299.45,UPI
14183,62,Female,Delhi,2026-03-28,Regular,8.14,Biryani,661.43,UPI
14184,46,Male,Chennai,2025-12-21,VIP,11.49,Biryani,824.01,Debit Card
14185,37,Male,Chennai,2025-09-14,Regular,9.64,South Indian,507.69,Wallet
14186,44,Male,Delhi,2025-05-14,Regular,9.45,Pizza,352.41,Debit Card
14187,35,Male,Pune,2025-10-10,Regular,7.48,Desserts,259.29,Credit Card
14188,21,Female,Pune,2024-12-20,New,2.32,Chinese,353.02,UPI
14189,18,Other,Pune,2026-07-04,VIP,19.42,Biryani,953.43,Wallet
14190,18,Male,Pune,2024-07-29,New,1.18,Desserts,314.68,UPI
14191,43,Female,Bangalore,2025-10-19,Regular,9.71,Burgers,353.11,UPI
14192,62,Female,Delhi,2025-08-18,New,2.85,Burgers,267.54,UPI
14193,37,Male,Bangalore,2024-01-30,New,3.92,Chinese,225.25,Debit Card
14194,40,Female,Chennai,2025-07-30,Regular,8.1,Pizza,461.22,Credit Card
14195,27,Female,Bangalore,2024-01-24,VIP,17.47,Pizza,784.15,Wallet
14196,28,Female,Pune,2026-07-31,VIP,13.92,South Indian,992.91,UPI
14197,58,Female,Chennai,2025-12-23,New,2.29,Chinese,154.34,Wallet
14198,58,Male,Bangalore,2024-08-09,New,1.45,Burgers,249.23,Credit Card
14199,22,Female,Bangalore,2025-08-24,Regular,7.66,Chinese,452.9,UPI
14200,18,Female,Delhi,2025-09-09,Regular,9.84,Indian,604.21,Credit Card
14201,34,Female,Bangalore,2025-11-14,Regular,9.61,Pizza,670.8,Debit Card
14202,39,Female,Chennai,2026-01-11,Regular,4.06,Biryani,626.33,UPI
14203,51,Male,Pune,2026-07-13,Regular,4.48,Indian,425.07,UPI
14204,62,Other,Delhi,2025-08-11,Regular,8.61,Burgers,347.25,Wallet
14205,58,Female,Bangalore,2025-08-02,Regular,8.11,Pizza,661.52,UPI
14206,46,Male,Delhi,2026-05-26,Regular,8.81,Burgers,423.67,Cash
14207,21,Male,Hyderabad,2025-02-04,New,1.35,Burgers,270.91,Debit Card
14208,22,Female,Delhi,2026-05-14,New,2.29,Burgers,203.19,Debit Card
14209,28,Male,Pune,2026-06-19,Regular,6.65,South Indian,509.85,UPI
14210,38,Male,Hyderabad,2025-08-26,New,3.47,Burgers,216.42,UPI
14211,52,Male,Hyderabad,2025-05-26,New,1.24,Burgers,264.29,Credit Card
14212,29,Male,Delhi,2024-03-28,VIP,13.27,Indian,697.63,UPI
14213,43,Male,Chennai,2025-04-09,Regular,7.21,Indian,469.71,UPI
14214,36,Male,Pune,2024-02-19,Regular,9.85,Indian,390.55,UPI
14215,62,Male,Chennai,2024-04-12,Regular,8.29,Pizza,323.9,UPI
14216,24,Female,Pune,2025-01-02,Regular,4.48,South Indian,524.56,UPI
14217,64,Female,Pune,2026-07-24,VIP,15.07,Pizza,1130.79,UPI
14218,24,Male,Chennai,2025-05-06,New,3.3,South Indian,332.15,Debit Card
14219,43,Male,Mumbai,2025-07-11,Regular,7.35,South Indian,642.84,Debit Card
14220,57,Female,Hyderabad,2025-11-21,Regular,6.1,Chinese,349.17,Wallet
14221,22,Male,Delhi,2026-02-17,Regular,7.86,Biryani,600.87,UPI
14222,38,Male,Chennai,2024-09-24,Regular,7.25,Chinese,415.32,Debit Card
14223,31,Male,Chennai,2025-01-31,VIP,19.56,Chinese,1244.75,Credit Card
14224,21,Female,Delhi,2024-11-15,Regular,4.97,South Indian,632.61,Credit Card
14225,40,Female,Hyderabad,2025-06-03,Regular,6.43,South Indian,365.28,Credit Card
14226,59,Female,Delhi,2025-03-24,Regular,9.92,Pizza,520.43,Debit Card
14227,37,Female,Pune,2026-02-15,VIP,16.69,South Indian,555.35,UPI
14228,32,Female,Mumbai,2025-04-20,Regular,8.49,Desserts,605.76,UPI
14229,62,Male,Pune,2026-06-16,Regular,4.34,Burgers,563.76,UPI
14230,46,Female,Mumbai,2025-08-12,Regular,6.27,Burgers,596.33,UPI
14231,25,Male,Delhi,2026-06-27,New,3.81,South Indian,285.89,Credit Card
14232,58,Female,Pune,2024-08-27,New,3.09,Burgers,180.04,Credit Card
14233,36,Female,Hyderabad,2024-09-14,VIP,18.73,South Indian,1236.39,Debit Card
14234,56,Female,Pune,2025-12-08,Regular,7.09,Desserts,455.51,UPI
14235,63,Male,Chennai,2026-04-21,New,1.24,Chinese,326.73,Debit Card
14236,45,Male,Mumbai,2025-10-04,VIP,19.95,South Indian,665.51,UPI
14237,63,Female,Mumbai,2025-01-24,Regular,4.54,Chinese,254.35,UPI
14238,44,Female,Hyderabad,2024-12-08,Regular,6.08,Desserts,326.3,Debit Card
14239,21,Female,Mumbai,2026-02-11,New,2.42,Indian,399.16,Debit Card
14240,32,Male,Mumbai,2026-01-23,VIP,14.17,Burgers,1306.48,Credit Card
14241,52,Female,Hyderabad,2025-01-21,Regular,7.47,Desserts,637.04,UPI
14242,54,Female,Pune,2025-01-28,Regular,6.68,Indian,630.79,Wallet
14243,18,Female,Delhi,2025-11-13,New,1.09,Burgers,239.05,Wallet
14244,20,Female,Pune,2025-10-20,Regular,9.4,Desserts,349.6,Credit Card
14245,64,Female,Chennai,2024-09-26,New,2.17,Desserts,216.07,Cash
14246,41,Female,Chennai,2024-05-28,VIP,14.77,Biryani,565.62,UPI
14247,44,Female,Mumbai,2025-01-14,New,3.85,Biryani,276.44,Credit Card
14248,57,Other,Chennai,2026-03-21,Regular,9.31,Biryani,250.82,Wallet
14249,53,Male,Delhi,2024-01-28,New,1.27,Indian,309.82,Credit Card
14250,51,Male,Mumbai,2024-05-28,New,1.7,Desserts,278.6,Credit Card
14251,46,Female,Chennai,2025-02-23,Regular,5.62,Biryani,376.3,UPI
14252,41,Female,Bangalore,2024-10-06,Regular,9.91,South Indian,446.09,UPI
14253,41,Female,Bangalore,2024-06-30,Regular,4.43,Biryani,651.8,UPI
14254,59,Female,Bangalore,2024-06-14,VIP,8.08,Indian,778.09,Credit Card
14255,21,Male,Bangalore,2024-01-17,VIP,14.46,Desserts,1190.35,UPI
14256,20,Female,Pune,2024-05-29,New,2.67,Burgers,349.24,UPI
14257,51,Female,Bangalore,2024-12-04,Regular,8.43,Pizza,617.83,Credit Card
14258,40,Male,Mumbai,2024-02-14,Regular,8.35,Burgers,384.85,Debit Card
14259,40,Male,Hyderabad,2025-05-16,VIP,19.06,Pizza,625.78,Debit Card
14260,62,Female,Pune,2026-04-21,New,1.31,South Indian,265.13,Wallet
14261,22,Male,Hyderabad,2024-07-07,Regular,6.22,Desserts,465.98,Credit Card
14262,48,Female,Mumbai,2025-10-12,New,3.47,Burgers,369.82,UPI
14263,58,Male,Mumbai,2024-03-01,Regular,9.74,Indian,633.52,Debit Card
14264,23,Female,Delhi,2024-10-20,New,3.29,South Indian,219.18,UPI
14265,54,Female,Pune,2026-04-13,New,3.54,Burgers,160.68,Credit Card
14266,27,Female,Hyderabad,2024-02-02,Regular,7.79,South Indian,400.08,UPI
14267,57,Male,Bangalore,2024-10-25,Regular,6.56,Desserts,531.32,Credit Card
14268,24,Female,Mumbai,2025-02-18,Regular,5.5,Desserts,574.02,UPI
14269,56,Male,Bangalore,2025-09-15,New,3.36,Pizza,270.38,UPI
14270,55,Male,Hyderabad,2026-03-13,New,3.2,South Indian,324.74,UPI
14271,38,Other,Pune,2025-07-02,Regular,7.8,Desserts,609.55,UPI
14272,37,Female,Chennai,2025-03-06,VIP,11.1,Indian,1271.51,Cash
14273,20,Female,Chennai,2025-05-09,New,1.93,Burgers,295.27,Wallet
14274,39,Male,Mumbai,2024-04-09,Regular,9.68,Pizza,554.44,Credit Card
14275,64,Male,Delhi,2024-01-23,New,2.08,South Indian,374.31,Wallet
14276,21,Male,Bangalore,2025-02-23,Regular,6.09,Chinese,420.57,Debit Card
14277,45,Female,Mumbai,2025-02-27,New,3.88,Pizza,240.15,UPI
14278,29,Female,Delhi,2025-05-01,New,3.88,Pizza,351.07,Credit Card
14279,55,Female,Bangalore,2025-12-30,New,3.31,Indian,334.53,UPI
14280,53,Female,Hyderabad,2024-03-29,New,3.94,Indian,347.92,Debit Card
14281,64,Male,Chennai,2024-07-27,New,3.99,South Indian,310.24,UPI
14282,58,Male,Delhi,2024-09-27,Regular,6.31,Chinese,489.69,Wallet
14283,22,Male,Bangalore,2026-07-21,New,1.24,Pizza,237.14,Credit Card
14284,30,Male,Mumbai,2026-01-18,New,2.28,South Indian,313.54,UPI
14285,40,Male,Bangalore,2026-06-18,New,2.6,Biryani,182.73,Wallet
14286,47,Female,Mumbai,2025-02-09,VIP,14.3,Chinese,1151.9,Wallet
14287,54,Male,Chennai,2025-12-21,Regular,5.3,South Indian,674.25,Wallet
14288,42,Female,Chennai,2024-10-04,Regular,6.54,Pizza,675.04,Debit Card
14289,44,Male,Bangalore,2024-07-24,Regular,7.44,South Indian,345.08,Debit Card
14290,31,Other,Bangalore,2025-08-12,New,1.21,Indian,279.83,UPI
14291,64,Female,Mumbai,2026-07-01,New,2.57,Indian,334.5,UPI
14292,53,Female,Mumbai,2024-11-23,Regular,6.76,Burgers,354.07,UPI
14293,56,Male,Delhi,2025-09-01,Regular,6.38,Chinese,400.46,UPI
14294,33,Female,Delhi,2026-05-07,VIP,14.14,Biryani,1405.31,UPI
14295,39,Female,Delhi,2026-05-26,VIP,9.62,Pizza,727.67,Credit Card
14296,38,Male,Bangalore,2026-05-11,Regular,9.44,Chinese,587.24,UPI
14297,38,Male,Pune,2024-12-01,Regular,6.25,Indian,286.46,UPI
14298,25,Male,Pune,2025-08-28,New,1.9,Biryani,227.37,Debit Card
14299,33,Female,Pune,2025-08-14,New,1.2,Pizza,220.59,UPI
14300,48,Female,Pune,2024-02-07,VIP,19.94,Burgers,610.34,UPI
14301,59,Female,Delhi,2026-07-08,New,3.3,Indian,201.19,UPI
14302,27,Male,Bangalore,2024-08-15,VIP,9.53,Indian,1400.56,UPI
14303,49,Male,Pune,2025-04-27,Regular,7.95,Biryani,329.72,Cash
14304,51,Female,Chennai,2024-05-13,Regular,9.56,Chinese,317.15,Debit Card
14305,26,Male,Hyderabad,2025-12-08,New,3.3,Desserts,372.0,UPI
14306,34,Female,Chennai,2025-01-24,Regular,8.06,South Indian,564.17,UPI
14307,28,Female,Bangalore,2026-03-04,Regular,4.86,Desserts,435.08,UPI
14308,49,Male,Bangalore,2025-09-04,Regular,4.73,Chinese,619.99,Debit Card
14309,27,Female,Hyderabad,2025-02-28,New,1.41,Indian,202.48,Cash
14310,39,Male,Mumbai,2025-08-09,New,1.96,Chinese,166.04,Credit Card
14311,34,Female,Mumbai,2026-03-16,Regular,5.3,South Indian,563.65,Debit Card
14312,21,Male,Mumbai,2025-05-24,Regular,7.38,Burgers,501.81,UPI
14313,64,Female,Delhi,2025-12-20,Regular,8.6,Pizza,607.59,Credit Card
14314,42,Male,Mumbai,2025-08-17,Regular,4.76,Indian,540.15,UPI
14315,38,Male,Delhi,2025-03-02,Regular,9.22,Chinese,649.2,UPI
14316,54,Female,Delhi,2025-10-16,Regular,9.06,Indian,623.12,Credit Card
14317,55,Male,Mumbai,2025-04-18,New,1.79,Pizza,195.12,UPI
14318,18,Female,Mumbai,2025-07-21,Regular,6.56,Chinese,357.85,Debit Card
14319,42,Male,Hyderabad,2024-12-26,New,3.06,Burgers,213.92,Wallet
14320,53,Female,Pune,2026-03-09,New,2.05,Pizza,387.9,UPI
14321,34,Male,Hyderabad,2024-07-29,New,2.22,South Indian,332.46,UPI
14322,58,Female,Delhi,2024-06-27,Regular,6.01,South Indian,262.97,UPI
14323,41,Male,Hyderabad,2026-07-08,New,3.92,Indian,173.21,UPI
14324,19,Male,Delhi,2024-02-27,New,1.49,South Indian,360.7,Credit Card
14325,57,Male,Bangalore,2024-03-13,Regular,8.26,Chinese,628.15,UPI
14326,32,Female,Delhi,2024-08-02,New,1.58,South Indian,317.75,Credit Card
14327,49,Male,Delhi,2026-06-18,Regular,7.52,Burgers,253.22,Debit Card
14328,56,Female,Hyderabad,2026-02-16,Regular,7.59,Biryani,315.84,UPI
14329,23,Female,Pune,2024-03-13,VIP,16.31,Chinese,1324.31,Debit Card
14330,18,Male,Bangalore,2025-04-11,New,2.77,Biryani,383.03,Wallet
14331,64,Female,Chennai,2024-09-27,New,1.88,Indian,192.36,UPI
14332,40,Male,Chennai,2025-05-13,Regular,7.21,Indian,649.3,Credit Card
14333,56,Male,Pune,2024-12-19,Regular,7.48,Desserts,650.56,Credit Card
14334,34,Female,Chennai,2024-08-21,New,1.56,South Indian,260.96,Debit Card
14335,51,Female,Bangalore,2024-11-14,Regular,9.35,South Indian,463.85,UPI
14336,58,Female,Mumbai,2024-01-19,Regular,4.36,Indian,697.12,Wallet
14337,46,Male,Bangalore,2025-09-16,New,3.02,Chinese,213.68,Credit Card
14338,26,Male,Hyderabad,2025-07-28,Regular,5.44,Pizza,508.41,UPI
14339,30,Male,Delhi,2025-01-06,New,2.73,Indian,251.95,Debit Card
14340,23,Female,Delhi,2024-07-02,VIP,11.05,Desserts,1056.5,Wallet
14341,23,Female,Hyderabad,2024-10-03,Regular,9.86,Burgers,650.86,Wallet
14342,37,Female,Hyderabad,2025-11-04,New,3.43,Chinese,164.39,Wallet
14343,20,Male,Delhi,2026-01-24,Regular,6.56,Pizza,591.45,UPI
14344,34,Male,Pune,2024-05-24,VIP,8.0,Desserts,1137.81,UPI
14345,29,Male,Mumbai,2025-10-19,Regular,5.51,Desserts,488.06,Credit Card
14346,64,Male,Mumbai,2024-03-21,Regular,9.9,Pizza,606.27,UPI
14347,62,Male,Mumbai,2024-11-17,Regular,7.85,Desserts,686.83,Debit Card
14348,18,Female,Hyderabad,2025-03-10,Regular,9.07,Chinese,685.07,UPI
14349,34,Female,Delhi,2026-04-12,New,3.51,Indian,393.51,Credit Card
14350,20,Female,Pune,2024-02-12,New,2.12,Pizza,156.03,Debit Card
14351,43,Male,Delhi,2024-11-08,Regular,7.32,Burgers,323.42,Credit Card
14352,32,Male,Delhi,2026-06-24,Regular,6.61,Biryani,270.01,UPI
14353,53,Female,Pune,2024-10-19,New,1.2,Chinese,277.29,Wallet
14354,49,Male,Bangalore,2025-11-18,Regular,5.59,South Indian,403.12,Debit Card
14355,49,Female,Pune,2026-06-06,Regular,6.7,Biryani,308.43,Credit Card
14356,21,Female,Bangalore,2024-03-09,Regular,9.37,Indian,351.14,Debit Card
14357,35,Male,Chennai,2024-02-25,New,1.59,Desserts,159.63,UPI
14358,36,Female,Bangalore,2025-09-22,Regular,5.01,Chinese,485.65,UPI
14359,60,Male,Mumbai,2024-07-22,Regular,9.32,Burgers,306.84,UPI
14360,52,Female,Mumbai,2025-02-23,Regular,7.53,Biryani,584.25,Wallet
14361,57,Female,Pune,2026-07-15,New,2.35,Biryani,351.63,UPI
14362,31,Male,Mumbai,2025-07-20,Regular,5.77,Pizza,552.43,Debit Card
14363,50,Male,Mumbai,2025-07-03,VIP,18.66,Indian,823.7,UPI
14364,31,Female,Chennai,2024-08-30,Regular,8.84,Indian,288.71,Debit Card
14365,51,Female,Mumbai,2024-07-19,New,2.07,Chinese,390.19,UPI
14366,21,Male,Hyderabad,2026-01-17,Regular,4.99,Chinese,540.36,Credit Card
14367,41,Female,Hyderabad,2025-04-18,New,3.06,Burgers,151.85,Wallet
14368,46,Male,Hyderabad,2025-06-10,New,1.92,Desserts,245.05,Debit Card
14369,36,Male,Bangalore,2025-10-17,New,2.13,Desserts,151.94,Debit Card
14370,23,Male,Pune,2024-03-17,New,3.18,South Indian,209.45,Credit Card
14371,50,Male,Pune,2025-04-22,Regular,5.71,Chinese,379.25,Credit Card
14372,57,Male,Delhi,2026-03-31,New,2.67,Biryani,230.85,UPI
14373,36,Other,Chennai,2025-03-15,VIP,15.14,Chinese,1196.23,UPI
14374,18,Male,Hyderabad,2024-09-19,Regular,5.93,Chinese,580.99,Debit Card
14375,22,Male,Hyderabad,2024-07-03,Regular,7.29,Desserts,649.79,Wallet
14376,44,Male,Mumbai,2024-02-24,Regular,5.31,Burgers,596.4,Credit Card
14377,33,Female,Hyderabad,2024-11-03,Regular,4.15,Pizza,379.03,Debit Card
14378,23,Female,Mumbai,2025-05-30,Regular,7.62,South Indian,512.75,Debit Card
14379,57,Male,Mumbai,2024-10-25,Regular,8.28,Burgers,629.03,Cash
14380,30,Male,Delhi,2025-07-05,Regular,9.28,Chinese,331.38,Debit Card
14381,52,Male,Bangalore,2024-08-17,Regular,8.63,Pizza,323.36,Credit Card
14382,36,Male,Mumbai,2025-01-11,Regular,9.56,Chinese,321.54,UPI
14383,29,Male,Mumbai,2024-10-12,Regular,9.92,Burgers,337.41,UPI
14384,33,Male,Pune,2024-05-17,Regular,8.47,Indian,296.45,UPI
14385,60,Male,Delhi,2025-04-22,New,1.6,Chinese,256.03,Wallet
14386,27,Female,Mumbai,2025-09-06,New,1.97,Desserts,150.87,UPI
14387,42,Male,Chennai,2024-01-07,VIP,14.43,Pizza,556.49,Credit Card
14388,37,Female,Bangalore,2025-11-06,New,1.26,South Indian,153.53,Cash
14389,48,Female,Chennai,2025-02-22,Regular,4.66,Indian,532.14,Wallet
14390,21,Female,Hyderabad,2025-04-16,New,1.52,Chinese,230.72,Debit Card
14391,61,Male,Bangalore,2026-07-23,Regular,8.04,Chinese,352.32,UPI
14392,40,Male,Hyderabad,2025-02-23,Regular,8.74,Pizza,362.76,UPI
14393,19,Male,Pune,2026-05-26,New,1.48,Desserts,252.12,UPI
14394,39,Female,Mumbai,2024-10-02,Regular,6.76,Desserts,393.69,Debit Card
14395,54,Male,Delhi,2025-07-14,Regular,4.24,Indian,375.08,UPI
14396,25,Female,Chennai,2025-08-30,Regular,9.33,Indian,260.12,UPI
14397,24,Female,Hyderabad,2025-07-24,Regular,9.12,Indian,658.71,Debit Card
14398,31,Male,Mumbai,2026-01-12,New,1.99,Chinese,182.17,UPI
14399,20,Female,Chennai,2025-11-19,Regular,4.35,Indian,462.75,Credit Card
14400,33,Male,Chennai,2024-03-30,New,2.5,Chinese,388.96,Debit Card
14401,36,Male,Pune,2024-10-08,Regular,6.01,Chinese,382.09,Credit Card
14402,35,Male,Pune,2025-07-01,VIP,14.89,Biryani,1295.45,Cash
14403,33,Male,Hyderabad,2024-06-19,Regular,9.03,Indian,387.32,UPI
14404,25,Female,Mumbai,2025-09-29,Regular,5.17,Burgers,391.56,UPI
14405,50,Male,Delhi,2026-03-21,Regular,7.19,Desserts,630.12,UPI
14406,29,Male,Hyderabad,2024-12-20,New,2.3,South Indian,306.16,Credit Card
14407,28,Female,Chennai,2024-07-22,Regular,6.55,South Indian,382.35,Wallet
14408,22,Female,Chennai,2024-10-15,Regular,5.44,Burgers,286.63,Wallet
14409,44,Male,Bangalore,2026-05-17,New,3.29,Indian,203.54,Cash
14410,29,Female,Mumbai,2025-04-06,Regular,6.48,Chinese,592.03,Credit Card
14411,34,Female,Bangalore,2025-08-31,Regular,8.36,Pizza,295.24,Credit Card
14412,23,Male,Pune,2026-01-19,New,1.2,Burgers,386.44,Credit Card
14413,50,Male,Delhi,2024-06-21,Regular,8.94,South Indian,650.39,Credit Card
14414,22,Male,Hyderabad,2024-10-27,Regular,5.3,South Indian,330.65,UPI
14415,45,Female,Chennai,2025-08-22,New,1.23,Chinese,310.77,UPI
14416,31,Female,Mumbai,2026-06-29,Regular,7.04,South Indian,273.11,UPI
14417,22,Female,Chennai,2026-05-12,VIP,9.05,South Indian,812.85,UPI
14418,50,Female,Pune,2025-06-12,Regular,4.15,Chinese,605.97,Wallet
14419,58,Male,Bangalore,2024-05-19,Regular,9.58,Indian,450.14,Debit Card
14420,36,Male,Bangalore,2026-02-04,VIP,11.31,Desserts,628.09,Credit Card
14421,39,Male,Hyderabad,2024-10-04,VIP,19.45,Biryani,802.9,UPI
14422,22,Female,Mumbai,2025-10-24,New,1.88,Desserts,275.89,Credit Card
14423,19,Female,Pune,2025-05-25,Regular,6.05,South Indian,499.78,Credit Card
14424,47,Male,Mumbai,2024-12-11,New,3.18,Biryani,312.1,UPI
14425,64,Female,Hyderabad,2026-04-25,Regular,5.07,Biryani,457.48,Debit Card
14426,56,Male,Pune,2024-05-19,VIP,9.14,Indian,605.83,Wallet
14427,21,Male,Pune,2024-04-23,New,2.97,Pizza,304.8,Debit Card
14428,50,Male,Bangalore,2025-08-02,Regular,9.26,Indian,341.63,Credit Card
14429,30,Male,Bangalore,2025-05-21,Regular,7.84,Chinese,555.87,UPI
14430,37,Male,Bangalore,2024-12-31,New,1.02,Chinese,268.74,Credit Card
14431,24,Male,Chennai,2025-11-21,New,2.03,Chinese,234.87,Wallet
14432,32,Male,Delhi,2025-09-28,Regular,8.03,South Indian,465.32,Wallet
14433,40,Male,Bangalore,2025-01-31,New,3.88,Burgers,172.81,UPI
14434,31,Female,Delhi,2026-04-04,Regular,5.52,South Indian,373.7,Debit Card
14435,40,Male,Delhi,2026-04-02,Regular,8.32,Indian,498.25,UPI
14436,36,Other,Mumbai,2026-04-29,Regular,8.76,Pizza,482.25,Credit Card
14437,46,Male,Hyderabad,2026-05-24,New,2.28,Pizza,205.33,Wallet
14438,37,Male,Chennai,2026-07-12,Regular,8.74,Pizza,543.3,Credit Card
14439,46,Male,Delhi,2026-05-19,New,3.2,Biryani,263.1,UPI
14440,41,Male,Chennai,2026-01-14,VIP,10.18,Pizza,1368.21,UPI
14441,35,Female,Mumbai,2026-07-28,Regular,4.15,Biryani,603.72,UPI
14442,27,Male,Bangalore,2025-10-20,VIP,17.4,Burgers,1126.89,Wallet
14443,58,Female,Pune,2026-07-30,Regular,8.66,Desserts,592.88,Wallet
14444,25,Female,Delhi,2024-04-20,Regular,7.74,Pizza,542.01,Wallet
14445,43,Female,Hyderabad,2026-05-24,Regular,7.35,Biryani,537.86,UPI
14446,46,Female,Pune,2024-12-23,New,2.34,South Indian,338.31,Debit Card
14447,27,Female,Mumbai,2024-08-25,Regular,9.58,Pizza,355.01,UPI
14448,34,Male,Chennai,2024-01-03,New,2.32,Chinese,243.69,UPI
14449,19,Female,Bangalore,2025-12-23,VIP,16.73,Indian,1349.94,Credit Card
14450,23,Male,Chennai,2025-02-07,Regular,8.56,South Indian,576.75,UPI
14451,22,Male,Hyderabad,2024-01-25,VIP,13.79,Burgers,1192.31,UPI
14452,45,Male,Delhi,2026-04-22,Regular,5.57,South Indian,432.63,UPI
14453,58,Female,Hyderabad,2025-05-23,New,2.66,Chinese,336.88,Credit Card
14454,22,Female,Chennai,2025-11-26,Regular,7.5,Pizza,546.39,UPI
14455,35,Male,Chennai,2025-04-09,New,3.76,Pizza,363.4,UPI
14456,43,Female,Pune,2024-03-01,New,3.47,Burgers,273.27,UPI
14457,37,Male,Hyderabad,2025-05-22,New,1.2,Desserts,195.43,UPI
14458,58,Male,Hyderabad,2024-05-02,VIP,14.93,Indian,1456.46,Credit Card
14459,44,Male,Hyderabad,2025-05-11,Regular,9.48,Pizza,464.46,Wallet
14460,29,Male,Bangalore,2024-02-24,Regular,4.72,Biryani,343.91,UPI
14461,24,Male,Chennai,2024-06-11,New,3.73,Burgers,345.75,Cash
14462,20,Female,Mumbai,2025-11-29,Regular,5.94,Desserts,666.64,UPI
14463,27,Female,Bangalore,2024-02-08,Regular,7.33,Desserts,262.19,UPI
14464,51,Male,Bangalore,2025-11-27,Regular,5.41,Desserts,556.14,Debit Card
14465,42,Female,Bangalore,2024-03-23,New,1.04,Pizza,292.32,Debit Card
14466,52,Female,Pune,2025-12-07,Regular,9.2,Biryani,665.99,UPI
14467,33,Female,Mumbai,2025-06-29,Regular,6.26,Desserts,540.41,UPI
14468,19,Female,Hyderabad,2024-04-22,New,2.83,South Indian,373.09,Debit Card
14469,41,Male,Pune,2025-02-28,VIP,15.4,Burgers,870.67,Cash
14470,27,Female,Chennai,2026-07-06,New,3.7,Burgers,163.17,Cash
14471,55,Female,Delhi,2024-08-17,Regular,6.32,Burgers,518.08,Credit Card
14472,39,Male,Pune,2024-10-09,New,2.11,Pizza,356.52,Debit Card
14473,43,Male,Delhi,2026-07-05,New,3.58,Burgers,386.51,Wallet
14474,60,Female,Chennai,2026-07-25,VIP,13.69,South Indian,793.65,Debit Card
14475,56,Male,Mumbai,2024-10-13,Regular,7.31,Indian,381.68,Cash
14476,44,Other,Delhi,2024-06-03,Regular,7.65,Indian,375.99,Wallet
14477,46,Male,Bangalore,2024-06-13,VIP,16.07,Chinese,703.26,Debit Card
14478,64,Female,Pune,2024-06-30,Regular,9.16,South Indian,664.3,UPI
14479,55,Male,Delhi,2024-08-26,Regular,6.31,South Indian,353.85,Credit Card
14480,37,Female,Chennai,2025-10-10,Regular,9.85,Burgers,283.58,Wallet
14481,44,Female,Bangalore,2024-12-04,Regular,4.72,Desserts,699.98,UPI
14482,58,Male,Delhi,2026-07-26,Regular,9.67,Chinese,561.04,UPI
14483,37,Female,Chennai,2025-05-26,Regular,7.81,Biryani,648.91,UPI
14484,61,Male,Mumbai,2026-07-20,New,3.92,Biryani,240.33,Cash
14485,36,Male,Chennai,2024-09-22,VIP,8.4,South Indian,638.16,Debit Card
14486,37,Male,Mumbai,2024-07-05,New,3.72,South Indian,168.46,UPI
14487,52,Female,Bangalore,2024-02-09,VIP,16.32,South Indian,879.48,UPI
14488,64,Male,Chennai,2026-04-01,Regular,9.34,Pizza,322.63,Debit Card
14489,19,Male,Hyderabad,2025-05-07,Regular,5.05,South Indian,382.95,Credit Card
14490,47,Male,Pune,2025-11-09,New,2.29,Biryani,290.87,UPI
14491,51,Female,Hyderabad,2025-01-25,VIP,10.21,Pizza,1195.87,Cash
14492,39,Female,Hyderabad,2024-09-16,New,2.76,Desserts,350.47,Credit Card
14493,20,Male,Hyderabad,2025-10-16,Regular,9.23,Biryani,592.59,Debit Card
14494,23,Male,Pune,2025-12-16,Regular,8.57,South Indian,612.27,Wallet
14495,32,Female,Hyderabad,2024-06-24,New,3.06,Desserts,202.93,UPI
14496,44,Male,Mumbai,2026-02-12,VIP,19.84,Biryani,983.34,Credit Card
14497,27,Female,Chennai,2026-02-02,New,1.67,Indian,168.07,Credit Card
14498,26,Female,Bangalore,2024-11-24,Regular,5.36,Desserts,428.63,Cash
14499,50,Female,Hyderabad,2026-07-19,Regular,4.44,Pizza,685.29,UPI
14500,49,Male,Hyderabad,2024-07-18,New,1.69,Desserts,252.56,Debit Card
14501,23,Female,Bangalore,2025-12-11,New,1.61,Pizza,158.89,Credit Card
14502,58,Female,Bangalore,2024-07-14,Regular,4.9,Desserts,605.73,Wallet
14503,53,Female,Hyderabad,2026-04-05,VIP,12.58,Burgers,936.65,Wallet
14504,19,Male,Mumbai,2025-08-11,New,3.16,South Indian,308.26,UPI
14505,46,Male,Bangalore,2025-06-14,New,3.1,Chinese,293.06,UPI
14506,21,Male,Chennai,2024-03-02,VIP,9.55,Desserts,983.83,UPI
14507,18,Female,Chennai,2024-11-22,New,2.31,Chinese,186.0,Credit Card
14508,36,Female,Mumbai,2026-06-24,Regular,6.36,Chinese,647.15,Wallet
14509,43,Male,Pune,2024-10-07,Regular,6.71,Chinese,257.28,UPI
14510,42,Male,Delhi,2026-07-28,New,2.19,Indian,314.12,Credit Card
14511,27,Male,Mumbai,2026-01-31,Regular,7.55,Chinese,406.86,Wallet
14512,32,Female,Hyderabad,2024-08-14,VIP,9.78,Biryani,1064.55,Wallet
14513,39,Female,Delhi,2025-09-30,Regular,6.0,Burgers,437.99,Debit Card
14514,38,Male,Hyderabad,2024-02-27,Regular,7.25,Chinese,539.81,Wallet
14515,39,Male,Chennai,2026-07-09,Regular,8.88,Burgers,663.56,UPI
14516,53,Male,Bangalore,2025-04-21,Regular,6.24,Pizza,529.24,UPI
14517,51,Female,Hyderabad,2025-01-10,New,1.49,Desserts,169.02,UPI
14518,47,Female,Chennai,2025-12-16,Regular,8.11,Biryani,304.71,Credit Card
14519,42,Female,Mumbai,2024-08-30,Regular,9.16,South Indian,344.73,Credit Card
14520,62,Male,Hyderabad,2025-01-01,New,1.7,Desserts,228.84,UPI
14521,45,Female,Chennai,2026-07-24,VIP,17.0,Desserts,612.12,UPI
14522,18,Male,Bangalore,2026-04-23,Regular,9.85,Chinese,355.85,UPI
14523,62,Female,Hyderabad,2025-05-14,VIP,12.49,Burgers,683.66,UPI
14524,21,Male,Pune,2026-04-17,New,3.99,Biryani,371.0,Wallet
14525,24,Female,Chennai,2024-09-08,Regular,7.82,Burgers,460.87,Cash
14526,26,Female,Hyderabad,2026-06-24,Regular,4.05,South Indian,637.4,UPI
14527,53,Female,Bangalore,2024-11-17,VIP,16.7,Pizza,1067.9,UPI
14528,36,Female,Hyderabad,2025-01-10,VIP,13.4,Chinese,997.59,Wallet
14529,18,Male,Hyderabad,2025-02-12,VIP,11.09,Burgers,1287.75,UPI
14530,27,Male,Pune,2025-12-11,VIP,8.23,Desserts,630.37,Wallet
14531,53,Female,Chennai,2025-05-02,New,2.29,Chinese,180.53,UPI
14532,26,Male,Delhi,2024-12-08,Regular,4.29,Biryani,470.54,Credit Card
14533,62,Male,Hyderabad,2024-08-27,New,3.45,Indian,215.86,Debit Card
14534,63,Male,Delhi,2024-05-18,Regular,6.22,Desserts,617.51,UPI
14535,59,Female,Mumbai,2024-05-01,VIP,9.84,Burgers,960.78,UPI
14536,49,Male,Hyderabad,2025-02-23,New,1.63,Pizza,213.65,Wallet
14537,49,Male,Delhi,2025-07-14,Regular,5.04,Biryani,477.74,Cash
14538,23,Male,Mumbai,2024-10-30,Regular,5.78,South Indian,364.17,Debit Card
14539,55,Male,Pune,2024-04-24,New,2.14,Burgers,200.02,Wallet
14540,34,Female,Chennai,2024-12-08,New,1.86,Indian,216.8,Wallet
14541,27,Other,Hyderabad,2024-09-07,New,3.42,South Indian,367.19,UPI
14542,44,Female,Chennai,2024-01-07,New,1.1,Pizza,342.5,UPI
14543,52,Male,Mumbai,2025-12-31,Regular,7.66,Chinese,464.69,UPI
14544,38,Female,Chennai,2025-08-11,Regular,6.82,Chinese,417.2,UPI
14545,42,Female,Chennai,2024-06-27,New,2.23,Burgers,169.7,Debit Card
14546,45,Male,Bangalore,2024-05-24,VIP,12.96,South Indian,1391.39,UPI
14547,64,Female,Mumbai,2025-02-19,Regular,6.13,Indian,282.35,UPI
14548,32,Female,Chennai,2025-10-27,Regular,7.99,Indian,375.54,UPI
14549,21,Female,Delhi,2024-04-30,New,2.55,Pizza,339.94,UPI
14550,46,Female,Mumbai,2024-05-03,Regular,6.82,Biryani,392.42,UPI
14551,26,Male,Bangalore,2024-05-29,Regular,7.87,South Indian,602.61,UPI
14552,44,Male,Hyderabad,2025-01-31,Regular,5.26,South Indian,301.63,Wallet
14553,43,Female,Pune,2025-01-15,Regular,9.16,Chinese,609.01,Debit Card
14554,36,Male,Chennai,2026-02-18,New,3.35,Desserts,334.9,Wallet
14555,45,Male,Delhi,2026-04-18,VIP,14.91,Pizza,1374.8,Wallet
14556,34,Female,Bangalore,2024-01-01,Regular,7.29,Pizza,405.0,Wallet
14557,60,Female,Mumbai,2025-11-03,Regular,7.64,Biryani,332.3,UPI
14558,58,Male,Pune,2024-08-31,VIP,16.11,Pizza,620.34,Wallet
14559,59,Female,Pune,2026-06-05,Regular,9.47,South Indian,572.77,Credit Card
14560,37,Female,Chennai,2025-02-01,Regular,8.44,Desserts,419.15,UPI
14561,62,Female,Bangalore,2024-09-07,Regular,8.04,Chinese,559.37,Debit Card
14562,57,Male,Bangalore,2026-05-28,New,2.93,Pizza,391.7,UPI
14563,56,Male,Delhi,2025-07-29,VIP,16.45,Chinese,1211.91,UPI
14564,40,Male,Hyderabad,2024-10-25,Regular,4.65,Biryani,474.58,UPI
14565,64,Male,Hyderabad,2026-01-29,Regular,5.79,Pizza,590.41,UPI
14566,49,Male,Hyderabad,2024-10-23,VIP,18.7,South Indian,1253.83,Wallet
14567,64,Male,Pune,2025-05-14,Regular,9.72,Chinese,541.64,UPI
14568,50,Male,Pune,2024-04-24,Regular,6.46,Burgers,339.56,Debit Card
14569,63,Female,Mumbai,2026-03-17,Regular,9.26,Desserts,311.06,UPI
14570,22,Male,Pune,2024-01-01,New,2.01,Biryani,296.24,UPI
14571,60,Female,Pune,2025-07-06,New,1.0,Pizza,201.28,UPI
14572,51,Female,Bangalore,2025-11-15,New,3.67,South Indian,276.5,Wallet
14573,57,Male,Mumbai,2025-08-22,VIP,10.31,Chinese,531.52,Cash
14574,28,Female,Bangalore,2025-04-26,New,2.96,Indian,367.15,UPI
14575,20,Female,Delhi,2025-09-01,Regular,9.82,South Indian,535.3,Cash
14576,50,Male,Delhi,2025-08-22,New,2.13,South Indian,324.3,Debit Card
14577,28,Female,Mumbai,2026-02-01,Regular,5.5,Indian,399.24,UPI
14578,33,Male,Mumbai,2025-05-24,Regular,5.88,Indian,611.0,Credit Card
14579,35,Female,Pune,2024-11-30,VIP,10.4,Desserts,1183.65,Wallet
14580,47,Male,Delhi,2025-04-09,Regular,5.67,Burgers,660.95,Credit Card
14581,27,Female,Chennai,2024-05-20,Regular,8.95,Burgers,400.33,Credit Card
14582,35,Male,Hyderabad,2025-08-05,Regular,8.92,Burgers,457.42,UPI
14583,55,Female,Pune,2024-05-16,Regular,8.35,South Indian,668.15,UPI
14584,36,Male,Hyderabad,2025-09-02,VIP,19.07,Desserts,1329.45,UPI
14585,53,Female,Delhi,2025-10-24,Regular,7.28,South Indian,283.44,Credit Card
14586,30,Female,Hyderabad,2025-11-17,Regular,6.08,South Indian,510.23,Debit Card
14587,63,Male,Chennai,2024-06-15,VIP,15.5,Burgers,824.73,Debit Card
14588,20,Female,Chennai,2024-12-08,Regular,9.15,Chinese,478.82,Credit Card
14589,27,Male,Bangalore,2025-02-13,New,1.5,Desserts,194.25,UPI
14590,55,Female,Mumbai,2026-02-07,New,2.36,South Indian,182.66,UPI
14591,18,Female,Hyderabad,2026-06-28,VIP,12.88,South Indian,1125.32,Wallet
14592,44,Female,Chennai,2026-01-05,Regular,9.04,South Indian,488.49,UPI
14593,63,Female,Mumbai,2026-05-29,Regular,5.06,Burgers,260.86,Credit Card
14594,25,Male,Mumbai,2026-04-21,Regular,8.04,Pizza,406.78,UPI
14595,63,Male,Bangalore,2024-03-05,Regular,6.14,Burgers,465.11,UPI
14596,59,Male,Mumbai,2025-08-03,Regular,8.9,Pizza,540.1,UPI
14597,34,Female,Mumbai,2024-03-07,Regular,7.06,Burgers,477.79,Debit Card
14598,26,Male,Pune,2025-03-08,Regular,5.95,Desserts,318.38,Credit Card
14599,23,Female,Delhi,2024-02-19,Regular,5.94,Chinese,669.5,Credit Card
14600,60,Female,Bangalore,2024-11-09,New,3.46,Chinese,354.11,Wallet
14601,42,Male,Bangalore,2024-11-04,New,1.59,South Indian,204.57,UPI
14602,56,Female,Hyderabad,2025-08-25,Regular,8.27,Burgers,684.67,UPI
14603,45,Male,Mumbai,2024-04-24,Regular,5.92,Pizza,647.16,UPI
14604,50,Male,Hyderabad,2026-06-04,Regular,6.94,Pizza,314.57,UPI
14605,54,Female,Pune,2025-07-22,Regular,4.46,Chinese,544.94,Wallet
14606,26,Male,Chennai,2024-12-07,Regular,8.97,South Indian,502.03,Wallet
14607,35,Male,Mumbai,2025-06-13,VIP,17.14,Desserts,764.49,Credit Card
14608,38,Female,Chennai,2026-02-22,New,2.45,Pizza,372.27,Debit Card
14609,19,Male,Delhi,2025-10-03,Regular,7.58,Burgers,503.7,Wallet
14610,60,Other,Pune,2025-05-09,Regular,7.41,South Indian,394.58,Credit Card
14611,55,Other,Mumbai,2024-09-25,New,3.79,Biryani,323.04,UPI
14612,57,Male,Hyderabad,2026-07-29,Regular,4.42,Burgers,293.98,Debit Card
14613,53,Male,Hyderabad,2024-03-20,VIP,13.41,Burgers,545.84,Debit Card
14614,60,Female,Mumbai,2025-03-31,Regular,6.81,Chinese,628.25,Credit Card
14615,54,Male,Hyderabad,2024-10-25,VIP,17.54,Desserts,794.28,UPI
14616,32,Male,Mumbai,2026-04-01,Regular,9.01,Burgers,368.16,UPI
14617,45,Female,Bangalore,2024-07-20,Regular,6.5,Indian,571.73,Credit Card
14618,35,Male,Hyderabad,2025-05-17,Regular,5.56,South Indian,447.45,UPI
14619,51,Female,Mumbai,2026-01-06,New,3.19,Indian,386.67,Credit Card
14620,39,Male,Mumbai,2025-11-01,Regular,9.48,Desserts,390.65,UPI
14621,28,Male,Hyderabad,2025-12-16,Regular,5.84,Burgers,626.14,Credit Card
14622,30,Male,Bangalore,2025-10-10,VIP,10.89,Burgers,749.65,UPI
14623,21,Other,Hyderabad,2025-04-29,Regular,7.92,Chinese,561.16,Wallet
14624,39,Female,Mumbai,2025-08-07,Regular,9.94,Chinese,622.88,UPI
14625,24,Female,Bangalore,2025-07-13,New,1.04,Biryani,388.37,Credit Card
14626,60,Male,Chennai,2024-01-18,VIP,17.44,Chinese,593.54,UPI
14627,41,Male,Delhi,2025-04-22,Regular,5.89,Biryani,378.24,UPI
14628,21,Male,Hyderabad,2025-05-02,VIP,15.62,Desserts,547.6,Debit Card
14629,45,Female,Pune,2026-02-17,Regular,6.15,Desserts,398.25,UPI
14630,32,Female,Mumbai,2025-03-21,Regular,5.61,Chinese,252.21,Credit Card
14631,18,Female,Bangalore,2024-12-05,Regular,8.16,Biryani,268.31,UPI
14632,20,Male,Bangalore,2025-06-14,Regular,7.53,Pizza,595.5,Credit Card
14633,31,Female,Chennai,2025-09-03,Regular,5.83,Chinese,287.67,Debit Card
14634,55,Male,Hyderabad,2024-04-25,Regular,4.79,Burgers,667.61,Wallet
14635,18,Other,Pune,2026-05-07,Regular,5.9,Biryani,449.23,Credit Card
14636,55,Male,Bangalore,2024-03-14,Regular,6.29,Burgers,591.18,Wallet
14637,55,Female,Chennai,2026-03-02,New,1.69,Biryani,164.33,Wallet
14638,38,Male,Mumbai,2024-09-25,Regular,6.14,South Indian,666.93,UPI
14639,46,Male,Chennai,2025-09-28,New,3.4,Biryani,245.49,Wallet
14640,22,Female,Hyderabad,2024-04-25,New,2.06,Indian,183.54,Credit Card
14641,27,Male,Chennai,2025-11-16,Regular,9.02,Biryani,274.56,UPI
14642,45,Male,Bangalore,2025-11-23,New,3.41,Biryani,302.22,Wallet
14643,38,Female,Bangalore,2026-01-07,Regular,4.87,Pizza,469.07,UPI
14644,24,Female,Delhi,2025-10-30,New,3.65,Pizza,286.62,Credit Card
14645,20,Female,Chennai,2024-06-12,Regular,6.22,Desserts,378.23,Credit Card
14646,62,Male,Mumbai,2025-08-05,New,1.12,South Indian,182.44,Credit Card
14647,64,Female,Pune,2024-08-09,New,1.18,South Indian,211.87,Debit Card
14648,37,Female,Pune,2024-05-05,Regular,8.57,Chinese,658.72,UPI
14649,36,Male,Hyderabad,2025-10-18,Regular,8.12,South Indian,317.21,UPI
14650,52,Female,Delhi,2024-06-24,VIP,9.61,Pizza,1172.22,UPI
14651,21,Male,Chennai,2025-10-25,New,3.18,Indian,253.34,UPI
14652,22,Male,Mumbai,2025-11-24,Regular,7.24,Biryani,411.69,Wallet
14653,18,Male,Delhi,2025-01-09,Regular,9.31,Indian,470.24,Debit Card
14654,21,Male,Bangalore,2026-05-08,New,3.43,Pizza,391.4,UPI
14655,29,Female,Hyderabad,2025-05-12,Regular,6.67,Chinese,365.67,UPI
14656,44,Female,Chennai,2024-03-25,Regular,5.48,Indian,529.89,UPI
14657,59,Female,Pune,2026-05-25,Regular,5.35,Biryani,402.22,UPI
14658,40,Female,Mumbai,2025-01-17,Regular,4.2,Biryani,414.74,Debit Card
14659,42,Male,Bangalore,2025-09-24,Regular,9.06,Indian,297.49,UPI
14660,38,Female,Delhi,2025-10-02,Regular,5.59,Chinese,516.5,Credit Card
14661,41,Female,Hyderabad,2025-04-07,Regular,6.15,Indian,544.88,Credit Card
14662,42,Male,Delhi,2025-03-26,VIP,12.17,Burgers,678.03,Cash
14663,62,Female,Pune,2025-06-01,Regular,4.72,Desserts,656.8,UPI
14664,63,Other,Delhi,2026-04-25,Regular,6.77,Pizza,594.7,UPI
14665,49,Female,Mumbai,2025-11-25,Regular,4.73,Indian,356.08,Cash
14666,49,Female,Bangalore,2025-07-03,Regular,6.65,Indian,356.04,UPI
14667,22,Male,Chennai,2026-07-17,Regular,4.28,Chinese,661.79,Debit Card
14668,53,Male,Mumbai,2024-04-25,New,3.93,Indian,398.34,Debit Card
14669,63,Male,Pune,2025-09-05,Regular,8.77,Chinese,602.01,UPI
14670,59,Female,Hyderabad,2024-01-08,Regular,8.06,Pizza,573.87,UPI
14671,59,Female,Pune,2024-08-05,Regular,7.06,Burgers,370.24,UPI
14672,56,Other,Pune,2025-12-19,Regular,8.97,South Indian,631.33,Debit Card
14673,33,Male,Delhi,2025-08-12,Regular,5.37,Pizza,314.3,Wallet
14674,50,Male,Hyderabad,2026-05-29,Regular,8.98,Indian,407.51,Debit Card
14675,38,Female,Mumbai,2025-02-07,Regular,5.66,Desserts,405.91,UPI
14676,26,Female,Pune,2025-07-20,Regular,6.17,Burgers,502.06,UPI
14677,23,Male,Mumbai,2024-10-30,Regular,4.77,South Indian,458.55,UPI
14678,62,Female,Chennai,2025-04-11,New,2.95,South Indian,275.15,Wallet
14679,52,Female,Delhi,2026-01-09,VIP,9.42,Biryani,1272.55,Wallet
14680,56,Female,Mumbai,2024-03-28,Regular,5.14,Biryani,436.94,UPI
14681,39,Female,Hyderabad,2024-01-10,Regular,6.0,Indian,362.49,UPI
14682,58,Male,Pune,2024-11-03,Regular,7.17,Biryani,548.85,Debit Card
14683,22,Other,Chennai,2025-03-09,New,2.94,South Indian,198.98,UPI
14684,59,Female,Hyderabad,2026-03-12,VIP,9.21,South Indian,846.28,Credit Card
14685,40,Male,Delhi,2024-06-12,Regular,9.4,Pizza,542.27,UPI
14686,34,Male,Chennai,2024-08-26,Regular,5.96,Biryani,490.91,UPI
14687,29,Female,Chennai,2024-11-12,New,3.88,Biryani,287.66,UPI
14688,40,Male,Chennai,2025-10-17,Regular,5.26,Pizza,440.39,UPI
14689,33,Male,Pune,2024-11-30,New,2.86,South Indian,164.57,UPI
14690,20,Female,Bangalore,2024-01-18,Regular,5.73,Chinese,547.85,UPI
14691,47,Male,Chennai,2024-03-11,Regular,6.72,Indian,478.67,UPI
14692,39,Female,Hyderabad,2024-06-23,New,2.86,Chinese,321.15,UPI
14693,26,Male,Hyderabad,2026-05-03,Regular,6.52,Chinese,493.99,UPI
14694,46,Female,Delhi,2026-03-10,Regular,5.18,South Indian,654.29,UPI
14695,64,Male,Mumbai,2026-03-21,Regular,6.15,Indian,403.22,Credit Card
14696,54,Male,Mumbai,2024-12-04,Regular,8.46,Chinese,692.07,Wallet
14697,40,Male,Bangalore,2026-07-24,Regular,6.54,Desserts,681.72,UPI
14698,30,Female,Pune,2024-09-04,Regular,5.5,Desserts,603.39,UPI
14699,49,Female,Pune,2024-07-11,VIP,19.12,Desserts,1221.78,UPI
14700,63,Male,Chennai,2025-02-22,Regular,6.73,Pizza,434.75,Wallet
14701,64,Female,Bangalore,2024-11-20,Regular,5.78,Pizza,431.14,UPI
14702,40,Female,Delhi,2024-11-01,New,1.59,Indian,349.08,UPI
14703,62,Other,Delhi,2026-02-18,Regular,8.61,Chinese,414.79,Wallet
14704,34,Male,Mumbai,2024-07-22,Regular,8.15,Desserts,293.59,UPI
14705,57,Female,Delhi,2026-05-02,Regular,9.13,Burgers,318.72,Cash
14706,38,Male,Chennai,2024-05-02,New,3.61,Biryani,363.37,Wallet
14707,19,Male,Hyderabad,2025-07-23,Regular,8.75,Burgers,422.34,Debit Card
14708,54,Other,Delhi,2026-04-30,New,3.66,Indian,398.62,Credit Card
14709,23,Female,Bangalore,2025-03-22,VIP,8.31,Biryani,1218.26,UPI
14710,61,Male,Chennai,2025-12-13,Regular,4.28,Indian,469.9,Debit Card
14711,35,Male,Delhi,2025-05-05,Regular,5.68,Burgers,505.44,UPI
14712,47,Female,Pune,2025-03-08,Regular,6.21,Chinese,319.28,Credit Card
14713,39,Female,Delhi,2025-09-15,VIP,18.96,Chinese,1354.0,UPI
14714,50,Male,Pune,2024-05-07,VIP,8.51,South Indian,1291.29,UPI
14715,47,Female,Chennai,2025-07-01,New,3.45,Biryani,345.83,Credit Card
14716,34,Male,Delhi,2026-01-15,VIP,17.87,Indian,1364.8,Credit Card
14717,60,Male,Pune,2026-04-01,VIP,18.41,Chinese,1413.6,UPI
14718,49,Female,Hyderabad,2024-02-16,Regular,5.55,Burgers,367.55,Credit Card
14719,59,Male,Mumbai,2025-05-19,Regular,5.03,Biryani,633.2,Debit Card
14720,31,Male,Chennai,2024-04-24,Regular,5.12,Burgers,297.55,Credit Card
14721,27,Female,Pune,2025-02-19,Regular,7.02,Pizza,301.32,Credit Card
14722,64,Female,Bangalore,2026-02-05,New,2.57,Chinese,286.19,Debit Card
14723,53,Male,Delhi,2024-08-10,Regular,5.64,Desserts,359.99,Wallet
14724,51,Female,Pune,2025-09-27,New,1.78,Desserts,186.51,Credit Card
14725,26,Female,Pune,2025-05-17,Regular,9.35,South Indian,254.09,Wallet
14726,59,Male,Pune,2025-11-02,VIP,9.58,South Indian,1186.07,UPI
14727,45,Female,Mumbai,2026-07-21,Regular,8.09,Biryani,524.18,UPI
14728,28,Male,Bangalore,2024-04-05,Regular,4.7,Indian,332.09,Debit Card
14729,31,Male,Bangalore,2024-04-16,Regular,8.46,Pizza,262.7,UPI
14730,56,Female,Hyderabad,2025-09-23,Regular,4.99,Biryani,460.13,Wallet
14731,64,Other,Mumbai,2025-09-04,Regular,8.12,Burgers,398.73,UPI
14732,36,Male,Pune,2025-09-06,Regular,6.53,Burgers,611.02,Debit Card
14733,32,Male,Chennai,2025-11-08,New,3.65,Indian,339.98,Credit Card
14734,45,Female,Mumbai,2026-07-14,New,2.21,South Indian,215.66,UPI
14735,41,Male,Mumbai,2025-11-28,Regular,4.19,South Indian,381.87,Debit Card
14736,25,Male,Bangalore,2024-02-01,Regular,6.88,Burgers,457.73,Debit Card
14737,60,Male,Hyderabad,2025-05-07,VIP,18.33,Desserts,745.47,Cash
14738,26,Female,Hyderabad,2024-03-06,Regular,7.88,Indian,281.19,UPI
14739,64,Male,Mumbai,2024-06-27,New,3.69,Biryani,335.43,Credit Card
14740,50,Male,Mumbai,2026-02-17,Regular,9.06,Chinese,620.07,Wallet
14741,50,Female,Delhi,2025-03-18,Regular,7.16,Biryani,432.71,UPI
14742,36,Female,Pune,2026-07-04,Regular,5.24,Pizza,531.1,UPI
14743,20,Female,Bangalore,2025-07-02,Regular,4.02,South Indian,293.35,UPI
14744,27,Male,Pune,2024-07-19,Regular,9.88,Biryani,599.67,Cash
14745,57,Female,Chennai,2026-05-19,Regular,9.63,South Indian,295.21,UPI
14746,64,Male,Chennai,2024-02-18,New,1.09,South Indian,326.1,Debit Card
14747,59,Male,Hyderabad,2026-02-25,Regular,7.83,Chinese,297.97,UPI
14748,18,Female,Bangalore,2025-11-10,New,3.38,Desserts,216.38,UPI
14749,46,Male,Pune,2024-09-19,New,2.63,Chinese,169.37,Wallet
14750,51,Male,Hyderabad,2024-05-12,New,2.21,Biryani,378.83,Credit Card
14751,30,Male,Chennai,2026-03-20,New,3.55,Pizza,225.09,Credit Card
14752,18,Male,Mumbai,2024-12-09,VIP,19.14,South Indian,873.2,UPI
14753,51,Male,Bangalore,2024-06-24,New,2.32,Burgers,320.38,UPI
14754,46,Other,Bangalore,2025-01-25,New,1.07,South Indian,204.17,Debit Card
14755,64,Male,Pune,2024-01-11,Regular,6.67,Pizza,424.68,UPI
14756,30,Male,Delhi,2024-07-19,Regular,7.19,Biryani,567.87,Credit Card
14757,46,Male,Pune,2026-07-14,Regular,7.59,Pizza,313.01,UPI
14758,56,Female,Mumbai,2026-03-19,Regular,8.26,Burgers,555.27,Wallet
14759,41,Female,Mumbai,2024-01-03,Regular,7.15,Chinese,282.92,Debit Card
14760,43,Male,Hyderabad,2024-08-01,Regular,8.11,Burgers,572.8,Debit Card
14761,34,Female,Bangalore,2026-03-18,New,2.62,Pizza,236.96,UPI
14762,24,Male,Hyderabad,2024-11-02,VIP,12.4,Burgers,593.03,Credit Card
14763,30,Male,Mumbai,2025-06-27,New,3.7,South Indian,232.37,UPI
14764,22,Male,Delhi,2025-07-13,New,1.45,Pizza,258.0,UPI
14765,43,Male,Bangalore,2024-11-22,Regular,4.52,Desserts,401.91,UPI
14766,20,Male,Mumbai,2026-02-02,Regular,6.66,Biryani,422.52,Wallet
14767,24,Female,Delhi,2024-07-17,Regular,5.55,Chinese,543.49,Cash
14768,56,Male,Pune,2026-07-04,Regular,9.62,Chinese,330.49,Credit Card
14769,18,Female,Chennai,2025-08-23,VIP,9.67,Burgers,749.73,Credit Card
14770,34,Male,Mumbai,2024-04-18,Regular,6.35,Burgers,582.68,UPI
14771,60,Male,Chennai,2024-10-17,New,2.23,Desserts,150.43,UPI
14772,42,Male,Hyderabad,2024-04-17,VIP,8.67,Desserts,1086.07,Wallet
14773,20,Female,Chennai,2025-02-11,Regular,8.89,Burgers,559.2,Debit Card
14774,32,Male,Mumbai,2025-07-05,New,3.33,Biryani,321.61,Credit Card
14775,46,Female,Chennai,2024-02-21,Regular,8.25,South Indian,611.98,Wallet
14776,60,Male,Bangalore,2024-04-21,Regular,5.25,Chinese,386.71,Wallet
14777,49,Male,Mumbai,2024-10-21,New,2.91,Pizza,319.97,UPI
14778,43,Male,Delhi,2025-08-02,Regular,5.0,Pizza,324.02,UPI
14779,33,Male,Chennai,2024-07-07,VIP,16.46,Chinese,681.66,Cash
14780,42,Male,Bangalore,2026-04-23,New,2.45,Biryani,241.45,Debit Card
14781,45,Male,Hyderabad,2025-12-21,Regular,9.14,Desserts,357.04,Wallet
14782,26,Female,Hyderabad,2024-03-05,Regular,7.17,Desserts,683.56,UPI
14783,18,Male,Chennai,2025-07-27,Regular,5.97,Burgers,313.05,UPI
14784,46,Female,Hyderabad,2025-04-09,New,1.34,Indian,379.22,UPI
14785,39,Male,Delhi,2024-09-14,Regular,7.27,Burgers,545.53,UPI
14786,33,Female,Mumbai,2025-10-07,Regular,5.96,Biryani,619.66,Wallet
14787,58,Female,Bangalore,2025-09-25,Regular,9.18,Chinese,421.76,Credit Card
14788,61,Male,Pune,2024-11-26,VIP,13.9,South Indian,973.48,Cash
14789,58,Male,Chennai,2025-05-15,VIP,17.09,Burgers,913.4,UPI
14790,24,Female,Hyderabad,2025-11-13,New,3.6,Desserts,312.78,UPI
14791,31,Female,Mumbai,2024-07-28,New,1.85,Pizza,210.78,UPI
14792,46,Male,Pune,2026-03-18,Regular,4.09,South Indian,578.37,UPI
14793,36,Male,Delhi,2024-03-29,Regular,4.35,Chinese,538.43,Credit Card
14794,36,Female,Hyderabad,2025-11-09,VIP,13.49,Desserts,1114.0,UPI
14795,19,Male,Hyderabad,2024-01-28,Regular,9.47,Indian,386.27,UPI
14796,58,Female,Bangalore,2024-08-25,Regular,8.38,Burgers,394.33,Debit Card
14797,62,Male,Delhi,2024-12-01,New,3.49,South Indian,289.98,UPI
14798,32,Male,Delhi,2024-03-03,Regular,4.19,South Indian,578.12,UPI
14799,20,Female,Chennai,2026-02-05,New,3.97,Pizza,321.75,Credit Card
14800,28,Female,Pune,2026-06-26,New,3.81,Desserts,351.06,Debit Card
14801,63,Male,Bangalore,2025-07-06,VIP,15.04,Burgers,674.11,Wallet
14802,47,Male,Chennai,2025-05-14,Regular,5.55,Indian,363.3,Debit Card
14803,57,Female,Bangalore,2025-06-24,New,2.71,South Indian,177.57,Wallet
14804,35,Female,Delhi,2026-03-01,Regular,7.73,Pizza,592.79,UPI
14805,19,Male,Bangalore,2025-04-13,New,1.3,Desserts,208.67,UPI
14806,49,Female,Bangalore,2025-08-14,Regular,7.96,Burgers,691.95,Wallet
14807,25,Female,Bangalore,2024-02-20,New,1.14,Burgers,310.73,Wallet
14808,39,Female,Mumbai,2024-04-21,VIP,17.9,Desserts,839.07,Debit Card
14809,23,Female,Mumbai,2026-05-22,Regular,4.92,Desserts,408.48,Credit Card
14810,29,Male,Pune,2024-10-27,Regular,4.2,Desserts,487.08,UPI
14811,64,Female,Pune,2024-03-30,New,1.93,Indian,302.11,UPI
14812,57,Female,Delhi,2024-08-16,New,2.76,Pizza,358.47,UPI
14813,53,Male,Bangalore,2024-05-29,Regular,6.57,Desserts,283.15,UPI
14814,32,Male,Delhi,2026-01-24,Regular,5.35,Indian,612.18,Debit Card
14815,45,Male,Mumbai,2024-05-17,New,1.83,South Indian,311.63,UPI
14816,62,Female,Bangalore,2024-05-14,Regular,6.65,Biryani,268.26,UPI
14817,35,Male,Chennai,2025-04-01,Regular,6.07,Desserts,390.92,Cash
14818,19,Female,Mumbai,2025-08-23,Regular,6.66,Chinese,479.79,UPI
14819,30,Female,Mumbai,2025-05-08,New,1.18,Chinese,388.35,UPI
14820,62,Female,Mumbai,2025-06-10,Regular,9.64,Indian,319.86,Debit Card
14821,32,Female,Bangalore,2024-11-28,Regular,9.88,Indian,256.43,Wallet
14822,37,Other,Pune,2024-12-27,New,3.79,Biryani,201.75,UPI
14823,46,Male,Hyderabad,2024-06-22,Regular,9.94,Biryani,275.25,Wallet
14824,59,Female,Chennai,2025-08-24,Regular,5.59,Biryani,414.71,UPI
14825,46,Male,Chennai,2024-07-31,VIP,13.8,Biryani,1004.85,Debit Card
14826,20,Female,Delhi,2024-12-08,Regular,6.44,Desserts,583.46,UPI
14827,36,Male,Bangalore,2024-03-01,New,3.39,Chinese,320.94,UPI
14828,20,Other,Pune,2026-05-25,Regular,5.21,South Indian,612.8,Credit Card
14829,31,Female,Mumbai,2026-01-01,New,2.8,Biryani,287.19,Debit Card
14830,57,Female,Hyderabad,2024-03-01,New,2.13,Biryani,235.31,Debit Card
14831,21,Male,Bangalore,2026-03-29,Regular,5.62,Indian,433.2,Wallet
14832,28,Male,Bangalore,2025-11-08,VIP,13.46,Biryani,786.46,UPI
14833,48,Female,Pune,2025-06-07,Regular,8.48,South Indian,301.84,Debit Card
14834,60,Male,Hyderabad,2024-08-03,New,1.7,Desserts,164.76,UPI
14835,49,Female,Mumbai,2025-08-11,Regular,8.04,Desserts,296.75,Credit Card
14836,44,Male,Bangalore,2026-01-13,New,1.66,South Indian,342.6,Credit Card
14837,47,Female,Chennai,2025-09-15,New,2.62,Desserts,285.56,UPI
14838,60,Male,Chennai,2025-07-31,VIP,17.77,Pizza,1250.96,UPI
14839,19,Female,Hyderabad,2025-11-24,VIP,17.84,Desserts,896.67,Wallet
14840,26,Female,Mumbai,2025-02-26,New,3.39,South Indian,222.79,UPI
14841,45,Male,Hyderabad,2025-12-16,New,2.34,Biryani,205.18,UPI
14842,48,Male,Bangalore,2025-02-26,New,1.97,Desserts,341.91,Credit Card
14843,51,Male,Chennai,2025-01-05,Regular,6.6,Burgers,379.75,UPI
14844,32,Female,Delhi,2024-07-24,VIP,8.77,Biryani,1155.64,UPI
14845,42,Female,Hyderabad,2024-10-12,New,3.09,Chinese,221.4,UPI
14846,53,Female,Delhi,2024-04-14,Regular,5.0,Desserts,250.24,UPI
14847,25,Female,Delhi,2026-01-23,New,2.77,Desserts,399.03,Wallet
14848,26,Male,Pune,2026-01-16,New,2.04,Chinese,241.07,Wallet
14849,54,Male,Chennai,2025-11-18,Regular,7.17,Desserts,348.41,UPI
14850,62,Male,Hyderabad,2025-12-23,Regular,4.12,Indian,251.08,UPI
14851,56,Male,Delhi,2025-06-26,New,1.81,Indian,227.55,Credit Card
14852,49,Other,Bangalore,2026-01-16,New,3.74,Pizza,291.49,UPI
14853,34,Female,Pune,2024-08-29,New,1.89,Biryani,266.68,UPI
14854,52,Male,Mumbai,2025-05-05,Regular,6.96,Pizza,431.3,UPI
14855,54,Female,Pune,2025-10-26,New,3.48,Burgers,378.57,Debit Card
14856,36,Female,Mumbai,2025-12-08,Regular,4.7,Indian,293.13,UPI
14857,61,Male,Chennai,2025-05-12,Regular,9.4,Chinese,414.64,Credit Card
14858,46,Male,Hyderabad,2025-03-10,New,3.17,Burgers,387.32,UPI
14859,24,Male,Hyderabad,2026-02-19,Regular,9.8,Desserts,255.28,Credit Card
14860,45,Female,Mumbai,2025-04-28,New,1.98,Indian,178.42,UPI
14861,26,Other,Bangalore,2025-03-22,Regular,9.42,Burgers,366.87,Wallet
14862,45,Female,Mumbai,2025-01-18,Regular,9.07,Biryani,489.34,Credit Card
14863,23,Male,Mumbai,2025-05-24,Regular,9.36,South Indian,375.45,UPI
14864,46,Male,Hyderabad,2024-06-18,New,2.35,Desserts,261.31,UPI
14865,34,Female,Delhi,2026-05-18,Regular,8.45,Desserts,671.71,UPI
14866,33,Female,Bangalore,2024-11-18,New,1.08,South Indian,192.46,Credit Card
14867,40,Female,Hyderabad,2026-04-27,VIP,18.19,Burgers,581.47,UPI
14868,48,Female,Pune,2025-04-18,Regular,6.82,Indian,695.47,Credit Card
14869,20,Male,Mumbai,2024-08-19,Regular,8.46,South Indian,580.77,UPI
14870,38,Female,Delhi,2025-11-26,Regular,10.0,South Indian,410.02,Debit Card
14871,43,Female,Bangalore,2024-12-24,VIP,12.52,Burgers,542.49,Credit Card
14872,53,Male,Chennai,2024-10-01,VIP,18.15,South Indian,1002.59,Wallet
14873,59,Female,Bangalore,2026-07-30,VIP,16.56,Biryani,1235.13,Wallet
14874,54,Male,Bangalore,2026-06-29,Regular,8.17,Desserts,305.11,Cash
14875,39,Male,Mumbai,2024-02-01,Regular,6.05,Chinese,497.38,UPI
14876,59,Male,Mumbai,2024-06-25,Regular,5.92,South Indian,694.19,Debit Card
14877,29,Male,Chennai,2026-07-05,New,2.32,Biryani,342.15,UPI
14878,59,Male,Chennai,2024-03-05,New,2.76,Desserts,309.64,UPI
14879,30,Male,Chennai,2025-12-10,Regular,8.56,Burgers,656.49,Wallet
14880,28,Female,Hyderabad,2024-01-27,Regular,8.88,South Indian,302.84,UPI
14881,33,Male,Hyderabad,2025-10-24,Regular,7.13,South Indian,670.09,Credit Card
14882,25,Male,Mumbai,2026-03-25,New,1.32,Pizza,391.07,Credit Card
14883,57,Male,Mumbai,2025-04-23,Regular,6.84,Burgers,425.88,UPI
14884,57,Female,Chennai,2024-09-24,New,2.07,Burgers,186.48,Wallet
14885,62,Male,Hyderabad,2025-08-19,Regular,6.17,Biryani,258.63,UPI
14886,19,Male,Delhi,2024-03-06,Regular,9.44,Pizza,419.12,Debit Card
14887,47,Female,Hyderabad,2024-05-12,New,3.32,Pizza,346.57,Wallet
14888,47,Female,Mumbai,2026-06-23,VIP,13.95,Biryani,1493.5,Debit Card
14889,29,Female,Hyderabad,2026-07-04,Regular,5.0,Chinese,582.39,Wallet
14890,27,Female,Mumbai,2024-12-31,VIP,9.02,South Indian,848.27,UPI
14891,61,Male,Chennai,2024-03-22,New,3.94,Indian,267.59,Credit Card
14892,28,Female,Chennai,2026-06-11,New,2.95,Indian,378.29,Credit Card
14893,32,Male,Chennai,2026-04-10,New,3.15,Pizza,316.51,Debit Card
14894,33,Male,Delhi,2024-11-23,New,1.59,Burgers,183.26,UPI
14895,34,Male,Delhi,2024-04-07,New,3.31,Burgers,279.88,Debit Card
14896,43,Female,Mumbai,2025-08-07,New,1.24,Biryani,309.15,UPI
14897,19,Male,Bangalore,2024-11-22,VIP,17.26,Chinese,1299.21,UPI
14898,29,Female,Pune,2025-06-25,VIP,17.17,Indian,973.02,Credit Card
14899,43,Female,Delhi,2024-05-04,VIP,18.94,Desserts,1047.23,Credit Card
14900,40,Male,Mumbai,2024-07-28,VIP,14.94,Desserts,819.74,Cash
14901,35,Female,Hyderabad,2026-02-22,Regular,5.95,Biryani,423.18,Debit Card
14902,49,Female,Chennai,2025-12-25,Regular,8.75,Biryani,348.47,Credit Card
14903,55,Female,Chennai,2024-05-12,New,3.98,Burgers,295.35,UPI
14904,64,Male,Chennai,2025-05-17,New,2.04,Chinese,347.37,UPI
14905,20,Female,Mumbai,2024-06-05,Regular,7.38,Chinese,651.66,Credit Card
14906,55,Male,Chennai,2025-07-12,VIP,10.62,Pizza,1037.35,UPI
14907,20,Female,Delhi,2026-05-18,Regular,8.13,Indian,379.54,Debit Card
14908,47,Female,Hyderabad,2026-05-24,Regular,4.85,Chinese,633.84,UPI
14909,18,Male,Chennai,2025-01-16,New,1.58,Chinese,157.04,UPI
14910,47,Female,Mumbai,2024-01-22,Regular,5.85,Chinese,683.09,Debit Card
14911,62,Female,Hyderabad,2025-08-17,Regular,8.14,Desserts,371.01,Wallet
14912,49,Female,Chennai,2025-02-22,VIP,11.94,Indian,1120.75,UPI
14913,45,Male,Bangalore,2025-04-16,VIP,9.4,Pizza,704.86,UPI
14914,38,Male,Chennai,2024-08-21,Regular,8.87,South Indian,696.48,Cash
14915,63,Other,Pune,2025-07-25,New,3.52,Burgers,303.59,Debit Card
14916,30,Female,Delhi,2025-03-29,New,3.94,Desserts,176.25,Wallet
14917,44,Female,Hyderabad,2025-11-30,Regular,7.1,Biryani,320.8,UPI
14918,53,Male,Delhi,2025-07-23,VIP,9.87,Biryani,519.04,UPI
14919,24,Male,Bangalore,2026-02-09,New,1.41,Indian,300.63,UPI
14920,39,Female,Bangalore,2024-06-10,New,3.49,Desserts,290.79,UPI
14921,27,Female,Pune,2024-10-27,Regular,6.73,Indian,556.74,UPI
14922,56,Male,Delhi,2024-11-01,VIP,11.08,Desserts,1393.98,UPI
14923,32,Female,Hyderabad,2024-01-02,Regular,9.35,Biryani,434.39,Cash
14924,32,Female,Bangalore,2024-09-27,Regular,5.04,Indian,300.87,UPI
14925,21,Male,Bangalore,2025-02-24,Regular,6.55,South Indian,640.5,Debit Card
14926,49,Male,Chennai,2024-05-22,New,1.28,Burgers,257.78,Wallet
14927,40,Male,Pune,2025-11-30,New,2.09,Burgers,194.27,UPI
14928,23,Female,Mumbai,2026-05-13,Regular,8.7,Chinese,497.9,UPI
14929,41,Male,Bangalore,2026-05-02,VIP,18.23,Biryani,807.99,UPI
14930,37,Male,Hyderabad,2026-01-05,Regular,4.15,Biryani,471.28,Wallet
14931,54,Female,Hyderabad,2026-05-28,Regular,8.63,Biryani,573.13,Debit Card
14932,37,Male,Chennai,2025-11-22,Regular,4.49,Chinese,261.71,Credit Card
14933,29,Male,Hyderabad,2025-06-18,Regular,7.85,Biryani,436.05,Wallet
14934,50,Male,Chennai,2026-05-16,New,2.24,Pizza,311.61,UPI
14935,45,Female,Bangalore,2024-02-06,Regular,5.7,Desserts,539.39,UPI
14936,25,Female,Bangalore,2024-04-16,Regular,6.69,Indian,680.81,Credit Card
14937,18,Male,Bangalore,2024-10-23,Regular,4.09,Pizza,531.06,Debit Card
14938,54,Female,Bangalore,2026-01-10,VIP,16.92,Indian,1075.41,UPI
14939,39,Female,Mumbai,2026-04-04,VIP,9.25,Desserts,1320.93,UPI
14940,23,Male,Pune,2024-04-06,New,3.59,Burgers,260.63,Credit Card
14941,38,Male,Pune,2024-10-07,Regular,6.34,Desserts,494.74,UPI
14942,49,Male,Mumbai,2024-04-19,Regular,8.17,Biryani,591.82,Debit Card
14943,52,Male,Bangalore,2025-07-02,Regular,6.15,Desserts,635.61,Credit Card
14944,32,Female,Hyderabad,2025-07-05,Regular,4.97,Pizza,548.3,Credit Card
14945,22,Female,Chennai,2025-08-19,Regular,7.11,Burgers,690.91,Wallet
14946,63,Male,Pune,2026-03-24,VIP,13.91,Desserts,949.0,Debit Card
14947,23,Male,Delhi,2024-07-06,Regular,5.92,Chinese,306.09,UPI
14948,42,Male,Chennai,2026-01-21,VIP,11.55,Biryani,569.67,UPI
14949,63,Female,Delhi,2026-05-19,New,1.63,Desserts,330.1,UPI
14950,57,Male,Delhi,2025-05-02,Regular,5.52,Burgers,674.77,Wallet
14951,46,Female,Bangalore,2024-12-19,Regular,7.08,South Indian,421.09,Debit Card
14952,24,Male,Delhi,2024-01-19,VIP,19.18,Pizza,770.47,Credit Card
14953,57,Female,Bangalore,2026-05-08,Regular,5.9,Biryani,434.75,Wallet
14954,30,Female,Mumbai,2025-01-27,New,2.14,Biryani,161.72,UPI
14955,55,Male,Hyderabad,2026-04-16,Regular,6.76,Indian,648.08,Wallet
14956,35,Female,Delhi,2024-09-17,Regular,7.42,Burgers,669.38,UPI
14957,19,Other,Hyderabad,2025-02-13,Regular,7.54,Biryani,477.14,UPI
14958,25,Male,Bangalore,2025-02-06,Regular,8.94,Biryani,258.24,Debit Card
14959,28,Female,Delhi,2025-10-31,VIP,19.87,Pizza,1395.07,UPI
14960,50,Male,Chennai,2025-04-28,Regular,5.59,Indian,464.63,Debit Card
14961,55,Female,Mumbai,2024-10-30,New,2.63,Biryani,384.92,Debit Card
14962,44,Male,Pune,2025-09-15,Regular,4.01,Biryani,335.23,Debit Card
14963,37,Female,Mumbai,2025-10-17,Regular,9.43,Pizza,318.45,Wallet
14964,29,Female,Delhi,2026-02-06,VIP,9.58,Desserts,1323.09,Credit Card
14965,60,Female,Mumbai,2024-01-18,New,3.84,Pizza,271.98,Wallet
14966,48,Female,Pune,2024-07-02,New,1.04,Desserts,374.46,Credit Card
14967,44,Female,Chennai,2025-02-08,New,3.69,South Indian,263.92,Credit Card
14968,49,Male,Hyderabad,2026-03-09,Regular,9.69,Burgers,680.44,Credit Card
14969,27,Female,Chennai,2026-06-15,New,2.51,Desserts,200.16,Wallet
14970,20,Female,Mumbai,2024-05-10,Regular,7.01,South Indian,353.61,UPI
14971,62,Female,Pune,2025-04-23,Regular,4.99,Chinese,516.45,Debit Card
14972,44,Female,Hyderabad,2026-03-03,Regular,6.0,Biryani,317.73,UPI
14973,52,Female,Pune,2026-01-26,Regular,5.6,Pizza,321.37,UPI
14974,48,Female,Chennai,2024-01-08,VIP,15.18,Desserts,1482.94,Cash
14975,32,Male,Bangalore,2025-12-05,Regular,6.52,Burgers,677.13,UPI
14976,33,Male,Bangalore,2024-11-13,New,1.23,Desserts,370.68,Debit Card
14977,30,Male,Hyderabad,2025-01-25,Regular,4.64,Chinese,628.8,UPI
14978,52,Male,Hyderabad,2025-06-02,Regular,6.91,Biryani,563.07,Wallet
14979,28,Female,Hyderabad,2024-05-15,New,2.06,Chinese,301.62,Debit Card
14980,38,Male,Bangalore,2025-06-14,Regular,8.38,South Indian,461.31,UPI
14981,28,Male,Chennai,2026-07-01,VIP,15.1,Chinese,1295.35,Credit Card
14982,47,Other,Hyderabad,2025-10-12,Regular,6.2,Desserts,535.5,UPI
14983,52,Male,Bangalore,2025-01-01,Regular,8.25,Indian,579.08,UPI
14984,39,Male,Hyderabad,2025-05-03,Regular,6.79,Indian,293.58,Debit Card
14985,55,Male,Hyderabad,2025-11-19,VIP,15.44,Indian,719.55,UPI
14986,48,Male,Pune,2024-01-11,VIP,15.88,Biryani,938.98,Wallet
14987,31,Female,Hyderabad,2025-07-06,Regular,4.8,Chinese,400.81,UPI
14988,41,Female,Bangalore,2025-03-21,Regular,4.69,Biryani,370.81,UPI
14989,49,Female,Chennai,2024-04-23,Regular,4.14,Biryani,439.86,UPI
14990,53,Male,Bangalore,2025-11-22,Regular,5.7,Pizza,380.91,UPI
14991,49,Female,Bangalore,2025-12-06,New,2.81,Burgers,322.72,Credit Card
14992,32,Male,Hyderabad,2024-07-14,Regular,8.2,Indian,343.58,UPI
14993,60,Male,Pune,2026-05-09,Regular,7.23,Indian,538.07,Cash
14994,52,Male,Delhi,2026-01-06,New,2.06,Indian,151.19,Cash
14995,20,Male,Delhi,2026-04-22,New,3.97,South Indian,394.74,Credit Card
14996,33,Male,Delhi,2024-11-18,New,3.87,South Indian,191.91,Credit Card
14997,22,Male,Bangalore,2026-07-24,Regular,9.65,Desserts,268.84,Wallet
14998,38,Other,Hyderabad,2026-02-11,Regular,6.66,Desserts,637.71,Debit Card
14999,27,Male,Delhi,2025-05-26,New,3.26,Indian,257.86,UPI
15000,36,Male,Mumbai,2025-09-19,VIP,17.56,Indian,563.79,Debit Card
